track,var,lead,MASE,sCRPS,RMSE,coverage80,n_windows,model,base_model,context,CRPSS_vs_clim
bmd,Rainfall,1,0.5772019461266882,0.4944143019373634,17.397061994353603,0.6641687482653345,14412,chronos2_ctx2048,chronos2,2048,0.02614784590404251
bmd,Rainfall,3,0.6002520307759746,0.5190000347128326,18.164414722672163,0.7123924507354982,14412,chronos2_ctx2048,chronos2,2048,-0.002559701482339527
bmd,Rainfall,7,0.6308868643879049,0.541182031314713,18.220092355680723,0.6980988065500972,14412,chronos2_ctx2048,chronos2,2048,-0.012230212915009142
bmd,Rainfall,14,0.6313920455585367,0.5414553824644045,18.28035947711358,0.7825423258395782,14412,chronos2_ctx2048,chronos2,2048,-0.011143987942916045
bmd,Rainfall,30,0.6298814309237876,0.5549780801474589,18.740413713587973,0.763669164585068,14412,chronos2_ctx2048,chronos2,2048,-0.009753834453978483
bmd,Temperature,1,0.4967973197920702,0.3898034491283996,1.0835098342385237,0.8036550033429909,13461,chronos2_ctx2048,chronos2,2048,0.3510446267783126
bmd,Temperature,3,0.7042352048041982,0.5464182811828092,1.4840442215648073,0.7688878983730778,13461,chronos2_ctx2048,chronos2,2048,0.13629126099621902
bmd,Temperature,7,0.7099948757862206,0.5499908075313804,1.4879918773898198,0.8083351905504792,13461,chronos2_ctx2048,chronos2,2048,0.07003375136923062
bmd,Temperature,14,0.7235393746003037,0.5611042915072088,1.5145217529316213,0.7994948369363346,13461,chronos2_ctx2048,chronos2,2048,0.05289048260292939
bmd,Temperature,30,0.7630280488874727,0.5889553527524288,1.6025425907642208,0.7811455315355471,13461,chronos2_ctx2048,chronos2,2048,0.05057007773369404
bmd,Humidity,1,0.5713932462677785,0.4466377504986934,4.832433478180629,0.8050076555885797,11103,chronos2_ctx2048,chronos2,2048,0.28908431387016753
bmd,Humidity,3,0.7246382261662836,0.5613082872126756,6.058699348341074,0.7870845717373682,11103,chronos2_ctx2048,chronos2,2048,0.11980918009442887
bmd,Humidity,7,0.7446485770226798,0.5765418926989643,6.211897671737328,0.7905070701612177,11103,chronos2_ctx2048,chronos2,2048,0.07214192741351899
bmd,Humidity,14,0.7560322298078348,0.5851933204694868,6.309929177968489,0.7894262811852653,11103,chronos2_ctx2048,chronos2,2048,0.059135725853527776
bmd,Humidity,30,0.7685053145857118,0.5976355377610189,6.492306407118733,0.793839502837071,11103,chronos2_ctx2048,chronos2,2048,0.05693183452117978
bmd,Sunshine,1,0.6795562936629475,0.5185399612391524,2.665153156177942,0.7715177642336851,13454,chronos2_ctx2048,chronos2,2048,0.18022181083067335
bmd,Sunshine,3,0.8049272623965521,0.6099331023372998,3.0787824844086944,0.7504088003567713,13454,chronos2_ctx2048,chronos2,2048,0.046959685583217614
bmd,Sunshine,7,0.8117379499515643,0.6106568597001009,3.0778342030528765,0.7620781923591496,13454,chronos2_ctx2048,chronos2,2048,0.04509238843078944
bmd,Sunshine,14,0.813660301315364,0.6111324174416409,3.078313483246254,0.7631931024230713,13454,chronos2_ctx2048,chronos2,2048,0.0453967597265027
bmd,Sunshine,30,0.8159827282837377,0.6216202669870632,3.114563263576377,0.7527872751598038,13454,chronos2_ctx2048,chronos2,2048,0.04820340912700305
ghcn_bangladesh,Rainfall,1,1.1947809669422915,1.0191474844130124,20.44520904407448,0.5727902946273831,1154,chronos2_ctx2048,chronos2,2048,0.08583602147993785
ghcn_bangladesh,Rainfall,3,1.3369367490630035,1.1491962698766938,27.14794722267353,0.6473136915077989,1154,chronos2_ctx2048,chronos2,2048,0.030493919308035022
ghcn_bangladesh,Rainfall,7,1.3212725876774016,1.128483549392987,21.30637906056358,0.6152512998266898,1154,chronos2_ctx2048,chronos2,2048,0.027470722654051705
ghcn_bangladesh,Rainfall,14,1.3125366725244023,1.1221805259121067,20.67090808038014,0.6923743500866552,1154,chronos2_ctx2048,chronos2,2048,0.03236392905631291
ghcn_bangladesh,Rainfall,30,1.1756761960404702,1.0094430939631585,21.037700436400705,0.6741767764298093,1154,chronos2_ctx2048,chronos2,2048,0.02608249076727509
ghcn_bangladesh,Tavg,1,0.4972261285396208,0.3932346694751153,1.1718806820788867,0.8058186738836265,1478,chronos2_ctx2048,chronos2,2048,0.31903034144939213
ghcn_bangladesh,Tavg,3,0.6619897318279611,0.5183952580809519,1.523887659595531,0.7706359945872802,1478,chronos2_ctx2048,chronos2,2048,0.15325472380313443
ghcn_bangladesh,Tavg,7,0.6790065363480606,0.5259642714876304,1.5328112150358926,0.8017591339648173,1478,chronos2_ctx2048,chronos2,2048,0.08852333520541333
ghcn_bangladesh,Tavg,14,0.6923403585511572,0.5389802841944835,1.581297149759698,0.7976995940460081,1478,chronos2_ctx2048,chronos2,2048,0.07186524036683872
ghcn_bangladesh,Tavg,30,0.727637095977065,0.5681371639711802,1.6730181769209775,0.7855209742895806,1478,chronos2_ctx2048,chronos2,2048,0.07467144226537126
ghcn_temperate,Rainfall,1,0.5599546443108342,0.4887198548298908,4.721627742497817,0.3996955859969558,9855,chronos2_ctx2048,chronos2,2048,0.025680690524979122
ghcn_temperate,Rainfall,3,0.6265741852449387,0.5560155254575279,5.29915921361912,0.4254693049213597,9855,chronos2_ctx2048,chronos2,2048,-0.0012895541991106985
ghcn_temperate,Rainfall,7,0.622922964225642,0.5527496735023562,5.306865496272205,0.4333840690005073,9855,chronos2_ctx2048,chronos2,2048,-0.008534406309970155
ghcn_temperate,Rainfall,14,0.6222185760323189,0.5511353608725663,5.284415555508979,0.4753932014205986,9855,chronos2_ctx2048,chronos2,2048,-0.008418158598199499
ghcn_temperate,Rainfall,30,0.5942558767477184,0.5319307701794708,5.07338007976263,0.4702181633688483,9855,chronos2_ctx2048,chronos2,2048,-0.009391044874870635
ghcn_temperate,Tavg,1,0.3996899556944097,0.3120501931007792,2.038988688496205,0.8417711720080507,12918,chronos2_ctx2048,chronos2,2048,0.4379324291287665
ghcn_temperate,Tavg,3,0.6154175772206955,0.4777743729433197,3.0981895449382284,0.7874283944883109,12918,chronos2_ctx2048,chronos2,2048,0.1518662071139093
ghcn_temperate,Tavg,7,0.6654800023592784,0.5153540650965381,3.347137141222629,0.7915311967796873,12918,chronos2_ctx2048,chronos2,2048,0.08376823722050963
ghcn_temperate,Tavg,14,0.676212210990523,0.5227229200604454,3.3869705265455106,0.7991949218145223,12918,chronos2_ctx2048,chronos2,2048,0.07070871589489247
ghcn_temperate,Tavg,30,0.6649373251001868,0.5156797514755966,3.346996627436958,0.8075553491252516,12918,chronos2_ctx2048,chronos2,2048,0.08308588002720152
nasa_power_bmd,PRECTOTCORR,1,1.1612150955982496,0.9495310419695931,15.806393497623596,0.632919254658385,14490,chronos2_ctx2048,chronos2,2048,0.3177445556071554
nasa_power_bmd,PRECTOTCORR,3,1.4740762866916013,1.2190896684398616,20.99647670322089,0.6933057280883368,14490,chronos2_ctx2048,chronos2,2048,0.14168422497850575
nasa_power_bmd,PRECTOTCORR,7,1.4341207551134296,1.198593918949774,19.70250862190891,0.6788819875776397,14490,chronos2_ctx2048,chronos2,2048,0.11533861928004863
nasa_power_bmd,PRECTOTCORR,14,1.437743266189293,1.199135747602863,19.703868938831363,0.6687370600414079,14490,chronos2_ctx2048,chronos2,2048,0.11493587482701983
nasa_power_bmd,PRECTOTCORR,30,1.5994649271119037,1.355000707225801,22.417929505028916,0.6823326432022084,14490,chronos2_ctx2048,chronos2,2048,0.11029067416948002
nasa_power_bmd,T2M,1,0.3707441995071725,0.2915548040145604,0.7054629315646446,0.8342305037957212,14490,chronos2_ctx2048,chronos2,2048,0.5264450141124322
nasa_power_bmd,T2M,3,0.6010400500079726,0.4656074532741728,1.1458188883744198,0.7760524499654935,14490,chronos2_ctx2048,chronos2,2048,0.2728829906738597
nasa_power_bmd,T2M,7,0.6545302163786384,0.5111600489451664,1.2468599153086322,0.786887508626639,14490,chronos2_ctx2048,chronos2,2048,0.167021465651789
nasa_power_bmd,T2M,14,0.6914631511449381,0.5415157275512976,1.3269835044088318,0.7851621808143547,14490,chronos2_ctx2048,chronos2,2048,0.1199974196822442
nasa_power_bmd,T2M,30,0.7427445415949238,0.5765104968291626,1.4380430127385595,0.7723257418909593,14490,chronos2_ctx2048,chronos2,2048,0.0788168132502216
nasa_power_bmd,RH2M,1,0.3481464169537654,0.2742037265705986,4.236477070037989,0.8082125603864734,14490,chronos2_ctx2048,chronos2,2048,0.6254313331996906
nasa_power_bmd,RH2M,3,0.4884659666205376,0.3785127793774874,5.966418765091081,0.808695652173913,14490,chronos2_ctx2048,chronos2,2048,0.48181695100816024
nasa_power_bmd,RH2M,7,0.5490141423041748,0.4264966664783858,6.735581065109213,0.7875086266390614,14490,chronos2_ctx2048,chronos2,2048,0.4185288352139752
nasa_power_bmd,RH2M,14,0.5772495940568559,0.4464950958474499,7.04434473046954,0.7820565907522429,14490,chronos2_ctx2048,chronos2,2048,0.3912693687021903
nasa_power_bmd,RH2M,30,0.626225947042064,0.4845207196154555,7.742760790075789,0.7699792960662526,14490,chronos2_ctx2048,chronos2,2048,0.35591072542838564
nasa_power_bmd,ALLSKY_SFC_SW_DWN,1,0.58411362010235,0.4603813175429094,3.506765686809874,0.7944099378881988,14490,chronos2_ctx2048,chronos2,2048,0.2329904365683072
nasa_power_bmd,ALLSKY_SFC_SW_DWN,3,0.7178912803448408,0.5619719078791684,4.136988329445251,0.7597653554175293,14490,chronos2_ctx2048,chronos2,2048,0.05558321983325165
nasa_power_bmd,ALLSKY_SFC_SW_DWN,7,0.7309812774673803,0.5687248227211129,4.222741790633662,0.7893029675638371,14490,chronos2_ctx2048,chronos2,2048,0.05172214932543251
nasa_power_bmd,ALLSKY_SFC_SW_DWN,14,0.7289657283692621,0.5680781700904114,4.21751711312398,0.789648033126294,14490,chronos2_ctx2048,chronos2,2048,0.052917915993591635
nasa_power_bmd,ALLSKY_SFC_SW_DWN,30,0.7514935769623465,0.5902675018710821,4.375395904772569,0.770600414078675,14490,chronos2_ctx2048,chronos2,2048,0.04441736729216483
nasa_power_ghcn_bangladesh,PRECTOTCORR,1,1.1024660993591135,0.898728315750575,16.33679016778906,0.6429951690821256,4140,chronos2_ctx2048,chronos2,2048,0.3014239978441987
nasa_power_ghcn_bangladesh,PRECTOTCORR,3,1.3525690931722567,1.112985837656809,20.700075350163708,0.7019323671497585,4140,chronos2_ctx2048,chronos2,2048,0.1247528312204137
nasa_power_ghcn_bangladesh,PRECTOTCORR,7,1.321809407471895,1.099140170446454,19.399912179570812,0.6867149758454106,4140,chronos2_ctx2048,chronos2,2048,0.09752799623629282
nasa_power_ghcn_bangladesh,PRECTOTCORR,14,1.3253798741353449,1.098999108153618,19.39307816978148,0.6772946859903382,4140,chronos2_ctx2048,chronos2,2048,0.0976432521848164
nasa_power_ghcn_bangladesh,PRECTOTCORR,30,1.4846760829633685,1.2443924695497488,21.53032281635245,0.68743961352657,4140,chronos2_ctx2048,chronos2,2048,0.09944855938208663
nasa_power_ghcn_bangladesh,T2M,1,0.3701043865175888,0.2911356804815209,0.7188003672579056,0.8316425120772947,4140,chronos2_ctx2048,chronos2,2048,0.5209828677847922
nasa_power_ghcn_bangladesh,T2M,3,0.5927686649744267,0.4600398160602976,1.1557986958748845,0.7765700483091788,4140,chronos2_ctx2048,chronos2,2048,0.2673180106609715
nasa_power_ghcn_bangladesh,T2M,7,0.6504818925282642,0.5079391829447895,1.2648952460988994,0.7874396135265701,4140,chronos2_ctx2048,chronos2,2048,0.16195097211753662
nasa_power_ghcn_bangladesh,T2M,14,0.6844002582954279,0.5361002467441923,1.3424107058455474,0.7862318840579711,4140,chronos2_ctx2048,chronos2,2048,0.11776246996107742
nasa_power_ghcn_bangladesh,T2M,30,0.7295895638096801,0.5664479242578218,1.4462746507968178,0.7753623188405797,4140,chronos2_ctx2048,chronos2,2048,0.07624619684775125
nasa_power_ghcn_temperate,PRECTOTCORR,1,0.62071333277505,0.5195063109508226,3.8639497505065266,0.5820501207729468,13248,chronos2_ctx2048,chronos2,2048,0.06516232147263823
nasa_power_ghcn_temperate,PRECTOTCORR,3,0.7133983182939588,0.6043323934912153,4.262740977056076,0.5957125603864735,13248,chronos2_ctx2048,chronos2,2048,0.0022137924160670064
nasa_power_ghcn_temperate,PRECTOTCORR,7,0.6732554782391689,0.5676491793312589,4.156770342307143,0.6002415458937198,13248,chronos2_ctx2048,chronos2,2048,-0.006061554714936523
nasa_power_ghcn_temperate,PRECTOTCORR,14,0.6704834796252357,0.5663123557591341,4.145326957846755,0.6031099033816425,13248,chronos2_ctx2048,chronos2,2048,-0.006839715861356899
nasa_power_ghcn_temperate,PRECTOTCORR,30,0.6891361229707345,0.5819731826007372,4.208309884920643,0.6071859903381642,13248,chronos2_ctx2048,chronos2,2048,-0.010633263452961117
nasa_power_ghcn_temperate,T2M,1,0.380116523788401,0.2971162232530447,1.843218656843438,0.8524305555555556,13248,chronos2_ctx2048,chronos2,2048,0.4660726259927027
nasa_power_ghcn_temperate,T2M,3,0.6132971020086057,0.4748399844642991,2.900312623892182,0.7840428743961353,13248,chronos2_ctx2048,chronos2,2048,0.1623296779410296
nasa_power_ghcn_temperate,T2M,7,0.6673609616868826,0.5156349959142031,3.152461385535136,0.7890247584541062,13248,chronos2_ctx2048,chronos2,2048,0.08821012846552101
nasa_power_ghcn_temperate,T2M,14,0.6828891436830927,0.5275586997033941,3.2231051991943405,0.7931763285024155,13248,chronos2_ctx2048,chronos2,2048,0.0680127073571678
nasa_power_ghcn_temperate,T2M,30,0.6755888218836171,0.522562661342096,3.1875111045434386,0.8020833333333334,13248,chronos2_ctx2048,chronos2,2048,0.07511275760927705
bmd,Rainfall,1,0.5930045291487034,0.508085195042077,17.340157167691668,0.6568137663058562,14412,chronos2_ctx336,chronos2,336,-0.0007798312409597052
bmd,Rainfall,3,0.6180486428708667,0.5341863459110396,18.12289124791099,0.7266860949208993,14412,chronos2_ctx336,chronos2,336,-0.03189531343449792
bmd,Rainfall,7,0.6491207014486033,0.5627465189193197,18.34247388167791,0.6662503469331112,14412,chronos2_ctx336,chronos2,336,-0.05256456368121265
bmd,Rainfall,14,0.6489749369122754,0.5631058858439252,18.369268603832225,0.7853177907299472,14412,chronos2_ctx336,chronos2,336,-0.05157534579275569
bmd,Rainfall,30,0.6462253063045028,0.5795196741703834,18.924510730597977,0.7758812101026922,14412,chronos2_ctx336,chronos2,336,-0.05440599199806839
bmd,Temperature,1,0.5159006782318989,0.4060072441093419,1.1237858841926045,0.7650248867097541,13461,chronos2_ctx336,chronos2,336,0.32406810863056945
bmd,Temperature,3,0.7517888516541205,0.5860034679530448,1.5766938106199568,0.733229329173167,13461,chronos2_ctx336,chronos2,336,0.07372001672060746
bmd,Temperature,7,0.8427758458369783,0.6495361214578305,1.7389421445278772,0.7730480647797341,13461,chronos2_ctx336,chronos2,336,-0.09828502940543005
bmd,Temperature,14,0.9349275717902537,0.722397097613659,1.9447249122135757,0.7717851571205705,13461,chronos2_ctx336,chronos2,336,-0.2193618492064715
bmd,Temperature,30,1.1726989318327268,0.9092529435309024,2.4976423017340283,0.7601218334447664,13461,chronos2_ctx336,chronos2,336,-0.4657680713190435
bmd,Humidity,1,0.5761626417821817,0.4528470121586232,4.887666459882578,0.7852832567774476,11103,chronos2_ctx336,chronos2,336,0.2792009990173592
bmd,Humidity,3,0.7446451835531891,0.580090821663439,6.226827546356422,0.774385301269927,11103,chronos2_ctx336,chronos2,336,0.09035617757380487
bmd,Humidity,7,0.7936826646453549,0.6184925753368157,6.626687894086037,0.7809601008736378,11103,chronos2_ctx336,chronos2,336,0.004628568837218849
bmd,Humidity,14,0.8291676643155093,0.6453008760518959,6.924339862935677,0.7807799693776457,11103,chronos2_ctx336,chronos2,336,-0.037504221452075326
bmd,Humidity,30,0.8606947398456934,0.6710870369525243,7.217884089913795,0.7925785823651266,11103,chronos2_ctx336,chronos2,336,-0.05897454355953857
bmd,Sunshine,1,0.6923185228032933,0.5286084243450349,2.7350435470319923,0.7798424260442991,13454,chronos2_ctx336,chronos2,336,0.16430422092509656
bmd,Sunshine,3,0.8452388623668717,0.6359723382320449,3.195751050103586,0.7604429909320648,13454,chronos2_ctx336,chronos2,336,0.006272532403299058
bmd,Sunshine,7,0.8608170223776702,0.6446837016456036,3.2139095301254383,0.7637133937862346,13454,chronos2_ctx336,chronos2,336,-0.008116692668177494
bmd,Sunshine,14,0.8751940249419387,0.6531117321906118,3.235735752908101,0.7641593578118032,13454,chronos2_ctx336,chronos2,336,-0.020175919352749982
bmd,Sunshine,30,0.9135681411158222,0.6831125524043945,3.355333113040616,0.7619295376839602,13454,chronos2_ctx336,chronos2,336,-0.045950772667753936
ghcn_bangladesh,Rainfall,1,1.2233652107237671,1.0362909837084588,20.46457396089609,0.6334488734835355,1154,chronos2_ctx336,chronos2,336,0.07045849294616768
ghcn_bangladesh,Rainfall,3,1.3537687570044743,1.1768068820223558,27.123213045020822,0.6785095320623917,1154,chronos2_ctx336,chronos2,336,0.0072005471761197315
ghcn_bangladesh,Rainfall,7,1.3458099963724104,1.1770911621940785,21.422541501053363,0.6109185441941074,1154,chronos2_ctx336,chronos2,336,-0.01441941085864773
ghcn_bangladesh,Rainfall,14,1.3325440932927315,1.159633395378362,20.80553144207833,0.7001733102253033,1154,chronos2_ctx336,chronos2,336,6.899377712732413e-05
ghcn_bangladesh,Rainfall,30,1.195842403391472,1.0496236377095851,21.218349003329948,0.6923743500866552,1154,chronos2_ctx336,chronos2,336,-0.012683968995700567
ghcn_bangladesh,Tavg,1,0.5190760145721671,0.4081074654651028,1.2180326156859045,0.7875507442489851,1478,chronos2_ctx336,chronos2,336,0.2932749246634988
ghcn_bangladesh,Tavg,3,0.7213790990694969,0.5644807717350115,1.659556655510675,0.7523680649526387,1478,chronos2_ctx336,chronos2,336,0.07797878256065593
ghcn_bangladesh,Tavg,7,0.810452530746535,0.6257281392667803,1.8086979478865564,0.7746955345060893,1478,chronos2_ctx336,chronos2,336,-0.08436376454597383
ghcn_bangladesh,Tavg,14,0.9131063424576972,0.7052990386113582,2.042681108470119,0.7503382949932341,1478,chronos2_ctx336,chronos2,336,-0.21453895971238324
ghcn_bangladesh,Tavg,30,1.0956206405022124,0.8616161071844054,2.522925488389397,0.7300405953991881,1478,chronos2_ctx336,chronos2,336,-0.4033195508792917
ghcn_temperate,Rainfall,1,0.5631474960868896,0.4945811347508216,4.711270323343108,0.5098934550989346,9855,chronos2_ctx336,chronos2,336,0.013995554042875447
ghcn_temperate,Rainfall,3,0.6294245099985196,0.5610218921208017,5.285508526123256,0.5134449518011162,9855,chronos2_ctx336,chronos2,336,-0.010305170517201478
ghcn_temperate,Rainfall,7,0.6273477500881385,0.5637493123749351,5.303316724518136,0.4994419076610857,9855,chronos2_ctx336,chronos2,336,-0.02860409570424749
ghcn_temperate,Rainfall,14,0.6259055858663993,0.5615938826809209,5.284323272467806,0.5559614408929477,9855,chronos2_ctx336,chronos2,336,-0.027554225801259324
ghcn_temperate,Rainfall,30,0.5972124530804571,0.5418244588110488,5.071171179674706,0.5509893455098934,9855,chronos2_ctx336,chronos2,336,-0.028165293828593896
ghcn_temperate,Tavg,1,0.4070247919915344,0.3175064173528675,2.0700139824313712,0.8243536151106983,12918,chronos2_ctx336,chronos2,336,0.4281046296935983
ghcn_temperate,Tavg,3,0.6289734377825624,0.4904983992590461,3.169590376637438,0.7657532125716056,12918,chronos2_ctx336,chronos2,336,0.12927881584497714
ghcn_temperate,Tavg,7,0.6905073104124211,0.5365655747598738,3.4599313741252704,0.7788357330856169,12918,chronos2_ctx336,chronos2,336,0.04605696218397415
ghcn_temperate,Tavg,14,0.7107017654042361,0.5523532278140646,3.545591196103356,0.7876606285802756,12918,chronos2_ctx336,chronos2,336,0.01803226784932699
ghcn_temperate,Tavg,30,0.7203339182038553,0.5595605060818387,3.591383813272836,0.803065490013934,12918,chronos2_ctx336,chronos2,336,0.005062875675383771
nasa_power_bmd,PRECTOTCORR,1,1.1916119665723066,0.969587700014768,15.940577755122128,0.6899240855762595,14490,chronos2_ctx336,chronos2,336,0.303333479462386
nasa_power_bmd,PRECTOTCORR,3,1.522304535390072,1.2579090279969758,21.07928406120548,0.7393374741200828,14490,chronos2_ctx336,chronos2,336,0.1143529551411171
nasa_power_bmd,PRECTOTCORR,7,1.485248170169542,1.2483600260423695,19.903417726398192,0.6767425810904072,14490,chronos2_ctx336,chronos2,336,0.07860711887983896
nasa_power_bmd,PRECTOTCORR,14,1.4950597453963277,1.244934416289731,19.847399228338976,0.7095928226363009,14490,chronos2_ctx336,chronos2,336,0.08113256380367573
nasa_power_bmd,PRECTOTCORR,30,1.675722043887043,1.4138642067705445,22.53127292605533,0.7097308488612837,14490,chronos2_ctx336,chronos2,336,0.07164021131975729
nasa_power_bmd,T2M,1,0.3785001407584201,0.2972225711048822,0.7243331041749541,0.7862663906142167,14490,chronos2_ctx336,chronos2,336,0.5172391998795193
nasa_power_bmd,T2M,3,0.6381293549251341,0.495595575949793,1.199034217851351,0.7521739130434782,14490,chronos2_ctx336,chronos2,336,0.22605196612330858
nasa_power_bmd,T2M,7,0.7794061839601241,0.6094469725304033,1.47968200851592,0.7851621808143547,14490,chronos2_ctx336,chronos2,336,0.006854610431834773
nasa_power_bmd,T2M,14,0.912675397734865,0.7139128434356486,1.733297729848284,0.8015873015873016,14490,chronos2_ctx336,chronos2,336,-0.1601604761993609
nasa_power_bmd,T2M,30,1.2122969759875235,0.9463669282828068,2.3285179829153795,0.801863354037267,14490,chronos2_ctx336,chronos2,336,-0.512162064047359
nasa_power_bmd,RH2M,1,0.3590423745700439,0.2821559367255021,4.344284622717571,0.7934437543133195,14490,chronos2_ctx336,chronos2,336,0.6145684292082265
nasa_power_bmd,RH2M,3,0.4975196962081042,0.3866738206130838,6.046835588381788,0.80703933747412,14490,chronos2_ctx336,chronos2,336,0.4706445059526341
nasa_power_bmd,RH2M,7,0.5873793551276159,0.4573101921997251,7.1283095873789355,0.7761904761904762,14490,chronos2_ctx336,chronos2,336,0.37651871391503344
nasa_power_bmd,RH2M,14,0.6333563303004862,0.4893627923720716,7.631799608137031,0.7721877156659765,14490,chronos2_ctx336,chronos2,336,0.33282554656302954
nasa_power_bmd,RH2M,30,0.7086719174176407,0.5471890070292295,8.501823321471091,0.7639061421670117,14490,chronos2_ctx336,chronos2,336,0.2726037167807094
nasa_power_bmd,ALLSKY_SFC_SW_DWN,1,0.5940744220996252,0.4695088775139904,3.5477275029109028,0.772256728778468,14490,chronos2_ctx336,chronos2,336,0.21778363837332415
nasa_power_bmd,ALLSKY_SFC_SW_DWN,3,0.7468277508230596,0.5867059778189744,4.254598593985736,0.7551414768806073,14490,chronos2_ctx336,chronos2,336,0.014016603485600965
nasa_power_bmd,ALLSKY_SFC_SW_DWN,7,0.7784632665963297,0.6103538163370011,4.449908142883261,0.7866804692891649,14490,chronos2_ctx336,chronos2,336,-0.017689015819327913
nasa_power_bmd,ALLSKY_SFC_SW_DWN,14,0.7876079190865116,0.618641364310421,4.4760443889822685,0.8021394064872326,14490,chronos2_ctx336,chronos2,336,-0.03137945341295678
nasa_power_bmd,ALLSKY_SFC_SW_DWN,30,0.8652078476155756,0.6867788071224328,4.841788308887856,0.7703933747412008,14490,chronos2_ctx336,chronos2,336,-0.11182455161038996
nasa_power_ghcn_bangladesh,PRECTOTCORR,1,1.1227600589612703,0.9135612288409258,16.416362105106167,0.6929951690821256,4140,chronos2_ctx336,chronos2,336,0.28989446556466003
nasa_power_ghcn_bangladesh,PRECTOTCORR,3,1.398181230859278,1.149135540558375,20.79139784665611,0.7478260869565218,4140,chronos2_ctx336,chronos2,336,0.09632486381390015
nasa_power_ghcn_bangladesh,PRECTOTCORR,7,1.3687066649848725,1.1433448777631687,19.520613634879012,0.6833333333333333,4140,chronos2_ctx336,chronos2,336,0.061232797625091595
nasa_power_ghcn_bangladesh,PRECTOTCORR,14,1.379886504617238,1.143244073523623,19.512094438421123,0.7115942028985507,4140,chronos2_ctx336,chronos2,336,0.06131497606314695
nasa_power_ghcn_bangladesh,PRECTOTCORR,30,1.555259822646488,1.3013261693906122,21.69408391420001,0.7205314009661836,4140,chronos2_ctx336,chronos2,336,0.058246344915175885
nasa_power_ghcn_bangladesh,T2M,1,0.3765529475259058,0.29676141936687,0.7373403565774097,0.7845410628019324,4140,chronos2_ctx336,chronos2,336,0.5117266155006529
nasa_power_ghcn_bangladesh,T2M,3,0.6316971703647889,0.4910948539300099,1.2116621744450538,0.7545893719806763,4140,chronos2_ctx336,chronos2,336,0.2178582332003236
nasa_power_ghcn_bangladesh,T2M,7,0.7717872650718846,0.6030709201929623,1.498128799767921,0.7814009661835749,4140,chronos2_ctx336,chronos2,336,0.004993087003430596
nasa_power_ghcn_bangladesh,T2M,14,0.8915940885641757,0.6985578890435203,1.7395972550195622,0.8009661835748793,4140,chronos2_ctx336,chronos2,336,-0.14958720941054215
nasa_power_ghcn_bangladesh,T2M,30,1.175016587879654,0.917539668447912,2.316965926093992,0.8028985507246377,4140,chronos2_ctx336,chronos2,336,-0.49630834887838926
nasa_power_ghcn_temperate,PRECTOTCORR,1,0.6259949649672055,0.5241933097410325,3.8534534906692945,0.5852958937198067,13248,chronos2_ctx336,chronos2,336,0.05672819280867447
nasa_power_ghcn_temperate,PRECTOTCORR,3,0.718447749530372,0.6106381745131901,4.255380290449107,0.592391304347826,13248,chronos2_ctx336,chronos2,336,-0.008197400827146817
nasa_power_ghcn_temperate,PRECTOTCORR,7,0.6800504713503626,0.5790205726974352,4.1592752032431095,0.592542270531401,13248,chronos2_ctx336,chronos2,336,-0.02621541401008809
nasa_power_ghcn_temperate,PRECTOTCORR,14,0.6778085562393715,0.5782496436244965,4.155070322553384,0.5994867149758454,13248,chronos2_ctx336,chronos2,336,-0.028062871952319268
nasa_power_ghcn_temperate,PRECTOTCORR,30,0.6983477922204007,0.59417187948002,4.222631583784208,0.6018266908212561,13248,chronos2_ctx336,chronos2,336,-0.03181707261387401
nasa_power_ghcn_temperate,T2M,1,0.3857847321574141,0.3013394675985745,1.86585958167594,0.8322765700483091,13248,chronos2_ctx336,chronos2,336,0.4584833205737272
nasa_power_ghcn_temperate,T2M,3,0.6255350452040908,0.4873925831429077,2.973121203095713,0.7604921497584541,13248,chronos2_ctx336,chronos2,336,0.1401855036469256
nasa_power_ghcn_temperate,T2M,7,0.6981993677030761,0.5410189926165889,3.2802702343270185,0.7791364734299517,13248,chronos2_ctx336,chronos2,336,0.04332397590470638
nasa_power_ghcn_temperate,T2M,14,0.7274953167156731,0.5648227569335966,3.4108692948864534,0.7856280193236715,13248,chronos2_ctx336,chronos2,336,0.0021818759626900386
nasa_power_ghcn_temperate,T2M,30,0.7418307205310397,0.574305353518431,3.450306936914484,0.8067632850241546,13248,chronos2_ctx336,chronos2,336,-0.016466988555391193
bmd,Rainfall,1,0.5764936935643182,0.4939887338450907,17.491750536229034,0.5849292256452956,14412,chronos2_ctx4096,chronos2,4096,0.026986091079698515
bmd,Rainfall,3,0.5992153555161901,0.5187631311467704,18.232425645294345,0.6600055509297807,14412,chronos2_ctx4096,chronos2,4096,-0.0021020715158928116
bmd,Rainfall,7,0.6304744663642293,0.5402550212176104,18.255698208982732,0.6629197890646683,14412,chronos2_ctx4096,chronos2,4096,-0.010496327505538083
bmd,Rainfall,14,0.631312572575479,0.5404529570570173,18.31219773650414,0.7384124340827088,14412,chronos2_ctx4096,chronos2,4096,-0.009272002813823121
bmd,Rainfall,30,0.6288876525811041,0.5536555695970309,18.75367096636369,0.7276575076325285,14412,chronos2_ctx4096,chronos2,4096,-0.007347595095757997
bmd,Temperature,1,0.4951106970465823,0.3884024759893582,1.0834195772648303,0.8053636431171532,13461,chronos2_ctx4096,chronos2,4096,0.3533770049251789
bmd,Temperature,3,0.7020053102071567,0.5450432483442403,1.4809339528056669,0.7620533392764282,13461,chronos2_ctx4096,chronos2,4096,0.13846473856823271
bmd,Temperature,7,0.7087466381860587,0.5488109919037999,1.4858608215328462,0.8047693336304881,13461,chronos2_ctx4096,chronos2,4096,0.07202867328107443
bmd,Temperature,14,0.7233421000542054,0.5610732534621544,1.5155928735548734,0.793626030755516,13461,chronos2_ctx4096,chronos2,4096,0.052942872913103955
bmd,Temperature,30,0.760950149742286,0.5875954412974991,1.5991921307917696,0.7741623950672313,13461,chronos2_ctx4096,chronos2,4096,0.052762333260210514
bmd,Humidity,1,0.5708881568384943,0.4460985628605974,4.82695608030384,0.805728181572548,11103,chronos2_ctx4096,chronos2,4096,0.28994254170527944
bmd,Humidity,3,0.7224727892121391,0.5592684967560025,6.037833415977822,0.7885256237053049,11103,chronos2_ctx4096,chronos2,4096,0.12300778748255448
bmd,Humidity,7,0.7418782910074642,0.5743745222107406,6.18928618816394,0.7921282536251464,11103,chronos2_ctx4096,chronos2,4096,0.07562998652813058
bmd,Humidity,14,0.7523876515133386,0.5823586717269049,6.276759526766953,0.7889759524452851,11103,chronos2_ctx4096,chronos2,4096,0.06369322785903564
bmd,Humidity,30,0.7629062416355582,0.5935907972298509,6.452713977974053,0.7942898315770512,11103,chronos2_ctx4096,chronos2,4096,0.06331443025311523
bmd,Sunshine,1,0.6791173992105916,0.5184335488742596,2.660349220406417,0.772855656310391,13454,chronos2_ctx4096,chronos2,4096,0.1803900419069987
bmd,Sunshine,3,0.8044244866848758,0.6097367028508407,3.0802900027057603,0.7477330162033596,13454,chronos2_ctx4096,chronos2,4096,0.04726656616997216
bmd,Sunshine,7,0.8087306287719614,0.6089689461518972,3.0684769286399898,0.7606659729448492,13454,chronos2_ctx4096,chronos2,4096,0.04773184374722039
bmd,Sunshine,14,0.8106213768475646,0.6094368961328974,3.0693844296698205,0.7631187750854764,13454,chronos2_ctx4096,chronos2,4096,0.04804520397374945
bmd,Sunshine,30,0.8136848999615987,0.6206365906834018,3.1098950278775717,0.7518210197710719,13454,chronos2_ctx4096,chronos2,4096,0.04970956940212634
ghcn_bangladesh,Rainfall,1,1.2026969319313066,1.0246693214181508,20.73471998134255,0.5597920277296361,1154,chronos2_ctx4096,chronos2,4096,0.0808829949920552
ghcn_bangladesh,Rainfall,3,1.338922627241012,1.148728165917143,27.269551845367296,0.6291161178509532,1154,chronos2_ctx4096,chronos2,4096,0.030888829774659676
ghcn_bangladesh,Rainfall,7,1.3235013743211146,1.1276521361210006,21.389983363400223,0.6221837088388215,1154,chronos2_ctx4096,chronos2,4096,0.028187236199167853
ghcn_bangladesh,Rainfall,14,1.3157819938407214,1.121298355418586,20.74067299966716,0.7001733102253033,1154,chronos2_ctx4096,chronos2,4096,0.03312460879592882
ghcn_bangladesh,Rainfall,30,1.175198395183361,1.008642520205243,21.104376439707487,0.7027729636048526,1154,chronos2_ctx4096,chronos2,4096,0.026854889731544596
ghcn_bangladesh,Tavg,1,0.5018989146816052,0.3961237859145592,1.179288940109239,0.8085250338294994,1478,chronos2_ctx4096,chronos2,4096,0.31402722044302944
ghcn_bangladesh,Tavg,3,0.661776763013938,0.5181109488169362,1.521168288197453,0.7699594046008119,1478,chronos2_ctx4096,chronos2,4096,0.15371911371128189
ghcn_bangladesh,Tavg,7,0.6801768257500408,0.5273786946824024,1.5375126685567695,0.7983761840324763,1478,chronos2_ctx4096,chronos2,4096,0.0860721920269375
ghcn_bangladesh,Tavg,14,0.6928557433912239,0.5396404037097998,1.5819807500922565,0.7895805142083897,1478,chronos2_ctx4096,chronos2,4096,0.07072850144401721
ghcn_bangladesh,Tavg,30,0.7275711953711831,0.568642565081659,1.6739637807547134,0.7746955345060893,1478,chronos2_ctx4096,chronos2,4096,0.07384829231093426
ghcn_temperate,Rainfall,1,0.5610454184274866,0.489655939690838,4.739137530732721,0.3817351598173516,9855,chronos2_ctx4096,chronos2,4096,0.023814497559183634
ghcn_temperate,Rainfall,3,0.6271299850413402,0.5564337633424102,5.302683372044673,0.4102486047691527,9855,chronos2_ctx4096,chronos2,4096,-0.002042729616215322
ghcn_temperate,Rainfall,7,0.6232536691864755,0.5531408700702914,5.308025314436088,0.4103500761035007,9855,chronos2_ctx4096,chronos2,4096,-0.00924817461650429
ghcn_temperate,Rainfall,14,0.6224518759260133,0.551405282686781,5.283870082432725,0.4489091831557585,9855,chronos2_ctx4096,chronos2,4096,-0.00891203737677193
ghcn_temperate,Rainfall,30,0.5945130643458366,0.531984457167055,5.074118615730014,0.4453576864535769,9855,chronos2_ctx4096,chronos2,4096,-0.009492921223320128
ghcn_temperate,Tavg,1,0.4005432898163505,0.3127558018630402,2.046510143419636,0.843164576559839,12918,chronos2_ctx4096,chronos2,4096,0.4366614803783474
ghcn_temperate,Tavg,3,0.6161518503860118,0.4779558730680852,3.1024539982176993,0.7861898126644992,12918,chronos2_ctx4096,chronos2,4096,0.15154401237525406
ghcn_temperate,Tavg,7,0.6659887515015063,0.5153373370418356,3.3475948358165466,0.7939309490633225,12918,chronos2_ctx4096,chronos2,4096,0.08379797750216456
ghcn_temperate,Tavg,14,0.6762387912576914,0.5224395426642956,3.386082949798115,0.8019043195541106,12918,chronos2_ctx4096,chronos2,4096,0.07121250123555434
ghcn_temperate,Tavg,30,0.6650431444615769,0.515386063591049,3.346798897541583,0.8102647468648397,12918,chronos2_ctx4096,chronos2,4096,0.08360807731618969
nasa_power_bmd,PRECTOTCORR,1,1.1596764675482665,0.9486256658874148,15.887072432364397,0.5557625948930297,14490,chronos2_ctx4096,chronos2,4096,0.3183950849042366
nasa_power_bmd,PRECTOTCORR,3,1.4761163784924147,1.2210709447075867,21.154777887758392,0.6257418909592822,14490,chronos2_ctx4096,chronos2,4096,0.1402892819162448
nasa_power_bmd,PRECTOTCORR,7,1.4336657703061486,1.1984480038062229,19.800338685168455,0.617184265010352,14490,chronos2_ctx4096,chronos2,4096,0.115446316716454
nasa_power_bmd,PRECTOTCORR,14,1.4383627420709495,1.1991915505473782,19.79643851318925,0.5935817805383022,14490,chronos2_ctx4096,chronos2,4096,0.1148946875099307
nasa_power_bmd,PRECTOTCORR,30,1.5972583725300311,1.3529166122630123,22.51334141656777,0.6055210489993099,14490,chronos2_ctx4096,chronos2,4096,0.11165911531819783
nasa_power_bmd,T2M,1,0.3707931035372906,0.2913130924182874,0.708757795016488,0.8347826086956521,14490,chronos2_ctx4096,chronos2,4096,0.5268376117646945
nasa_power_bmd,T2M,3,0.6017572220369583,0.4664983218138963,1.1497813609163123,0.7730848861283643,14490,chronos2_ctx4096,chronos2,4096,0.27149176365687067
nasa_power_bmd,T2M,7,0.65458957608954,0.5108338448756812,1.2483851229448353,0.7848861283643892,14490,chronos2_ctx4096,chronos2,4096,0.16755304277378624
nasa_power_bmd,T2M,14,0.6939409589365363,0.5421601638287094,1.331066555659046,0.7863354037267081,14490,chronos2_ctx4096,chronos2,4096,0.11895016369664779
nasa_power_bmd,T2M,30,0.7428486288935529,0.5767424905799929,1.4452045003853573,0.7721187025534851,14490,chronos2_ctx4096,chronos2,4096,0.07844611966550574
nasa_power_bmd,RH2M,1,0.347536741620643,0.2733611231093428,4.226629429117247,0.8084886128364389,14490,chronos2_ctx4096,chronos2,4096,0.6265823491215792
nasa_power_bmd,RH2M,3,0.4886250464959104,0.3781544468101448,5.9609364225951635,0.8037957211870256,14490,chronos2_ctx4096,chronos2,4096,0.48230750739731054
nasa_power_bmd,RH2M,7,0.5494342070072094,0.4264864505236526,6.747001255932896,0.7852311939268461,14490,chronos2_ctx4096,chronos2,4096,0.41854276330196516
nasa_power_bmd,RH2M,14,0.5764035803840044,0.4461661127426375,7.058361265553622,0.779848171152519,14490,chronos2_ctx4096,chronos2,4096,0.3917178889545766
nasa_power_bmd,RH2M,30,0.6218705408558832,0.4817036142918295,7.707618827882608,0.7690131124913734,14490,chronos2_ctx4096,chronos2,4096,0.3596555958762917
nasa_power_bmd,ALLSKY_SFC_SW_DWN,1,0.5820063020933018,0.4590333900872888,3.5005691010792415,0.7880607315389924,14490,chronos2_ctx4096,chronos2,4096,0.2352361255436788
nasa_power_bmd,ALLSKY_SFC_SW_DWN,3,0.7168853566747685,0.5608617607208833,4.143581549911689,0.7575569358178054,14490,chronos2_ctx4096,chronos2,4096,0.057448867546311844
nasa_power_bmd,ALLSKY_SFC_SW_DWN,7,0.7285522677997671,0.566357106677116,4.214615701455866,0.7853692201518289,14490,chronos2_ctx4096,chronos2,4096,0.05567002111071251
nasa_power_bmd,ALLSKY_SFC_SW_DWN,14,0.7269285595595613,0.5658557170990204,4.210329114439531,0.7841959972394755,14490,chronos2_ctx4096,chronos2,4096,0.056623119822068135
nasa_power_bmd,ALLSKY_SFC_SW_DWN,30,0.7494623666751068,0.5883919045300567,4.371691078333431,0.766735679779158,14490,chronos2_ctx4096,chronos2,4096,0.04745376729615536
nasa_power_ghcn_bangladesh,PRECTOTCORR,1,1.1022379939236224,0.897955491048412,16.39670019887913,0.5688405797101449,4140,chronos2_ctx4096,chronos2,4096,0.302024709740489
nasa_power_ghcn_bangladesh,PRECTOTCORR,3,1.3554920329642983,1.1147865783726014,20.84546072315577,0.6413043478260869,4140,chronos2_ctx4096,chronos2,4096,0.12333673663962219
nasa_power_ghcn_bangladesh,PRECTOTCORR,7,1.3217718188077516,1.0993324931961792,19.49081250500882,0.6316425120772947,4140,chronos2_ctx4096,chronos2,4096,0.0973700856239974
nasa_power_ghcn_bangladesh,PRECTOTCORR,14,1.3255099626346898,1.0993024430146514,19.47040697127195,0.5958937198067633,4140,chronos2_ctx4096,chronos2,4096,0.09739419260262894
nasa_power_ghcn_bangladesh,PRECTOTCORR,30,1.4826074163789245,1.2429720744188948,21.598302930914688,0.6057971014492753,4140,chronos2_ctx4096,chronos2,4096,0.10047648177203816
nasa_power_ghcn_bangladesh,T2M,1,0.3704362666461337,0.291040160306488,0.7225581830079378,0.8297101449275363,4140,chronos2_ctx4096,chronos2,4096,0.5211400309337311
nasa_power_ghcn_bangladesh,T2M,3,0.5932490013218633,0.4604712322036501,1.1587583696160375,0.7768115942028986,4140,chronos2_ctx4096,chronos2,4096,0.26663091613760725
nasa_power_ghcn_bangladesh,T2M,7,0.6501080039470897,0.507513797766046,1.2664717474382448,0.785024154589372,4140,chronos2_ctx4096,chronos2,4096,0.16265281526626718
nasa_power_ghcn_bangladesh,T2M,14,0.6867718542101398,0.5367613823848177,1.3464594954277898,0.7855072463768116,4140,chronos2_ctx4096,chronos2,4096,0.1166744669650922
nasa_power_ghcn_bangladesh,T2M,30,0.7289616792082609,0.566740434803426,1.453535162116053,0.7710144927536232,4140,chronos2_ctx4096,chronos2,4096,0.07576917554112705
nasa_power_ghcn_temperate,PRECTOTCORR,1,0.622549133699342,0.5203915713167381,3.883739015599874,0.5684631642512077,13248,chronos2_ctx4096,chronos2,4096,0.06356931917811348
nasa_power_ghcn_temperate,PRECTOTCORR,3,0.7138754189509664,0.6045114276986044,4.270271541519043,0.5751056763285024,13248,chronos2_ctx4096,chronos2,4096,0.0019181970371950907
nasa_power_ghcn_temperate,PRECTOTCORR,7,0.6729848745406011,0.5676821888310969,4.159103282073907,0.5827294685990339,13248,chronos2_ctx4096,chronos2,4096,-0.006120058435080233
nasa_power_ghcn_temperate,PRECTOTCORR,14,0.6701105980487266,0.5661971222159471,4.144139456396282,0.5870320048309179,13248,chronos2_ctx4096,chronos2,4096,-0.006634843573651628
nasa_power_ghcn_temperate,PRECTOTCORR,30,0.6884509260597902,0.5817118713678234,4.207782617461382,0.5871829710144928,13248,chronos2_ctx4096,chronos2,4096,-0.010179479959164572
nasa_power_ghcn_temperate,T2M,1,0.380798179414941,0.2976050747389252,1.8494285605934544,0.8564311594202898,13248,chronos2_ctx4096,chronos2,4096,0.46519414420777017
nasa_power_ghcn_temperate,T2M,3,0.6138852302810014,0.4751080111445977,2.906595358172267,0.7852506038647343,13248,chronos2_ctx4096,chronos2,4096,0.16185684919249976
nasa_power_ghcn_temperate,T2M,7,0.6681796466849925,0.5158025881811847,3.1564208762106074,0.791213768115942,13248,chronos2_ctx4096,chronos2,4096,0.08791377749479146
nasa_power_ghcn_temperate,T2M,14,0.6829668975428846,0.527300656717234,3.2249327656909736,0.7957427536231884,13248,chronos2_ctx4096,chronos2,4096,0.06846856712062532
nasa_power_ghcn_temperate,T2M,30,0.6756262223048178,0.5222204198791457,3.191364269797757,0.803743961352657,13248,chronos2_ctx4096,chronos2,4096,0.0757184931244913
bmd,Rainfall,1,0.5813687509447151,0.499348480200541,17.40482818399677,0.7132944768248681,14412,chronos2_ctx512,chronos2,512,0.01642895203009931
bmd,Rainfall,3,0.6053785927460634,0.522341983907962,18.16381872939511,0.7438245906189287,14412,chronos2_ctx512,chronos2,512,-0.00901539197047585
bmd,Rainfall,7,0.6370010878730721,0.5492175630092828,18.316734491933317,0.7233555370524563,14412,chronos2_ctx512,chronos2,512,-0.027259921012153354
bmd,Rainfall,14,0.6366206223822852,0.5487899251424685,18.366071079509545,0.7833055786844296,14412,chronos2_ctx512,chronos2,512,-0.024840922119616637
bmd,Rainfall,30,0.6342367678704234,0.5607176189511613,18.844668290193145,0.788578961976131,14412,chronos2_ctx512,chronos2,512,-0.020196627642307785
bmd,Temperature,1,0.5072468854727489,0.3964835673221897,1.1036721869218438,0.7877572245746973,13461,chronos2_ctx512,chronos2,512,0.3399233845078572
bmd,Temperature,3,0.7215411606743741,0.5605815820228791,1.5279878960771762,0.75336156303395,13461,chronos2_ctx512,chronos2,512,0.11390371078060813
bmd,Temperature,7,0.7577271452688529,0.5844798743449876,1.579046073197359,0.7902830398930243,13461,chronos2_ctx512,chronos2,512,0.011717016536173963
bmd,Temperature,14,0.7890253927296625,0.6094901759184147,1.6433895245291663,0.7934031646980165,13461,chronos2_ctx512,chronos2,512,-0.02878191293414689
bmd,Temperature,30,0.8530461864597052,0.6613220573946915,1.7986811652701786,0.7923631230963524,13461,chronos2_ctx512,chronos2,512,-0.06608921476118823
bmd,Humidity,1,0.5713352050871436,0.447813039247882,4.848277657154597,0.8003242366927857,11103,chronos2_ctx512,chronos2,512,0.2872136005088425
bmd,Humidity,3,0.7269433733393408,0.5645047959489845,6.076235684022494,0.7842925335494911,11103,chronos2_ctx512,chronos2,512,0.11479671598238372
bmd,Humidity,7,0.7659681730369762,0.5941740325961986,6.373335444567851,0.788615689453301,11103,chronos2_ctx512,chronos2,512,0.043765631522796444
bmd,Humidity,14,0.7865356896956303,0.6096865214083423,6.552100754465226,0.7883454922093128,11103,chronos2_ctx512,chronos2,512,0.019755956951907794
bmd,Humidity,30,0.7942150170337111,0.6192243160370609,6.684570880958857,0.8006844996847698,11103,chronos2_ctx512,chronos2,512,0.02286476816165328
bmd,Sunshine,1,0.6848928734777778,0.5228606265456982,2.701944808728571,0.7817006094841683,13454,chronos2_ctx512,chronos2,512,0.1733911180282467
bmd,Sunshine,3,0.8247733212362052,0.6227630249223387,3.138904472362061,0.7568009513899212,13454,chronos2_ctx512,chronos2,512,0.026912514167971913
bmd,Sunshine,7,0.8398241556660282,0.6302656803788061,3.161373702683799,0.7625984837223131,13454,chronos2_ctx512,chronos2,512,0.014429321566712505
bmd,Sunshine,14,0.8487016526036258,0.6352306264235101,3.1749861441469647,0.7657202319012933,13454,chronos2_ctx512,chronos2,512,0.007754789308402565
bmd,Sunshine,30,0.8666878677753332,0.6524585380710615,3.2403391342255423,0.761037609632823,13454,chronos2_ctx512,chronos2,512,0.0009852554647483691
ghcn_bangladesh,Rainfall,1,1.200739713408452,1.0285758129461844,20.441361428681535,0.6594454072790294,1154,chronos2_ctx512,chronos2,512,0.07737891546289954
ghcn_bangladesh,Rainfall,3,1.3404420273999018,1.1552772229474717,27.062062583195186,0.7149046793760832,1154,chronos2_ctx512,chronos2,512,0.025363793903821596
ghcn_bangladesh,Rainfall,7,1.3309438351742209,1.157850360965008,21.34575884051001,0.6525129982668978,1154,chronos2_ctx512,chronos2,512,0.0021623483747327255
ghcn_bangladesh,Rainfall,14,1.3179540843568347,1.1422350240562404,20.75805348242748,0.729636048526863,1154,chronos2_ctx512,chronos2,512,0.015071296239356546
ghcn_bangladesh,Rainfall,30,1.1891939732883627,1.0331844047391816,21.19135874573064,0.7149046793760832,1154,chronos2_ctx512,chronos2,512,0.003176713913499829
ghcn_bangladesh,Tavg,1,0.5079065652135544,0.3990095636743079,1.191938778297314,0.8051420838971584,1478,chronos2_ctx512,chronos2,512,0.3090298810722867
ghcn_bangladesh,Tavg,3,0.7006916817236055,0.5477430476177897,1.6231231951127223,0.7577807848443843,1478,chronos2_ctx512,chronos2,512,0.10531813146405733
ghcn_bangladesh,Tavg,7,0.75560156286016,0.5830035069161819,1.7051658131764804,0.7895805142083897,1478,chronos2_ctx512,chronos2,512,-0.010323554002102053
ghcn_bangladesh,Tavg,14,0.8164823178085343,0.6316052176468169,1.850351990991473,0.7672530446549392,1478,chronos2_ctx512,chronos2,512,-0.08763673561786822
ghcn_bangladesh,Tavg,30,0.8913654295475999,0.7071434967610092,2.1056051498366495,0.7591339648173207,1478,chronos2_ctx512,chronos2,512,-0.15172904267617904
ghcn_temperate,Rainfall,1,0.560913264222693,0.4909617097365399,4.714441415933266,0.4656519533231862,9855,chronos2_ctx512,chronos2,512,0.021211294606227504
ghcn_temperate,Rainfall,3,0.6278625613450184,0.5580134631741859,5.295270972717804,0.4763064434297311,9855,chronos2_ctx512,chronos2,512,-0.004887500792389643
ghcn_temperate,Rainfall,7,0.6250338530490638,0.5590782046949911,5.310071432973209,0.4684931506849315,9855,chronos2_ctx512,chronos2,512,-0.020081299515237738
ghcn_temperate,Rainfall,14,0.6241747728174947,0.5569514141748376,5.287808541130345,0.5267376966007103,9855,chronos2_ctx512,chronos2,512,-0.019059852413852774
ghcn_temperate,Rainfall,30,0.5960274357068692,0.5374388811582246,5.078071258007685,0.5146626078132928,9855,chronos2_ctx512,chronos2,512,-0.019843228143485048
ghcn_temperate,Tavg,1,0.4064095549634732,0.316867371906478,2.067206170449269,0.8303917015017804,12918,chronos2_ctx512,chronos2,512,0.42925568401008274
ghcn_temperate,Tavg,3,0.620679669576883,0.4826031832160527,3.125951625805707,0.7772100944418641,12918,chronos2_ctx512,chronos2,512,0.14329421706239132
ghcn_temperate,Tavg,7,0.6793608401226913,0.5264455649165642,3.405572745622317,0.7789905558135934,12918,chronos2_ctx512,chronos2,512,0.0640490089845448
ghcn_temperate,Tavg,14,0.6959959428194479,0.5380203062373619,3.469831669200675,0.7847189967487227,12918,chronos2_ctx512,chronos2,512,0.043513184384327386
ghcn_temperate,Tavg,30,0.6913668037263648,0.5360104527761655,3.4641247137470437,0.7998142127264283,12918,chronos2_ctx512,chronos2,512,0.046936492664019114
nasa_power_bmd,PRECTOTCORR,1,1.1800342889592386,0.9628302975262863,15.964632094178228,0.7371980676328502,14490,chronos2_ctx512,chronos2,512,0.30818879691273215
nasa_power_bmd,PRECTOTCORR,3,1.4841373686936683,1.225633565802152,20.94397812749295,0.7818495514147688,14490,chronos2_ctx512,chronos2,512,0.1370769097976926
nasa_power_bmd,PRECTOTCORR,7,1.456839703595869,1.2182941662465514,19.722986562982573,0.724775707384403,14490,chronos2_ctx512,chronos2,512,0.1007982084715554
nasa_power_bmd,PRECTOTCORR,14,1.463768926329894,1.2161344224981303,19.76404633933275,0.7553485162180814,14490,chronos2_ctx512,chronos2,512,0.10238940762732607
nasa_power_bmd,PRECTOTCORR,30,1.6202932767817788,1.3641910448670564,22.458638796040265,0.764872325741891,14490,chronos2_ctx512,chronos2,512,0.10425619089330729
nasa_power_bmd,T2M,1,0.3701906095438931,0.2900342906383853,0.7098113676249957,0.8333333333333334,14490,chronos2_ctx512,chronos2,512,0.5289146928159958
nasa_power_bmd,T2M,3,0.6134639674554008,0.4764196370152999,1.1694094067005367,0.7612146307798482,14490,chronos2_ctx512,chronos2,512,0.2559981176958842
nasa_power_bmd,T2M,7,0.6943982725995662,0.5441052067087704,1.3235859991129606,0.7734299516908213,14490,chronos2_ctx512,chronos2,512,0.11333454453103986
nasa_power_bmd,T2M,14,0.7590705120533795,0.5975486829160293,1.4556822207365403,0.7863354037267081,14490,chronos2_ctx512,chronos2,512,0.02893977759534394
nasa_power_bmd,T2M,30,0.8568470001585162,0.6762712915858807,1.6676005739488915,0.7968944099378882,14490,chronos2_ctx512,chronos2,512,-0.08058699176656092
nasa_power_bmd,RH2M,1,0.3541434392313708,0.2787721424076554,4.285953358714593,0.790752242926156,14490,chronos2_ctx512,chronos2,512,0.6191907709328055
nasa_power_bmd,RH2M,3,0.4920640150654756,0.3816825831999659,5.976575395983373,0.7957902001380263,14490,chronos2_ctx512,chronos2,512,0.4774774974971341
nasa_power_bmd,RH2M,7,0.5705416326668055,0.4437416828371582,6.9171151239615485,0.7648033126293996,14490,chronos2_ctx512,chronos2,512,0.3950175617691273
nasa_power_bmd,RH2M,14,0.6081808523113327,0.4711141792728346,7.351496853066574,0.7588681849551415,14490,chronos2_ctx512,chronos2,512,0.35770485626994597
nasa_power_bmd,RH2M,30,0.6762247393680424,0.5224122732505359,8.185066634133133,0.7474120082815735,14490,chronos2_ctx512,chronos2,512,0.3055402411432554
nasa_power_bmd,ALLSKY_SFC_SW_DWN,1,0.5905265396093119,0.4648690558204971,3.5330186486297093,0.7919254658385093,14490,chronos2_ctx512,chronos2,512,0.2255137253162972
nasa_power_bmd,ALLSKY_SFC_SW_DWN,3,0.7275242799844988,0.5700612509564443,4.180831822199206,0.764872325741891,14490,chronos2_ctx512,chronos2,512,0.04198874787550433
nasa_power_bmd,ALLSKY_SFC_SW_DWN,7,0.7527229318041528,0.5883457586989761,4.343823383306045,0.7930296756383713,14490,chronos2_ctx512,chronos2,512,0.019006680870426562
nasa_power_bmd,ALLSKY_SFC_SW_DWN,14,0.7532990160011782,0.588125061282711,4.347338139811292,0.8049689440993789,14490,chronos2_ctx512,chronos2,512,0.019496368594171032
nasa_power_bmd,ALLSKY_SFC_SW_DWN,30,0.775879887321792,0.6104230299708161,4.490174408221812,0.7993098688750863,14490,chronos2_ctx512,chronos2,512,0.011787631546748334
nasa_power_ghcn_bangladesh,PRECTOTCORR,1,1.1177577160281529,0.9100054256681036,16.451129688129686,0.7434782608695653,4140,chronos2_ctx512,chronos2,512,0.2926583695402998
nasa_power_ghcn_bangladesh,PRECTOTCORR,3,1.3616171875563583,1.1189702985708896,20.645899444409316,0.7862318840579711,4140,chronos2_ctx512,chronos2,512,0.12004667747208875
nasa_power_ghcn_bangladesh,PRECTOTCORR,7,1.3425387696179434,1.118147088388875,19.39052263706614,0.7289855072463768,4140,chronos2_ctx512,chronos2,512,0.081921969105193
nasa_power_ghcn_bangladesh,PRECTOTCORR,14,1.3486772889872345,1.1159476161463735,19.424312620929207,0.7603864734299517,4140,chronos2_ctx512,chronos2,512,0.08372731682217838
nasa_power_ghcn_bangladesh,PRECTOTCORR,30,1.499929666294032,1.2510609477528607,21.516059812378703,0.768840579710145,4140,chronos2_ctx512,chronos2,512,0.09462266417660181
nasa_power_ghcn_bangladesh,T2M,1,0.3694326760115009,0.2898810480288677,0.72346249724143,0.828743961352657,4140,chronos2_ctx512,chronos2,512,0.5230471645362589
nasa_power_ghcn_bangladesh,T2M,3,0.6041907301082882,0.4706354252601601,1.180269454245866,0.7642512077294686,4140,chronos2_ctx512,chronos2,512,0.2504429234276597
nasa_power_ghcn_bangladesh,T2M,7,0.6902395024173291,0.5405922243827999,1.3441676143691006,0.7705314009661836,4140,chronos2_ctx512,chronos2,512,0.1080767081241939
nasa_power_ghcn_bangladesh,T2M,14,0.7498141888241079,0.5902616485704798,1.472274626515687,0.7876811594202898,4140,chronos2_ctx512,chronos2,512,0.02863133886971292
nasa_power_ghcn_bangladesh,T2M,30,0.8372693060054064,0.6611612160392004,1.6745957873098711,0.7942028985507247,4140,chronos2_ctx512,chronos2,512,-0.07821065566301
nasa_power_ghcn_temperate,PRECTOTCORR,1,0.6240120351322608,0.5223516444284786,3.862711198602753,0.5837107487922706,13248,chronos2_ctx512,chronos2,512,0.06004222016333971
nasa_power_ghcn_temperate,PRECTOTCORR,3,0.717905623456493,0.6086769003463698,4.266210748116351,0.5898248792270532,13248,chronos2_ctx512,chronos2,512,-0.004959228698661722
nasa_power_ghcn_temperate,PRECTOTCORR,7,0.6779793073393762,0.5743408832467788,4.1615071564014094,0.5938254830917874,13248,chronos2_ctx512,chronos2,512,-0.017921460956448643
nasa_power_ghcn_temperate,PRECTOTCORR,14,0.6759225451387998,0.5736414762015726,4.155320232819332,0.5983544685990339,13248,chronos2_ctx512,chronos2,512,-0.01987006822562165
nasa_power_ghcn_temperate,PRECTOTCORR,30,0.6956341704279343,0.5903814892258402,4.220904629599829,0.5974486714975845,13248,chronos2_ctx512,chronos2,512,-0.02523482005161104
nasa_power_ghcn_temperate,T2M,1,0.3865274001235873,0.3017440749845453,1.8688951531412097,0.8401268115942029,13248,chronos2_ctx512,chronos2,512,0.4577562281358586
nasa_power_ghcn_temperate,T2M,3,0.619895888493392,0.480786019562571,2.9380916173519163,0.7718900966183575,13248,chronos2_ctx512,chronos2,512,0.15184021349257415
nasa_power_ghcn_temperate,T2M,7,0.6846388880820178,0.5285176371406864,3.2219074673679624,0.7751358695652174,13248,chronos2_ctx512,chronos2,512,0.06542994115861744
nasa_power_ghcn_temperate,T2M,14,0.7072683945200643,0.5465497215661548,3.3253925271466005,0.775588768115942,13248,chronos2_ctx512,chronos2,512,0.0344630927638605
nasa_power_ghcn_temperate,T2M,30,0.7072828589432424,0.5476537219083406,3.3237888102456212,0.7916666666666666,13248,chronos2_ctx512,chronos2,512,0.030703917229882638
bmd,Rainfall,1,0.6043266780925273,0.5215496073571657,17.658987355257082,0.7513877324451845,14412,chronos2_ctx96,chronos2,96,-0.02730080137735036
bmd,Rainfall,3,0.6288852371721173,0.5502269503128556,18.267913549821124,0.7581876214265889,14412,chronos2_ctx96,chronos2,96,-0.06288117564080586
bmd,Rainfall,7,0.6544885868081006,0.5809236041977547,18.463033612102706,0.7384124340827088,14412,chronos2_ctx96,chronos2,96,-0.08656309622093161
bmd,Rainfall,14,0.6579843664243386,0.5844373974616605,18.44628749209257,0.7593671940049959,14412,chronos2_ctx96,chronos2,96,-0.09141100063071539
bmd,Rainfall,30,0.6654598297307637,0.6169212490902687,18.925193379192244,0.7343186233694143,14412,chronos2_ctx96,chronos2,96,-0.12245621783750571
bmd,Temperature,1,0.5219369736490876,0.4119999284317339,1.1474966989953144,0.7867914716588663,13461,chronos2_ctx96,chronos2,96,0.31409132494706593
bmd,Temperature,3,0.7888702275825383,0.6145086570723853,1.6592245496263514,0.744818364163138,13461,chronos2_ctx96,chronos2,96,0.02866262790844043
bmd,Temperature,7,0.9224267800747116,0.7179357283903504,1.9370096830001775,0.7688878983730778,13461,chronos2_ctx96,chronos2,96,-0.21394028217658723
bmd,Temperature,14,1.1127542410669116,0.8655920211732903,2.3493875400526236,0.7560359557239432,13461,chronos2_ctx96,chronos2,96,-0.46106606890148405
bmd,Temperature,30,1.6316511065723514,1.2873270903295928,3.49588315313717,0.7093083723348934,13461,chronos2_ctx96,chronos2,96,-1.075245353643481
bmd,Humidity,1,0.5917367665546208,0.4645566160776936,5.0154204799326,0.7824011528415743,11103,chronos2_ctx96,chronos2,96,0.2605627600974745
bmd,Humidity,3,0.7754699874364741,0.6057030838835995,6.503816800220358,0.7753760244978835,11103,chronos2_ctx96,chronos2,96,0.05019343884933991
bmd,Humidity,7,0.8443381265004652,0.6584875194062386,7.058905469739165,0.7851031252814554,11103,chronos2_ctx96,chronos2,96,-0.059737320593187704
bmd,Humidity,14,0.9065802691990944,0.7077067971037915,7.558099133725017,0.7833018103215347,11103,chronos2_ctx96,chronos2,96,-0.1378394432653176
bmd,Humidity,30,1.007592149461629,0.7940863615728935,8.40217173806435,0.793479239845087,11103,chronos2_ctx96,chronos2,96,-0.25306733104576407
bmd,Sunshine,1,0.7158655416058909,0.5455942443223601,2.8042790544551415,0.756206332689163,13454,chronos2_ctx96,chronos2,96,0.1374507365585449
bmd,Sunshine,3,0.870487167621421,0.6560403752696438,3.3022731902466136,0.7279619444031514,13454,chronos2_ctx96,chronos2,96,-0.02508442831050739
bmd,Sunshine,7,0.8974223415629043,0.6702292658609333,3.362730244998529,0.7409692284822358,13454,chronos2_ctx96,chronos2,96,-0.048063273671178575
bmd,Sunshine,14,0.9246225179064478,0.6875584580766018,3.430200950042648,0.7484762895793072,13454,chronos2_ctx96,chronos2,96,-0.07398251708689663
bmd,Sunshine,30,0.9925212614561164,0.7387816172774788,3.642313570274165,0.7519696744462613,13454,chronos2_ctx96,chronos2,96,-0.13118870485440182
ghcn_bangladesh,Rainfall,1,1.2068707568625052,1.0370640262575643,20.26301438899288,0.7140381282495667,1154,chronos2_ctx96,chronos2,96,0.06976508236225931
ghcn_bangladesh,Rainfall,3,1.3658769096624532,1.1988036054349127,27.005739927366623,0.7166377816291161,1154,chronos2_ctx96,chronos2,96,-0.011356732953288873
ghcn_bangladesh,Rainfall,7,1.385523014042701,1.2123974165918605,21.41672382117469,0.6923743500866552,1154,chronos2_ctx96,chronos2,96,-0.044846408304677565
ghcn_bangladesh,Rainfall,14,1.354832212647761,1.1803788485012194,20.557276563897716,0.7123050259965338,1154,chronos2_ctx96,chronos2,96,-0.017819437082454925
ghcn_bangladesh,Rainfall,30,1.2395611528899582,1.1261078016949615,20.93294951586607,0.6949740034662045,1154,chronos2_ctx96,chronos2,96,-0.08647640655841049
ghcn_bangladesh,Tavg,1,0.514172372795592,0.4094784713478495,1.2293501209509643,0.8152909336941814,1478,chronos2_ctx96,chronos2,96,0.29090073571141306
ghcn_bangladesh,Tavg,3,0.7370923735368125,0.571619763932622,1.693191713545463,0.7821380243572396,1478,chronos2_ctx96,chronos2,96,0.06631797389023986
ghcn_bangladesh,Tavg,7,0.8326645790784529,0.6505722330531585,1.8825309805787225,0.7855209742895806,1478,chronos2_ctx96,chronos2,96,-0.12741766187668735
ghcn_bangladesh,Tavg,14,0.9780866134949776,0.7591024812855598,2.1996591998294948,0.7794316644113667,1478,chronos2_ctx96,chronos2,96,-0.3071895571428407
ghcn_bangladesh,Tavg,30,1.3098491584248404,1.027744607977784,2.976500396921241,0.7794316644113667,1478,chronos2_ctx96,chronos2,96,-0.6738940807397449
ghcn_temperate,Rainfall,1,0.5720265594341557,0.5014911255858382,4.718481078507228,0.6143074581430746,9855,chronos2_ctx96,chronos2,96,0.00021969158851398163
ghcn_temperate,Rainfall,3,0.6334242398955608,0.5692584661231849,5.262663333915826,0.6111618467782851,9855,chronos2_ctx96,chronos2,96,-0.025137841788723803
ghcn_temperate,Rainfall,7,0.6363436178635529,0.577683073723309,5.294741707459146,0.5954337899543379,9855,chronos2_ctx96,chronos2,96,-0.054027317829564714
ghcn_temperate,Rainfall,14,0.6352526937278217,0.5758585274605564,5.277012406009878,0.6373414510400812,9855,chronos2_ctx96,chronos2,96,-0.05365439618220402
ghcn_temperate,Rainfall,30,0.6071142055120382,0.5598780142997398,5.068467447168664,0.6654490106544901,9855,chronos2_ctx96,chronos2,96,-0.06242369409426729
ghcn_temperate,Tavg,1,0.4196702994014841,0.3306264957844128,2.1492003822996257,0.7954791763430872,12918,chronos2_ctx96,chronos2,96,0.40447262825055763
ghcn_temperate,Tavg,3,0.6811153450787171,0.5347434667476523,3.4439437778374304,0.7571605511689116,12918,chronos2_ctx96,chronos2,96,0.05073601608274614
ghcn_temperate,Tavg,7,0.8076773801744127,0.6320226756537973,4.050571451411209,0.7648242762037467,12918,chronos2_ctx96,chronos2,96,-0.12365321135560148
ghcn_temperate,Tavg,14,0.9119789291953712,0.7160781783795978,4.559071123167137,0.7641275739278526,12918,chronos2_ctx96,chronos2,96,-0.2730362193206939
ghcn_temperate,Tavg,30,1.1618184961579736,0.9127331997999808,5.672827363328363,0.7432265056510295,12918,chronos2_ctx96,chronos2,96,-0.6229025015424909
nasa_power_bmd,PRECTOTCORR,1,1.2220998827468508,1.003440354854877,16.244598412710815,0.7620427881297447,14490,chronos2_ctx96,chronos2,96,0.2790097269456613
nasa_power_bmd,PRECTOTCORR,3,1.567150519494041,1.3108369324980618,21.309769565566608,0.7592132505175984,14490,chronos2_ctx96,chronos2,96,0.07708838260950734
nasa_power_bmd,PRECTOTCORR,7,1.566680808568368,1.323047194949129,20.31560178905698,0.7383022774327123,14490,chronos2_ctx96,chronos2,96,0.02348181503630531
nasa_power_bmd,PRECTOTCORR,14,1.6148467311588424,1.3524671807194344,20.47043481400002,0.750448585231194,14490,chronos2_ctx96,chronos2,96,0.001764241853751014
nasa_power_bmd,PRECTOTCORR,30,1.8790536627061645,1.6134756544010274,23.35164978150336,0.7113871635610766,14490,chronos2_ctx96,chronos2,96,-0.0594270018206533
nasa_power_bmd,T2M,1,0.3886354407253775,0.308111680387553,0.745144397104216,0.7848861283643892,14490,chronos2_ctx96,chronos2,96,0.4995526726068429
nasa_power_bmd,T2M,3,0.6670361527422702,0.5244225263120447,1.2529982287830943,0.7403726708074534,14490,chronos2_ctx96,chronos2,96,0.18103428913382336
nasa_power_bmd,T2M,7,0.8926075591178747,0.7096600200930784,1.7383350300870966,0.7574189095928227,14490,chronos2_ctx96,chronos2,96,-0.15645102672346511
nasa_power_bmd,T2M,14,1.1903835027349845,0.948131290021954,2.3097796394558823,0.7285714285714285,14490,chronos2_ctx96,chronos2,96,-0.5407825465610017
nasa_power_bmd,T2M,30,1.918405521138273,1.5561902166439483,3.649445044889902,0.6685300207039337,14490,chronos2_ctx96,chronos2,96,-1.486574435056124
nasa_power_bmd,RH2M,1,0.3641695778519553,0.288304234383536,4.444306209763885,0.7769496204278813,14490,chronos2_ctx96,chronos2,96,0.6061697116354795
nasa_power_bmd,RH2M,3,0.5186655079284075,0.4089362594389423,6.415374458593542,0.7799171842650103,14490,chronos2_ctx96,chronos2,96,0.4401672828381329
nasa_power_bmd,RH2M,7,0.6456753971131184,0.507586049401506,7.897067752066161,0.7545893719806763,14490,chronos2_ctx96,chronos2,96,0.3079743065480959
nasa_power_bmd,RH2M,14,0.7495289072339549,0.5860680905498512,9.03929416801933,0.738440303657695,14490,chronos2_ctx96,chronos2,96,0.2009820442332404
nasa_power_bmd,RH2M,30,0.9711156715615608,0.7683059479107054,11.581943152859212,0.7113871635610766,14490,chronos2_ctx96,chronos2,96,-0.02133428067144627
nasa_power_bmd,ALLSKY_SFC_SW_DWN,1,0.6144366952660137,0.4851323164152353,3.627707774411242,0.7783298826777088,14490,chronos2_ctx96,chronos2,96,0.19175450427443952
nasa_power_bmd,ALLSKY_SFC_SW_DWN,3,0.7790411496406289,0.6124133494017138,4.391862591132867,0.7448585231193927,14490,chronos2_ctx96,chronos2,96,-0.029185686088526896
nasa_power_bmd,ALLSKY_SFC_SW_DWN,7,0.8238919462690687,0.643325570419977,4.647236361568753,0.778191856452726,14490,chronos2_ctx96,chronos2,96,-0.0726653116405267
nasa_power_bmd,ALLSKY_SFC_SW_DWN,14,0.8431314433339655,0.6636173065296311,4.730434518923906,0.7884748102139406,14490,chronos2_ctx96,chronos2,96,-0.10636193175804443
nasa_power_bmd,ALLSKY_SFC_SW_DWN,30,0.9396969968785338,0.7461719598971831,5.184933451458911,0.7895100069013112,14490,chronos2_ctx96,chronos2,96,-0.2079759831450878
nasa_power_ghcn_bangladesh,PRECTOTCORR,1,1.146784859662087,0.9441799383249676,16.612448392518104,0.763768115942029,4140,chronos2_ctx96,chronos2,96,0.266094730664054
nasa_power_ghcn_bangladesh,PRECTOTCORR,3,1.4390135034735685,1.196403643573035,21.014661905930225,0.763768115942029,4140,chronos2_ctx96,chronos2,96,0.05915343544760332
nasa_power_ghcn_bangladesh,PRECTOTCORR,7,1.4408016063790168,1.210118651754614,19.91606288423289,0.735024154589372,4140,chronos2_ctx96,chronos2,96,0.006406795234106921
nasa_power_ghcn_bangladesh,PRECTOTCORR,14,1.4918231831163515,1.2406067815637425,20.189646137148987,0.7548309178743962,4140,chronos2_ctx96,chronos2,96,-0.018626759952603322
nasa_power_ghcn_bangladesh,PRECTOTCORR,30,1.7357066541479038,1.4795387908641326,22.522150600046363,0.7082125603864734,4140,chronos2_ctx96,chronos2,96,-0.07072392526199955
nasa_power_ghcn_bangladesh,T2M,1,0.386975210227701,0.3070963651788022,0.7573254754543067,0.7830917874396135,4140,chronos2_ctx96,chronos2,96,0.49472211747333006
nasa_power_ghcn_bangladesh,T2M,3,0.6608239652804705,0.5197474417129114,1.2659668045961696,0.7415458937198067,4140,chronos2_ctx96,chronos2,96,0.1722247156577119
nasa_power_ghcn_bangladesh,T2M,7,0.8828717695641592,0.7022821614540862,1.7593868406389093,0.756280193236715,4140,chronos2_ctx96,chronos2,96,-0.15869557314652827
nasa_power_ghcn_bangladesh,T2M,14,1.1654298528913454,0.930987673641411,2.3210641781207175,0.7268115942028985,4140,chronos2_ctx96,chronos2,96,-0.5320870875890507
nasa_power_ghcn_bangladesh,T2M,30,1.8892618243527035,1.5336318160100515,3.670618037337464,0.6618357487922706,4140,chronos2_ctx96,chronos2,96,-1.5010211212809694
nasa_power_ghcn_temperate,PRECTOTCORR,1,0.6348377964077367,0.5325630978502718,3.8655364436604462,0.6378321256038647,13248,chronos2_ctx96,chronos2,96,0.04166698350115583
nasa_power_ghcn_temperate,PRECTOTCORR,3,0.7278854299283593,0.6217420904324819,4.232063893176785,0.6370772946859904,13248,chronos2_ctx96,chronos2,96,-0.02653058017309573
nasa_power_ghcn_temperate,PRECTOTCORR,7,0.6938590696044602,0.5952599116781818,4.140740817974304,0.6280193236714976,13248,chronos2_ctx96,chronos2,96,-0.054996878367634006
nasa_power_ghcn_temperate,PRECTOTCORR,14,0.6949993843228349,0.59873744657621,4.1559543712065175,0.6453804347826086,13248,chronos2_ctx96,chronos2,96,-0.0644878828014559
nasa_power_ghcn_temperate,PRECTOTCORR,30,0.7208469851066078,0.6205156544649962,4.228206083236516,0.6595712560386473,13248,chronos2_ctx96,chronos2,96,-0.07756470511776259
nasa_power_ghcn_temperate,T2M,1,0.3998677010041828,0.3144747213468536,1.9431045914515572,0.7944595410628019,13248,chronos2_ctx96,chronos2,96,0.43487884868070237
nasa_power_ghcn_temperate,T2M,3,0.6789910619206171,0.5333146790144252,3.243786447689057,0.7461503623188406,13248,chronos2_ctx96,chronos2,96,0.059173840566961844
nasa_power_ghcn_temperate,T2M,7,0.8273674104613379,0.6475083055103972,3.894722903827818,0.7524154589371981,13248,chronos2_ctx96,chronos2,96,-0.14497952888571763
nasa_power_ghcn_temperate,T2M,14,0.9611945858022908,0.7558542428227,4.508156932310317,0.7433574879227053,13248,chronos2_ctx96,chronos2,96,-0.3352951051645674
nasa_power_ghcn_temperate,T2M,30,1.271509544967089,0.9995186012400304,5.784702339987256,0.7164100241545893,13248,chronos2_ctx96,chronos2,96,-0.7690548353471776
bmd,Rainfall,1,0.5848349204639157,0.509219762660854,16.50344777680067,0.8515126283652512,14412,timesfm25_ctx2048,timesfm25,2048,-0.0030145989553722607
bmd,Rainfall,3,0.6015231760242582,0.5245804005203316,17.120849961102923,0.844782126006106,14412,timesfm25_ctx2048,timesfm25,2048,-0.013339372973544705
bmd,Rainfall,7,0.628279964849026,0.5446471157391846,16.99383199904355,0.8819039689147933,14412,timesfm25_ctx2048,timesfm25,2048,-0.01871132821780397
bmd,Rainfall,14,0.6301479808034665,0.5444997141380007,17.009934926494815,0.8018318068276437,14412,timesfm25_ctx2048,timesfm25,2048,-0.01682914274745495
bmd,Rainfall,30,0.6290473901194391,0.5534317700043637,17.695192596246276,0.8685817374410214,14412,timesfm25_ctx2048,timesfm25,2048,-0.006940403343635326
bmd,Temperature,1,0.4866934113773991,0.383414418312801,1.0750046377926297,0.8023920956838273,13461,timesfm25_ctx2048,timesfm25,2048,0.3616812588725964
bmd,Temperature,3,0.7050881505891484,0.5499833909828913,1.496504090316716,0.7601961221305995,13461,timesfm25_ctx2048,timesfm25,2048,0.13065598744136386
bmd,Temperature,7,0.710064048264639,0.5519013916142118,1.4942523267871188,0.8249758561771042,13461,timesfm25_ctx2048,timesfm25,2048,0.06680319062553497
bmd,Temperature,14,0.7194185551146933,0.560080213042764,1.5171650994006716,0.8197013594829508,13461,timesfm25_ctx2048,timesfm25,2048,0.05461906403585992
bmd,Temperature,30,0.758745036790395,0.5914637063182852,1.6202067614641122,0.8000148577371666,13461,timesfm25_ctx2048,timesfm25,2048,0.04652646743298505
bmd,Humidity,1,0.5658825335978515,0.4436811267934307,4.801679870093517,0.7833018103215347,11103,timesfm25_ctx2048,timesfm25,2048,0.29379038756794096
bmd,Humidity,3,0.7269013256175603,0.5646406900447263,6.071313816942709,0.7704224083581014,11103,timesfm25_ctx2048,timesfm25,2048,0.11458361965318953
bmd,Humidity,7,0.7508586599647976,0.5810820266760958,6.249428133775827,0.798703053228857,11103,timesfm25_ctx2048,timesfm25,2048,0.06483525982413507
bmd,Humidity,14,0.7615889907347924,0.5884539960376809,6.329615667452542,0.8040169323606232,11103,timesfm25_ctx2048,timesfm25,2048,0.05389326486775503
bmd,Humidity,30,0.7743934493212994,0.6028983684421165,6.53572351523496,0.7942898315770512,11103,timesfm25_ctx2048,timesfm25,2048,0.048627093986099434
bmd,Sunshine,1,0.6801679045474642,0.5268484776574917,2.600746660839229,0.7691392894306526,13454,timesfm25_ctx2048,timesfm25,2048,0.16708658297314571
bmd,Sunshine,3,0.8099613100123769,0.6184514298171226,3.016332337940582,0.7912888360338932,13454,timesfm25_ctx2048,timesfm25,2048,0.03364952178235869
bmd,Sunshine,7,0.8121535376634089,0.6174105193196384,2.99573121597925,0.8401218968336555,13454,timesfm25_ctx2048,timesfm25,2048,0.03453143120218927
bmd,Sunshine,14,0.8140548073084537,0.6165934808815323,2.998293235078322,0.8394529507953025,13454,timesfm25_ctx2048,timesfm25,2048,0.03686644991756949
bmd,Sunshine,30,0.8210699545275496,0.6250557436592983,3.04142843915968,0.8288241415192508,13454,timesfm25_ctx2048,timesfm25,2048,0.04294316399293452
ghcn_bangladesh,Rainfall,1,1.2114334020093822,1.0487356745391572,19.10567091547373,0.8188908145580589,1154,timesfm25_ctx2048,timesfm25,2048,0.05929574343715449
ghcn_bangladesh,Rainfall,3,1.3544440137093074,1.1781274075871733,25.71211338949494,0.8353552859618717,1154,timesfm25_ctx2048,timesfm25,2048,0.006086501126407851
ghcn_bangladesh,Rainfall,7,1.322003253283822,1.143804382297804,19.729936556386193,0.8622183708838822,1154,timesfm25_ctx2048,timesfm25,2048,0.014267199606441183
ghcn_bangladesh,Rainfall,14,1.313283836907774,1.1318236883055368,19.0218593541534,0.8110918544194108,1154,timesfm25_ctx2048,timesfm25,2048,0.024048803678186847
ghcn_bangladesh,Rainfall,30,1.1775245697638663,1.0220739882568337,19.46695023986464,0.8752166377816292,1154,timesfm25_ctx2048,timesfm25,2048,0.01389611871376828
ghcn_bangladesh,Tavg,1,0.487989909008147,0.3863634784048795,1.160531939831417,0.7997293640054127,1478,timesfm25_ctx2048,timesfm25,2048,0.33092927356333834
ghcn_bangladesh,Tavg,3,0.6672381444923797,0.5266144162266371,1.558544899270422,0.7746955345060893,1478,timesfm25_ctx2048,timesfm25,2048,0.139829575278556
ghcn_bangladesh,Tavg,7,0.6862451739454255,0.5346711824860214,1.5574922307883063,0.8342354533152909,1478,timesfm25_ctx2048,timesfm25,2048,0.073434579889334
ghcn_bangladesh,Tavg,14,0.7057611087328376,0.5486872361198162,1.611365847526489,0.8274695534506089,1478,timesfm25_ctx2048,timesfm25,2048,0.055149676261457836
ghcn_bangladesh,Tavg,30,0.736877890735756,0.5750303937731279,1.683266893706605,0.8024357239512855,1478,timesfm25_ctx2048,timesfm25,2048,0.0634443957081895
ghcn_temperate,Rainfall,1,0.5621217219366794,0.4976087271293054,4.435765043734117,0.8367326230339929,9855,timesfm25_ctx2048,timesfm25,2048,0.00795969999188162
ghcn_temperate,Rainfall,3,0.6281193086660555,0.561384642520659,5.0161487987338225,0.8323693556570269,9855,timesfm25_ctx2048,timesfm25,2048,-0.010958422395123124
ghcn_temperate,Rainfall,7,0.6234081218201486,0.5560916100660434,5.000160162745379,0.8511415525114155,9855,timesfm25_ctx2048,timesfm25,2048,-0.014632027294217531
ghcn_temperate,Rainfall,14,0.6226821629411291,0.5536293873290453,4.962301871901916,0.786808726534754,9855,timesfm25_ctx2048,timesfm25,2048,-0.012981505001442128
ghcn_temperate,Rainfall,30,0.5950806261154628,0.5315258350001375,4.771148911550446,0.878234398782344,9855,timesfm25_ctx2048,timesfm25,2048,-0.008622640475862253
ghcn_temperate,Tavg,1,0.4003687771871252,0.3132921692869722,2.0441663773530077,0.8316302833255922,12918,timesfm25_ctx2048,timesfm25,2048,0.4356953706250791
ghcn_temperate,Tavg,3,0.6206001782943927,0.4830461223624561,3.125951336286806,0.7754296330701347,12918,timesfm25_ctx2048,timesfm25,2048,0.14250792194165784
ghcn_temperate,Tavg,7,0.6704808829339924,0.5204814269670659,3.3664371350783275,0.8080972286731692,12918,timesfm25_ctx2048,timesfm25,2048,0.07465246202203135
ghcn_temperate,Tavg,14,0.685282336774314,0.5306309978343011,3.430465004660325,0.8085616968570987,12918,timesfm25_ctx2048,timesfm25,2048,0.05664981878661246
ghcn_temperate,Tavg,30,0.682560251993239,0.5288837751099852,3.4224121147269666,0.8164576559838984,12918,timesfm25_ctx2048,timesfm25,2048,0.05960821646530701
nasa_power_bmd,PRECTOTCORR,1,1.165185564298998,0.977812792940566,15.533951935143142,0.8013802622498275,14490,timesfm25_ctx2048,timesfm25,2048,0.2974235995519592
nasa_power_bmd,PRECTOTCORR,3,1.4687784967247592,1.230044870483302,20.45119356136892,0.8100759144237405,14490,timesfm25_ctx2048,timesfm25,2048,0.13397107394797803
nasa_power_bmd,PRECTOTCORR,7,1.4331329000454671,1.2126827304540466,19.129814187149226,0.8760524499654935,14490,timesfm25_ctx2048,timesfm25,2048,0.10493991189381902
nasa_power_bmd,PRECTOTCORR,14,1.4442133332665965,1.213095044426219,19.08905671827473,0.7932367149758454,14490,timesfm25_ctx2048,timesfm25,2048,0.1046327270343771
nasa_power_bmd,PRECTOTCORR,30,1.6031153325738874,1.3596263340361243,21.735276500198268,0.8102829537612146,14490,timesfm25_ctx2048,timesfm25,2048,0.10725343345882221
nasa_power_bmd,T2M,1,0.356594586579446,0.2823067594259686,0.6884367853165607,0.8425810904071773,14490,timesfm25_ctx2048,timesfm25,2048,0.5414660584043982
nasa_power_bmd,T2M,3,0.5996031582123175,0.4666221591963698,1.145381007765064,0.7799171842650103,14490,timesfm25_ctx2048,timesfm25,2048,0.2712983727080065
nasa_power_bmd,T2M,7,0.6615446548064292,0.5175275967689521,1.2584470742875966,0.8216011042097998,14490,timesfm25_ctx2048,timesfm25,2048,0.15664500789732527
nasa_power_bmd,T2M,14,0.6987026151425894,0.5464000079303283,1.3263540346172034,0.8180814354727398,14490,timesfm25_ctx2048,timesfm25,2048,0.11206010758241203
nasa_power_bmd,T2M,30,0.7360109597287589,0.5790004812201439,1.4351061875632944,0.8167701863354038,14490,timesfm25_ctx2048,timesfm25,2048,0.07483816625444784
nasa_power_bmd,RH2M,1,0.3485759061902685,0.2742068510871244,4.241577924970807,0.820703933747412,14490,timesfm25_ctx2048,timesfm25,2048,0.6254270650374593
nasa_power_bmd,RH2M,3,0.4866196301498722,0.3769028748875718,5.906264629383323,0.8187715665976536,14490,timesfm25_ctx2048,timesfm25,2048,0.48402090623139504
nasa_power_bmd,RH2M,7,0.5535485451523909,0.4288071194711081,6.725376801682846,0.8071083505866115,14490,timesfm25_ctx2048,timesfm25,2048,0.4153788415599693
nasa_power_bmd,RH2M,14,0.5783211819216945,0.4474619054796608,7.020869750863204,0.797239475500345,14490,timesfm25_ctx2048,timesfm25,2048,0.38995126545036507
nasa_power_bmd,RH2M,30,0.62067384715773,0.4808432306714706,7.630166921674479,0.7897170462387854,14490,timesfm25_ctx2048,timesfm25,2048,0.36079933202514025
nasa_power_bmd,ALLSKY_SFC_SW_DWN,1,0.5865394698054572,0.4648338849037482,3.4233627271779943,0.7973084886128364,14490,timesfm25_ctx2048,timesfm25,2048,0.22557232115516623
nasa_power_bmd,ALLSKY_SFC_SW_DWN,3,0.7207029186548354,0.5656550659680907,4.062694108944686,0.7759834368530021,14490,timesfm25_ctx2048,timesfm25,2048,0.04939352199530744
nasa_power_bmd,ALLSKY_SFC_SW_DWN,7,0.7281097204912128,0.5706386839388534,4.096956129407059,0.8204968944099379,14490,timesfm25_ctx2048,timesfm25,2048,0.04853102397000142
nasa_power_bmd,ALLSKY_SFC_SW_DWN,14,0.7262179977815897,0.5683128026868587,4.088291570837579,0.8257418909592823,14490,timesfm25_ctx2048,timesfm25,2048,0.052526743897709616
nasa_power_bmd,ALLSKY_SFC_SW_DWN,30,0.7523556742315943,0.5907368801520186,4.2585135753239545,0.8071083505866115,14490,timesfm25_ctx2048,timesfm25,2048,0.04365749192716262
nasa_power_ghcn_bangladesh,PRECTOTCORR,1,1.1092050752901683,0.9266638308521388,15.984797192215634,0.7980676328502415,4140,timesfm25_ctx2048,timesfm25,2048,0.27970989346381614
nasa_power_ghcn_bangladesh,PRECTOTCORR,3,1.3487347213017324,1.1219518774294672,20.085042413194937,0.8101449275362319,4140,timesfm25_ctx2048,timesfm25,2048,0.11770197696812079
nasa_power_ghcn_bangladesh,PRECTOTCORR,7,1.3197377981415863,1.1119623311229905,18.804852406679263,0.8751207729468599,4140,timesfm25_ctx2048,timesfm25,2048,0.0870000932904531
nasa_power_ghcn_bangladesh,PRECTOTCORR,14,1.3304867800722515,1.1123187662272311,18.76053956346692,0.7891304347826087,4140,timesfm25_ctx2048,timesfm25,2048,0.08670686174360065
nasa_power_ghcn_bangladesh,PRECTOTCORR,30,1.487629547996274,1.2501202335519308,20.73306212500316,0.8033816425120773,4140,timesfm25_ctx2048,timesfm25,2048,0.09530344740985586
nasa_power_ghcn_bangladesh,T2M,1,0.3566790101241159,0.2826602843007372,0.7025575879919668,0.8345410628019324,4140,timesfm25_ctx2048,timesfm25,2048,0.534927774730557
nasa_power_ghcn_bangladesh,T2M,3,0.5929834181088992,0.4617430066178823,1.155618806025268,0.7797101449275362,4140,timesfm25_ctx2048,timesfm25,2048,0.26460542578811974
nasa_power_ghcn_bangladesh,T2M,7,0.6573543736451701,0.5140656069059373,1.2765780272091949,0.8222222222222222,4140,timesfm25_ctx2048,timesfm25,2048,0.15184298317431344
nasa_power_ghcn_bangladesh,T2M,14,0.6920102002923082,0.5406878965216677,1.3413520564999184,0.8193236714975846,4140,timesfm25_ctx2048,timesfm25,2048,0.11021276851448436
nasa_power_ghcn_bangladesh,T2M,30,0.7222946797496934,0.5685536093795818,1.4400263693787267,0.8161835748792271,4140,timesfm25_ctx2048,timesfm25,2048,0.07281228076090973
nasa_power_ghcn_temperate,PRECTOTCORR,1,0.6165057948412039,0.526285859184959,3.591698740464542,0.8321256038647343,13248,timesfm25_ctx2048,timesfm25,2048,0.05296270618583898
nasa_power_ghcn_temperate,PRECTOTCORR,3,0.7130786019105521,0.6109340507469122,3.9432193025140183,0.8372584541062802,13248,timesfm25_ctx2048,timesfm25,2048,-0.008685908854086044
nasa_power_ghcn_temperate,PRECTOTCORR,7,0.6729682523331056,0.5711870228200384,3.840453923119599,0.8637530193236715,13248,timesfm25_ctx2048,timesfm25,2048,-0.012331780146871196
nasa_power_ghcn_temperate,PRECTOTCORR,14,0.671019743724103,0.5689784818945659,3.833999211736128,0.866772342995169,13248,timesfm25_ctx2048,timesfm25,2048,-0.011579788461486329
nasa_power_ghcn_temperate,PRECTOTCORR,30,0.6889624091209567,0.583861680664522,3.875727288447124,0.8814160628019324,13248,timesfm25_ctx2048,timesfm25,2048,-0.013912759859820323
nasa_power_ghcn_temperate,T2M,1,0.3797169939368964,0.2970538989622645,1.8412916058931044,0.8388435990338164,13248,timesfm25_ctx2048,timesfm25,2048,0.4661846247403606
nasa_power_ghcn_temperate,T2M,3,0.6183621895549307,0.4805552781070955,2.9330643917652384,0.7706823671497585,13248,timesfm25_ctx2048,timesfm25,2048,0.15224726697510382
nasa_power_ghcn_temperate,T2M,7,0.6736133584018961,0.521532468885477,3.1758973142243443,0.8071407004830918,13248,timesfm25_ctx2048,timesfm25,2048,0.07778171269571443
nasa_power_ghcn_temperate,T2M,14,0.6941280402657868,0.5369493246684774,3.27255928880329,0.7992904589371981,13248,timesfm25_ctx2048,timesfm25,2048,0.05142319202484025
nasa_power_ghcn_temperate,T2M,30,0.6903755543974898,0.5337728839787287,3.2458195611369143,0.8158967391304348,13248,timesfm25_ctx2048,timesfm25,2048,0.05527170759174849
bmd,Rainfall,1,0.5890807473243526,0.516812462309316,16.69121783059994,0.8631001942825424,14412,timesfm25_ctx336,timesfm25,336,-0.017970005542690348
bmd,Rainfall,3,0.6150155856430667,0.5394438485513825,17.25375037932872,0.8100194282542326,14412,timesfm25_ctx336,timesfm25,336,-0.04205130558305559
bmd,Rainfall,7,0.6394901031913993,0.5647350682942585,17.38750174618246,0.8514432417429919,14412,timesfm25_ctx336,timesfm25,336,-0.05628395871045311
bmd,Rainfall,14,0.6455174845507431,0.5689498609003241,17.37144678362362,0.7385512073272273,14412,timesfm25_ctx336,timesfm25,336,-0.06248871083692831
bmd,Rainfall,30,0.6460121406610525,0.579618858678818,17.87790836949463,0.8747571468220927,14412,timesfm25_ctx336,timesfm25,336,-0.05458645306724019
bmd,Temperature,1,0.5060506579805258,0.4013277887221283,1.1101239927931663,0.8412450783745635,13461,timesfm25_ctx336,timesfm25,336,0.3318585931018424
bmd,Temperature,3,0.7411692853440972,0.5761271762340806,1.5624610098965297,0.799197682193002,13461,timesfm25_ctx336,timesfm25,336,0.08933120646366477
bmd,Temperature,7,0.7916915284574905,0.61221254495909,1.6379089377585134,0.8465938637545501,13461,timesfm25_ctx336,timesfm25,336,-0.03517549021547417
bmd,Temperature,14,0.8339908617890585,0.6497365576928469,1.747923732627176,0.8497882772453755,13461,timesfm25_ctx336,timesfm25,336,-0.09671532887179879
bmd,Temperature,30,0.974258927273406,0.7598515821540309,2.0717804354556977,0.8319589926454201,13461,timesfm25_ctx336,timesfm25,336,-0.22492447892172773
bmd,Humidity,1,0.5721983273556375,0.4498719940998995,4.866617675980382,0.7879852292173286,11103,timesfm25_ctx336,timesfm25,336,0.2839363511054993
bmd,Humidity,3,0.7401681515743725,0.5781916771263871,6.196995291258833,0.7619562280464739,11103,timesfm25_ctx336,timesfm25,336,0.09333423726981915
bmd,Humidity,7,0.7853685933120652,0.6120771583385002,6.551400259332952,0.7868143744933802,11103,timesfm25_ctx336,timesfm25,336,0.014953224384849029
bmd,Humidity,14,0.8166290078413009,0.6361814343505473,6.830104827648437,0.7829415473295506,11103,timesfm25_ctx336,timesfm25,336,-0.022842131853928915
bmd,Humidity,30,0.8434525263524765,0.658019353745992,7.07051328750821,0.7997838422048095,11103,timesfm25_ctx336,timesfm25,336,-0.038353755052194405
bmd,Sunshine,1,0.693582888897548,0.5349130813931459,2.6289230172062656,0.7714434368960904,13454,timesfm25_ctx336,timesfm25,336,0.15433696531400898
bmd,Sunshine,3,0.8411839511500783,0.6405222945137113,3.0988178228427747,0.7666121599524305,13454,timesfm25_ctx336,timesfm25,336,-0.0008369223035287199
bmd,Sunshine,7,0.8575551064526727,0.6466921998602708,3.10953291025322,0.8083841236806898,13454,timesfm25_ctx336,timesfm25,336,-0.011257458554195354
bmd,Sunshine,14,0.8663161516567089,0.6501124830163808,3.1267903532904837,0.8159655121153561,13454,timesfm25_ctx336,timesfm25,336,-0.015491021451090381
bmd,Sunshine,30,0.8867880983634545,0.6654901593939292,3.1916308977427663,0.8149992567266241,13454,timesfm25_ctx336,timesfm25,336,-0.018968168526351192
ghcn_bangladesh,Rainfall,1,1.2434077010533142,1.0753187938017277,19.37646070160476,0.8240901213171578,1154,timesfm25_ctx336,timesfm25,336,0.03545098059545315
ghcn_bangladesh,Rainfall,3,1.3961031520383111,1.214839708025547,25.880650720009804,0.7824956672443674,1154,timesfm25_ctx336,timesfm25,336,-0.0248854045821032
ghcn_bangladesh,Rainfall,7,1.368676765766669,1.1933287228703389,20.1664494667738,0.8266897746967071,1154,timesfm25_ctx336,timesfm25,336,-0.02841297164988732
ghcn_bangladesh,Rainfall,14,1.353274481720066,1.1732918265261152,19.35122273726728,0.7954939341421143,1154,timesfm25_ctx336,timesfm25,336,-0.011708425582671822
ghcn_bangladesh,Rainfall,30,1.2211351235897256,1.0712696060054834,19.810713979081893,0.8804159445407279,1154,timesfm25_ctx336,timesfm25,336,-0.03356814528433549
ghcn_bangladesh,Tavg,1,0.4986938817162284,0.4004886060385976,1.2006137542545887,0.8416779431664412,1478,timesfm25_ctx336,timesfm25,336,0.30646860392158015
ghcn_bangladesh,Tavg,3,0.7129836639782098,0.5620942870375631,1.6460797608777114,0.803788903924222,1478,timesfm25_ctx336,timesfm25,336,0.08187685958350743
ghcn_bangladesh,Tavg,7,0.7884293821984101,0.6137063810244374,1.8162318192939504,0.8450608930987822,1478,timesfm25_ctx336,timesfm25,336,-0.06353050133456728
ghcn_bangladesh,Tavg,14,0.8624408056284291,0.6690627283361786,2.026781840394924,0.8369418132611637,1478,timesfm25_ctx336,timesfm25,336,-0.1521393133551694
ghcn_bangladesh,Tavg,30,1.0649820228843516,0.8426723260152741,2.593158370642551,0.7990527740189445,1478,timesfm25_ctx336,timesfm25,336,-0.3724656958264969
ghcn_temperate,Rainfall,1,0.5654683269622678,0.4996867055352332,4.439114841532295,0.826078132927448,9855,timesfm25_ctx336,timesfm25,336,0.0038170107486292792
ghcn_temperate,Rainfall,3,0.6326643667498705,0.5645616368019608,5.0301100342403355,0.8082191780821918,9855,timesfm25_ctx336,timesfm25,336,-0.016679649666610175
ghcn_temperate,Rainfall,7,0.6298619917359819,0.5619882414763598,5.0285108651742485,0.826281075596144,9855,timesfm25_ctx336,timesfm25,336,-0.025390886039354132
ghcn_temperate,Rainfall,14,0.6289681244085127,0.5606876265190285,4.994485330360422,0.7684424150177575,9855,timesfm25_ctx336,timesfm25,336,-0.02589603938304985
ghcn_temperate,Rainfall,30,0.6005821532535824,0.53752194273208,4.80349689876444,0.8637239979705733,9855,timesfm25_ctx336,timesfm25,336,-0.020000845663514122
ghcn_temperate,Tavg,1,0.4046514843033214,0.3196369371115581,2.065842002406466,0.8546214584300975,12918,timesfm25_ctx336,timesfm25,336,0.4242671186394915
ghcn_temperate,Tavg,3,0.6350095813629123,0.496291388428035,3.2099945319289116,0.794782474067193,12918,timesfm25_ctx336,timesfm25,336,0.11899523816839574
ghcn_temperate,Tavg,7,0.703378566638549,0.5465161465231153,3.50007817338266,0.8171543582597925,12918,timesfm25_ctx336,timesfm25,336,0.028366154010003863
ghcn_temperate,Tavg,14,0.7286510404378284,0.5666809932742201,3.6245046744779903,0.8214893946431336,12918,timesfm25_ctx336,timesfm25,336,-0.007439482196156089
ghcn_temperate,Tavg,30,0.7317118094906282,0.5721816292004271,3.6514282958309257,0.8413841151881096,12918,timesfm25_ctx336,timesfm25,336,-0.017378350617164307
nasa_power_bmd,PRECTOTCORR,1,1.208819604184036,1.0086617086882237,15.892197917646346,0.8322981366459627,14490,timesfm25_ctx336,timesfm25,336,0.2752580885868847
nasa_power_bmd,PRECTOTCORR,3,1.5367193878391443,1.2802829587227056,20.79615769846859,0.7904761904761904,14490,timesfm25_ctx336,timesfm25,336,0.09860030118276775
nasa_power_bmd,PRECTOTCORR,7,1.4977120765628615,1.2636381444075375,19.57411171635232,0.8423740510697032,14490,timesfm25_ctx336,timesfm25,336,0.0673306047293456
nasa_power_bmd,PRECTOTCORR,14,1.5200675245749518,1.273165407900211,19.483460962748776,0.7557625948930297,14490,timesfm25_ctx336,timesfm25,336,0.06029569196289852
nasa_power_bmd,PRECTOTCORR,30,1.754680213461722,1.471089674463253,22.01906666600299,0.8118012422360248,14490,timesfm25_ctx336,timesfm25,336,0.03406529935867342
nasa_power_bmd,T2M,1,0.3764855243247731,0.30065836974687,0.7315130995753988,0.8650793650793651,14490,timesfm25_ctx336,timesfm25,336,0.5116586381634523
nasa_power_bmd,T2M,3,0.6424007014219728,0.499855725861917,1.223985988927511,0.810351966873706,14490,timesfm25_ctx336,timesfm25,336,0.2193990926746514
nasa_power_bmd,T2M,7,0.7786090239727496,0.6171926502060728,1.5055691358692194,0.83216011042098,14490,timesfm25_ctx336,timesfm25,336,-0.005767626480316812
nasa_power_bmd,T2M,14,0.9330817381302836,0.7372994713868977,1.7877191029665782,0.8326432022084196,14490,timesfm25_ctx336,timesfm25,336,-0.1981654535157047
nasa_power_bmd,T2M,30,1.2892148675241115,1.0028351869764902,2.4178370161889418,0.8339544513457557,14490,timesfm25_ctx336,timesfm25,336,-0.6023904480572908
nasa_power_bmd,RH2M,1,0.3590792725836851,0.2828007019265839,4.363022742690773,0.8169082125603865,14490,timesfm25_ctx336,timesfm25,336,0.6136876649502461
nasa_power_bmd,RH2M,3,0.5007617470306472,0.3901961663151393,6.117458661713858,0.8137336093857833,14490,timesfm25_ctx336,timesfm25,336,0.46582242348953673
nasa_power_bmd,RH2M,7,0.5881768172124682,0.4570684044525093,7.163380816036283,0.8077294685990338,14490,timesfm25_ctx336,timesfm25,336,0.3768483591715027
nasa_power_bmd,RH2M,14,0.63747948679905,0.4922976721306248,7.716153750408198,0.8035886818495515,14490,timesfm25_ctx336,timesfm25,336,0.32882426810594734
nasa_power_bmd,RH2M,30,0.7173108059140109,0.5592345378728505,8.768568362587505,0.8008971704623878,14490,timesfm25_ctx336,timesfm25,336,0.25659119779275896
nasa_power_bmd,ALLSKY_SFC_SW_DWN,1,0.5949682703493179,0.4726250244924621,3.458337996497616,0.7948930296756384,14490,timesfm25_ctx336,timesfm25,336,0.21259204079438065
nasa_power_bmd,ALLSKY_SFC_SW_DWN,3,0.7465864271828956,0.5873674272080984,4.201190800187041,0.778191856452726,14490,timesfm25_ctx336,timesfm25,336,0.012905010728807675
nasa_power_bmd,ALLSKY_SFC_SW_DWN,7,0.7773116513609197,0.6089524860825958,4.318249702646793,0.8174603174603174,14490,timesfm25_ctx336,timesfm25,336,-0.015352472048695942
nasa_power_bmd,ALLSKY_SFC_SW_DWN,14,0.7877599173744707,0.6145875774491636,4.343469275111696,0.8174603174603174,14490,timesfm25_ctx336,timesfm25,336,-0.024621107271850073
nasa_power_bmd,ALLSKY_SFC_SW_DWN,30,0.8200101283446253,0.6423932295639933,4.516798712245439,0.8127674258109041,14490,timesfm25_ctx336,timesfm25,336,-0.0399688473354578
nasa_power_ghcn_bangladesh,PRECTOTCORR,1,1.147521658009398,0.9563570503494712,16.3634427368488,0.8289855072463768,4140,timesfm25_ctx336,timesfm25,336,0.25662953624790086
nasa_power_ghcn_bangladesh,PRECTOTCORR,3,1.4092547805300384,1.1667475910914693,20.492862960261508,0.7951690821256039,4140,timesfm25_ctx336,timesfm25,336,0.08247482471731371
nasa_power_ghcn_bangladesh,PRECTOTCORR,7,1.3759136238297325,1.1563889009185806,19.18546143280319,0.8437198067632851,4140,timesfm25_ctx336,timesfm25,336,0.050522729855097204
nasa_power_ghcn_bangladesh,PRECTOTCORR,14,1.3972986739590691,1.1636043394025457,19.114695016137222,0.7603864734299517,4140,timesfm25_ctx336,timesfm25,336,0.044597743840799065
nasa_power_ghcn_bangladesh,PRECTOTCORR,30,1.6260038223935869,1.35039907682859,21.09261620941142,0.8128019323671497,4140,timesfm25_ctx336,timesfm25,336,0.022732888694591002
nasa_power_ghcn_bangladesh,T2M,1,0.3768374326679865,0.3011308100323878,0.7452216927190293,0.8628019323671497,4140,timesfm25_ctx336,timesfm25,336,0.5045374829880647
nasa_power_ghcn_bangladesh,T2M,3,0.6351306622104671,0.4950660401151442,1.2362348379975343,0.8132850241545894,4140,timesfm25_ctx336,timesfm25,336,0.21153352718014184
nasa_power_ghcn_bangladesh,T2M,7,0.7679790323582367,0.6084935268571002,1.5189588880920228,0.836231884057971,4140,timesfm25_ctx336,timesfm25,336,-0.003953673545979086
nasa_power_ghcn_bangladesh,T2M,14,0.90823027808801,0.7188324162486617,1.7862371332199718,0.836231884057971,4140,timesfm25_ctx336,timesfm25,336,-0.18295214239238766
nasa_power_ghcn_bangladesh,T2M,30,1.24570458293357,0.9706630029435592,2.4053990730939985,0.8347826086956521,4140,timesfm25_ctx336,timesfm25,336,-0.5829409944843909
nasa_power_ghcn_temperate,PRECTOTCORR,1,0.6259827790024899,0.5326993193459136,3.625150597741137,0.826766304347826,13248,timesfm25_ctx336,timesfm25,336,0.04142185657186359
nasa_power_ghcn_temperate,PRECTOTCORR,3,0.719040101388301,0.6153239764685801,3.962786458382283,0.822463768115942,13248,timesfm25_ctx336,timesfm25,336,-0.015933919029568644
nasa_power_ghcn_temperate,PRECTOTCORR,7,0.6783617535981639,0.5768157583722773,3.867433709005702,0.8522041062801933,13248,timesfm25_ctx336,timesfm25,336,-0.022307755884977576
nasa_power_ghcn_temperate,PRECTOTCORR,14,0.6771733700770663,0.575921987470631,3.865073223015077,0.8446557971014492,13248,timesfm25_ctx336,timesfm25,336,-0.02392456093588491
nasa_power_ghcn_temperate,PRECTOTCORR,30,0.6979153312989076,0.5924006897306684,3.9134150920663497,0.8623943236714976,13248,timesfm25_ctx336,timesfm25,336,-0.028741289519226276
nasa_power_ghcn_temperate,T2M,1,0.3839156783975261,0.3041633754878802,1.8616122210998691,0.8654136473429952,13248,timesfm25_ctx336,timesfm25,336,0.4534086676070618
nasa_power_ghcn_temperate,T2M,3,0.633691640214599,0.4950856175013516,3.021227906754409,0.791213768115942,13248,timesfm25_ctx336,timesfm25,336,0.12661413901991625
nasa_power_ghcn_temperate,T2M,7,0.7103992929418891,0.5516008132730688,3.3190495433390046,0.8214070048309179,13248,timesfm25_ctx336,timesfm25,336,0.02461229618276206
nasa_power_ghcn_temperate,T2M,14,0.7443074956502209,0.5791253734199686,3.488031757760272,0.8208786231884058,13248,timesfm25_ctx336,timesfm25,336,-0.023085183085595817
nasa_power_ghcn_temperate,T2M,30,0.7553601529739227,0.5921257019434583,3.54243305505877,0.8448822463768116,13248,timesfm25_ctx336,timesfm25,336,-0.04800734559302389
bmd,Rainfall,1,0.5864011901390745,0.5136416790247379,16.66389106691368,0.871495975575909,14412,timesfm25_ctx512,timesfm25,512,-0.011724486107354437
bmd,Rainfall,3,0.6094443085279866,0.5329817002423597,17.157847411977123,0.8372189841798501,14412,timesfm25_ctx512,timesfm25,512,-0.02956828237244391
bmd,Rainfall,7,0.6366269445581203,0.5577828028828608,17.254505349494067,0.8632389675270608,14412,timesfm25_ctx512,timesfm25,512,-0.0432803985580128
bmd,Rainfall,14,0.6395521070603044,0.5601450535362408,17.272159535147942,0.7847626977518735,14412,timesfm25_ctx512,timesfm25,512,-0.04604612236238559
bmd,Rainfall,30,0.6378793803804671,0.568051053537179,17.798278582332845,0.8878712184290869,14412,timesfm25_ctx512,timesfm25,512,-0.03353943154364614
bmd,Temperature,1,0.494011896466329,0.3905010796060375,1.0839811558899055,0.8312903944729217,13461,timesfm25_ctx512,timesfm25,512,0.34988319260424705
bmd,Temperature,3,0.7221223694581518,0.5615375465057661,1.522736978878587,0.7927345665255182,13461,timesfm25_ctx512,timesfm25,512,0.11239264333195054
bmd,Temperature,7,0.7457328592593682,0.5787853836719966,1.556508710511641,0.8407250575737315,13461,timesfm25_ctx512,timesfm25,512,0.0213456940640655
bmd,Temperature,14,0.7692392434068269,0.6011230504373688,1.617007700603179,0.8423594086620607,13461,timesfm25_ctx512,timesfm25,512,-0.014658719980003676
bmd,Temperature,30,0.8381702143297313,0.6525877913145243,1.7918556457556165,0.8332961889904168,13461,timesfm25_ctx512,timesfm25,512,-0.0520090751940856
bmd,Humidity,1,0.5686236405373994,0.4470399979583477,4.836416546198673,0.7854633882734396,11103,timesfm25_ctx512,timesfm25,512,0.2884440544463843
bmd,Humidity,3,0.7275890853579375,0.5670117205386911,6.079219462557116,0.7745654327659192,11103,timesfm25_ctx512,timesfm25,512,0.11086559281829755
bmd,Humidity,7,0.7655288498716456,0.5939390909698012,6.365988022438156,0.8034765378726471,11103,timesfm25_ctx512,timesfm25,512,0.04414373498309987
bmd,Humidity,14,0.7828535383888534,0.6074400744644426,6.515931831747129,0.8068089705485004,11103,timesfm25_ctx512,timesfm25,512,0.023367757701077574
bmd,Humidity,30,0.7940169586641777,0.6180321893957555,6.656938280270515,0.8090606142484014,11103,timesfm25_ctx512,timesfm25,512,0.024745942579168845
bmd,Sunshine,1,0.688139560762071,0.5311247473433454,2.618259802789245,0.7759774044893711,13454,timesfm25_ctx512,timesfm25,512,0.1603260767797724
bmd,Sunshine,3,0.8297585646808622,0.6319102009973848,3.0698537689746814,0.7802140627322729,13454,timesfm25_ctx512,timesfm25,512,0.012619753979713266
bmd,Sunshine,7,0.8423655927188934,0.6357670698689837,3.0736364280191113,0.8317972350230415,13454,timesfm25_ctx512,timesfm25,512,0.005826587289794127
bmd,Sunshine,14,0.8542482627164275,0.6413243106296418,3.0975349493757744,0.8356622565779693,13454,timesfm25_ctx512,timesfm25,512,-0.0017636890481023126
bmd,Sunshine,30,0.8803702641855792,0.6603779424861381,3.1714180218596706,0.8248104652891334,13454,timesfm25_ctx512,timesfm25,512,-0.011140575246256113
ghcn_bangladesh,Rainfall,1,1.230071435106791,1.0628252485064429,19.16270966571358,0.8128249566724437,1154,timesfm25_ctx512,timesfm25,512,0.04665755201679789
ghcn_bangladesh,Rainfall,3,1.3736122969432671,1.1967170944660814,25.745256384463037,0.7998266897746967,1154,timesfm25_ctx512,timesfm25,512,-0.0095964722173838
ghcn_bangladesh,Rainfall,7,1.3485203876341532,1.176140963975763,20.04462544223037,0.8258232235701907,1154,timesfm25_ctx512,timesfm25,512,-0.013600528220003127
ghcn_bangladesh,Rainfall,14,1.3351306674818673,1.1605418312507902,19.28989570723703,0.7998266897746967,1154,timesfm25_ctx512,timesfm25,512,-0.0007143341260069658
ghcn_bangladesh,Rainfall,30,1.2120239323400828,1.0674566289848624,19.82900739163036,0.8734835355285961,1154,timesfm25_ctx512,timesfm25,512,-0.02988935932315262
ghcn_bangladesh,Tavg,1,0.4915939854395367,0.3927250983868718,1.1749856580978708,0.8362652232746955,1478,timesfm25_ctx512,timesfm25,512,0.31991277241722016
ghcn_bangladesh,Tavg,3,0.6986941600556292,0.5509036215427561,1.6231783740428771,0.7990527740189445,1478,timesfm25_ctx512,timesfm25,512,0.10015565939410964
ghcn_bangladesh,Tavg,7,0.7423826461041504,0.5763244211109848,1.7114401978575948,0.847767253044655,1478,timesfm25_ctx512,timesfm25,512,0.001251055117979738
ghcn_bangladesh,Tavg,14,0.7974532531499811,0.623621006060958,1.8931803454401184,0.8389715832205683,1478,timesfm25_ctx512,timesfm25,512,-0.07388776461018765
ghcn_bangladesh,Tavg,30,0.9242147505733108,0.7392314905382379,2.282004779839571,0.7976995940460081,1478,timesfm25_ctx512,timesfm25,512,-0.20399095913828713
ghcn_temperate,Rainfall,1,0.5637105776389045,0.498501978830998,4.430787768132709,0.8323693556570269,9855,timesfm25_ctx512,timesfm25,512,0.006178899861542186
ghcn_temperate,Rainfall,3,0.6308007112439653,0.5627827493964761,5.022156001312456,0.8192795535261289,9855,timesfm25_ctx512,timesfm25,512,-0.013476175490700237
ghcn_temperate,Rainfall,7,0.6278157535939862,0.5601547403893414,5.023955280653251,0.8400811770674784,9855,timesfm25_ctx512,timesfm25,512,-0.02204552190996778
ghcn_temperate,Rainfall,14,0.6258486053068388,0.5580939732337741,4.98614990230634,0.7864028411973617,9855,timesfm25_ctx512,timesfm25,512,-0.021150404724773697
ghcn_temperate,Rainfall,30,0.5977403441877686,0.534783889264475,4.790533634562707,0.8692034500253678,9855,timesfm25_ctx512,timesfm25,512,-0.014805119442117709
ghcn_temperate,Tavg,1,0.4015267575460657,0.3151378482818076,2.0509924737727308,0.8350363833410744,12918,timesfm25_ctx512,timesfm25,512,0.43237091727695964
ghcn_temperate,Tavg,3,0.6227303542817464,0.4858599030439691,3.1498573103526395,0.7847189967487227,12918,timesfm25_ctx512,timesfm25,512,0.13751296487215348
ghcn_temperate,Tavg,7,0.6854516929513064,0.5321280784913266,3.430098104994602,0.8094132218609692,12918,timesfm25_ctx512,timesfm25,512,0.05394624705397277
ghcn_temperate,Tavg,14,0.7035849008192261,0.5447252825512023,3.50926185743444,0.8159157764359808,12918,timesfm25_ctx512,timesfm25,512,0.03159314833949001
ghcn_temperate,Tavg,30,0.6972785512025677,0.5427217306897578,3.502448081413521,0.8259018423904629,12918,timesfm25_ctx512,timesfm25,512,0.03500337823704025
nasa_power_bmd,PRECTOTCORR,1,1.199026927591995,1.002748713522654,15.790418862905208,0.8325051759834369,14490,timesfm25_ctx512,timesfm25,512,0.2795066839103303
nasa_power_bmd,PRECTOTCORR,3,1.5147957510469872,1.2621163785362817,20.659316354891885,0.7944789510006901,14490,timesfm25_ctx512,timesfm25,512,0.11139071583057247
nasa_power_bmd,PRECTOTCORR,7,1.5089402575295057,1.2702682872636637,19.49602052533917,0.8274672187715666,14490,timesfm25_ctx512,timesfm25,512,0.06243701129395551
nasa_power_bmd,PRECTOTCORR,14,1.5372836177799,1.2863848458293052,19.56472663755893,0.7572118702553485,14490,timesfm25_ctx512,timesfm25,512,0.05053862293265632
nasa_power_bmd,PRECTOTCORR,30,1.75201459026533,1.4679931908569617,22.137768933036277,0.7936507936507936,14490,timesfm25_ctx512,timesfm25,512,0.03609848674160776
nasa_power_bmd,T2M,1,0.3638092672267912,0.2892885630398314,0.700262722868894,0.8610766045548655,14490,timesfm25_ctx512,timesfm25,512,0.5301259334388446
nasa_power_bmd,T2M,3,0.6196073571005747,0.4817666410938627,1.1754639816470878,0.8028985507246377,14490,timesfm25_ctx512,timesfm25,512,0.24764795580066679
nasa_power_bmd,T2M,7,0.7165184603423504,0.562954726480705,1.364670202421303,0.8391994478951,14490,timesfm25_ctx512,timesfm25,512,0.08261765774539431
nasa_power_bmd,T2M,14,0.8060047877601191,0.6372662344534504,1.5496929521173894,0.8308488612836439,14490,timesfm25_ctx512,timesfm25,512,-0.035604142476715506
nasa_power_bmd,T2M,30,0.9812167322621056,0.7637825037550626,1.88051889926025,0.8269151138716356,14490,timesfm25_ctx512,timesfm25,512,-0.22041767610921092
nasa_power_bmd,RH2M,1,0.3522410302458231,0.277482597450235,4.283088283136584,0.8120082815734989,14490,timesfm25_ctx512,timesfm25,512,0.6209523193315858
nasa_power_bmd,RH2M,3,0.4899173925779279,0.3814257490718897,5.961278028573573,0.8113871635610767,14490,timesfm25_ctx512,timesfm25,512,0.47782910277659274
nasa_power_bmd,RH2M,7,0.5682505649505701,0.441094166573813,6.921374633722129,0.8071083505866115,14490,timesfm25_ctx512,timesfm25,512,0.39862709611355407
nasa_power_bmd,RH2M,14,0.6064266574953524,0.4676726630394899,7.3606914286295,0.8026915113871635,14490,timesfm25_ctx512,timesfm25,512,0.36239685931506194
nasa_power_bmd,RH2M,30,0.6650510703319409,0.5144109212747964,8.124694556696655,0.7908212560386474,14490,timesfm25_ctx512,timesfm25,512,0.3161767005989756
nasa_power_bmd,ALLSKY_SFC_SW_DWN,1,0.5900045808966669,0.4683797660208177,3.4354855821703834,0.7986887508626639,14490,timesfm25_ctx512,timesfm25,512,0.21966477316408017
nasa_power_bmd,ALLSKY_SFC_SW_DWN,3,0.7300839504908871,0.5735061462452242,4.115642404568266,0.7843340234644582,14490,timesfm25_ctx512,timesfm25,512,0.036199460419981566
nasa_power_bmd,ALLSKY_SFC_SW_DWN,7,0.7527001508995633,0.5896719527629333,4.202127844581211,0.8234644582470669,14490,timesfm25_ctx512,timesfm25,512,0.016795417344896646
nasa_power_bmd,ALLSKY_SFC_SW_DWN,14,0.7551283992259206,0.5906814952966855,4.203332976295219,0.8303657694962043,14490,timesfm25_ctx512,timesfm25,512,0.015234362093913378
nasa_power_bmd,ALLSKY_SFC_SW_DWN,30,0.7811985914346412,0.613508888519127,4.361648225187154,0.8191166321601104,14490,timesfm25_ctx512,timesfm25,512,0.006791942598243561
nasa_power_ghcn_bangladesh,PRECTOTCORR,1,1.1393030196348208,0.9513755375433832,16.2353979418861,0.8285024154589372,4140,timesfm25_ctx512,timesfm25,512,0.26050163556843753
nasa_power_ghcn_bangladesh,PRECTOTCORR,3,1.389626012327821,1.150943679849995,20.361104925788993,0.7983091787439613,4140,timesfm25_ctx512,timesfm25,512,0.09490295102561053
nasa_power_ghcn_bangladesh,PRECTOTCORR,7,1.385430119094378,1.1607821705534578,19.11555887695827,0.827536231884058,4140,timesfm25_ctx512,timesfm25,512,0.0469155440228739
nasa_power_ghcn_bangladesh,PRECTOTCORR,14,1.4086562864599763,1.1740257627102897,19.190131908729494,0.7618357487922706,4140,timesfm25_ctx512,timesfm25,512,0.03604101110661129
nasa_power_ghcn_bangladesh,PRECTOTCORR,30,1.6212015870310206,1.3474582824642836,21.192692408922827,0.7893719806763285,4140,timesfm25_ctx512,timesfm25,512,0.02486110520677831
nasa_power_ghcn_bangladesh,T2M,1,0.3635795835021137,0.2898346867943612,0.715085975419167,0.8533816425120773,4140,timesfm25_ctx512,timesfm25,512,0.5231234445221491
nasa_power_ghcn_bangladesh,T2M,3,0.6130921189513024,0.4770523515499946,1.1873612669727591,0.8053140096618358,4140,timesfm25_ctx512,timesfm25,512,0.24022301168232163
nasa_power_ghcn_bangladesh,T2M,7,0.7103946749494953,0.5578098745989579,1.3828710471906691,0.8357487922705314,4140,timesfm25_ctx512,timesfm25,512,0.07966930127202365
nasa_power_ghcn_bangladesh,T2M,14,0.7947255807732608,0.6267570697013792,1.562695236389939,0.8309178743961353,4140,timesfm25_ctx512,timesfm25,512,-0.031427634040289476
nasa_power_ghcn_bangladesh,T2M,30,0.949669434595876,0.7398955738993968,1.867826750818802,0.8251207729468599,4140,timesfm25_ctx512,timesfm25,512,-0.2066093299231393
nasa_power_ghcn_temperate,PRECTOTCORR,1,0.6224470478804724,0.5302784961128112,3.610058993144244,0.8287288647342995,13248,timesfm25_ctx512,timesfm25,512,0.04577806307726018
nasa_power_ghcn_temperate,PRECTOTCORR,3,0.7176170631643096,0.6134255397970955,3.9525412839357847,0.8322010869565217,13248,timesfm25_ctx512,timesfm25,512,-0.01279949508145628
nasa_power_ghcn_temperate,PRECTOTCORR,7,0.6772508952700953,0.5751651486637597,3.861105357758564,0.8599788647342995,13248,timesfm25_ctx512,timesfm25,512,-0.01938233111551857
nasa_power_ghcn_temperate,PRECTOTCORR,14,0.6755171519713568,0.5738158039200917,3.8568553108611834,0.8556763285024155,13248,timesfm25_ctx512,timesfm25,512,-0.02018000331496883
nasa_power_ghcn_temperate,PRECTOTCORR,30,0.6949738688220829,0.5898271823930893,3.9053283599936632,0.8715277777777778,13248,timesfm25_ctx512,timesfm25,512,-0.024272231155617607
nasa_power_ghcn_temperate,T2M,1,0.3814468202073613,0.2996216149677092,1.8504148194632544,0.842391304347826,13248,timesfm25_ctx512,timesfm25,512,0.4615703567984313
nasa_power_ghcn_temperate,T2M,3,0.6235403127840023,0.4849005327283981,2.965587838234203,0.7772493961352657,13248,timesfm25_ctx512,timesfm25,512,0.1445817565776144
nasa_power_ghcn_temperate,T2M,7,0.6880172715762992,0.5331679569867348,3.2366907055385243,0.8096316425120773,13248,timesfm25_ctx512,timesfm25,512,0.05720684814006649
nasa_power_ghcn_temperate,T2M,14,0.7132983497137596,0.5527179714076139,3.363455956659008,0.8103109903381642,13248,timesfm25_ctx512,timesfm25,512,0.023566238113718052
nasa_power_ghcn_temperate,T2M,30,0.7142579655736075,0.5546029467370293,3.3648590604939628,0.8226147342995169,13248,timesfm25_ctx512,timesfm25,512,0.018404436489999898
bmd,Rainfall,1,0.6104149061302346,0.5284075105065136,16.923683343149282,0.8529697474326949,14412,timesfm25_ctx96,timesfm25,96,-0.04080887290441537
bmd,Rainfall,3,0.639429935914125,0.5541487783740736,17.520823527506703,0.8340271995559256,14412,timesfm25_ctx96,timesfm25,96,-0.07045702632932338
bmd,Rainfall,7,0.6630489876200427,0.5822140227759396,17.7956252965739,0.8399250624479601,14412,timesfm25_ctx96,timesfm25,96,-0.08897670309729522
bmd,Rainfall,14,0.6771453659941388,0.5949285466079883,17.935067979517164,0.7969747432694977,14412,timesfm25_ctx96,timesfm25,96,-0.11100275782710689
bmd,Rainfall,30,0.6869752949207126,0.6167642730630548,18.529908766176316,0.8591451568137664,14412,timesfm25_ctx96,timesfm25,96,-0.12217060809710945
bmd,Temperature,1,0.5299294111214653,0.4182235739683562,1.1686846691285553,0.8321075700170864,13461,timesfm25_ctx96,timesfm25,96,0.3037300307588048
bmd,Temperature,3,0.7981169065721864,0.6184089919543018,1.6802820898393205,0.7698536512889087,13461,timesfm25_ctx96,timesfm25,96,0.022497473047112693
bmd,Temperature,7,0.9449046338986102,0.7346758834279394,2.0289003750065824,0.7809969541638808,13461,timesfm25_ctx96,timesfm25,96,-0.24224580832106923
bmd,Temperature,14,1.1787348773698956,0.9170107563392912,2.535373959035534,0.7452640962781368,13461,timesfm25_ctx96,timesfm25,96,-0.5478577298909693
bmd,Temperature,30,1.7177691202577672,1.3703521985891436,3.6865523817774104,0.6692667706708268,13461,timesfm25_ctx96,timesfm25,96,-1.209086606146966
bmd,Humidity,1,0.5884039063000097,0.4642191163472243,5.013146093842765,0.8028460776366748,11103,timesfm25_ctx96,timesfm25,96,0.26109996021588655
bmd,Humidity,3,0.7678521753868848,0.6016400540309975,6.430370439706221,0.7578132036386562,11103,timesfm25_ctx96,timesfm25,96,0.05656469981008816
bmd,Humidity,7,0.8279071911892668,0.6450886399121106,6.883716952961451,0.7798793118976853,11103,timesfm25_ctx96,timesfm25,96,-0.038173825104523385
bmd,Humidity,14,0.8796310558980859,0.6862504538297051,7.310990153598687,0.7804197063856615,11103,timesfm25_ctx96,timesfm25,96,-0.10334228457557915
bmd,Humidity,30,0.9674965792519924,0.7604975290059037,8.04663621149894,0.7698820138701252,11103,timesfm25_ctx96,timesfm25,96,-0.20006419333377434
bmd,Sunshine,1,0.7137710898649091,0.5493887556698549,2.69814028450979,0.7718150735840642,13454,timesfm25_ctx96,timesfm25,96,0.1314518591840833
bmd,Sunshine,3,0.8557238908676261,0.6558638882346115,3.1684698188926315,0.7429017392596997,13454,timesfm25_ctx96,timesfm25,96,-0.024808661576888547
bmd,Sunshine,7,0.8860515809985093,0.6716546033237771,3.201531603904139,0.7675040880035677,13454,timesfm25_ctx96,timesfm25,96,-0.05029212866675281
bmd,Sunshine,14,0.903546254913079,0.6820666619154593,3.247956402429585,0.7691392894306526,13454,timesfm25_ctx96,timesfm25,96,-0.06540420204300723
bmd,Sunshine,30,0.9637225463591712,0.727931180948104,3.431750236910096,0.7659432139140776,13454,timesfm25_ctx96,timesfm25,96,-0.11457501180697371
ghcn_bangladesh,Rainfall,1,1.2762901261254622,1.1013082981575937,19.651810999386782,0.8292894280762565,1154,timesfm25_ctx96,timesfm25,96,0.012138683734506772
ghcn_bangladesh,Rainfall,3,1.442992815934745,1.2409794643009584,26.052082066416872,0.8119584055459272,1154,timesfm25_ctx96,timesfm25,96,-0.04693790624879979
ghcn_bangladesh,Rainfall,7,1.4308580144005445,1.2411695501055682,20.879896911192503,0.8223570190641247,1154,timesfm25_ctx96,timesfm25,96,-0.06964228789799431
ghcn_bangladesh,Rainfall,14,1.4379608836694868,1.2388855284177072,20.322076708065484,0.8024263431542461,1154,timesfm25_ctx96,timesfm25,96,-0.06826869419492798
ghcn_bangladesh,Rainfall,30,1.367586330812325,1.213584764831779,22.295516975970425,0.8561525129982669,1154,timesfm25_ctx96,timesfm25,96,-0.17087477092679504
ghcn_bangladesh,Tavg,1,0.5299640709445029,0.419623297323039,1.267675508229047,0.8376184032476319,1478,timesfm25_ctx96,timesfm25,96,0.2733328068978086
ghcn_bangladesh,Tavg,3,0.7588156907101269,0.587075893643104,1.723786033402685,0.7916102841677943,1478,timesfm25_ctx96,timesfm25,96,0.0410719774876398
ghcn_bangladesh,Tavg,7,0.8777014964122088,0.6814707731996738,2.0362414841938556,0.7733423545331529,1478,timesfm25_ctx96,timesfm25,96,-0.18096369122980427
ghcn_bangladesh,Tavg,14,1.0772520890900183,0.8332447600701444,2.487180725062644,0.7320703653585927,1478,timesfm25_ctx96,timesfm25,96,-0.43486403451491973
ghcn_bangladesh,Tavg,30,1.458331084307789,1.1557949350059864,3.3832702015415546,0.6975642760487145,1478,timesfm25_ctx96,timesfm25,96,-0.8824504504696162
ghcn_temperate,Rainfall,1,0.582538427516948,0.5112436378631616,4.575757484634374,0.826179604261796,9855,timesfm25_ctx96,timesfm25,96,-0.019223064693601577
ghcn_temperate,Rainfall,3,0.6518565747620976,0.5764225170398506,5.157149688591477,0.8051750380517504,9855,timesfm25_ctx96,timesfm25,96,-0.038039081089020765
ghcn_temperate,Rainfall,7,0.6518822726719564,0.5783139629539407,5.1576395139476,0.8082191780821918,9855,timesfm25_ctx96,timesfm25,96,-0.05517842388383154
ghcn_temperate,Rainfall,14,0.6526530747900211,0.5783382992736295,5.120774631460115,0.7668188736681887,9855,timesfm25_ctx96,timesfm25,96,-0.0581916607146844
ghcn_temperate,Rainfall,30,0.6216501915195111,0.5557566827222791,4.915765359500756,0.8609842719431761,9855,timesfm25_ctx96,timesfm25,96,-0.05460306137199544
ghcn_temperate,Tavg,1,0.4274810675363588,0.3377110908909569,2.205819754499443,0.8592661402693915,12918,timesfm25_ctx96,timesfm25,96,0.39171179281388335
ghcn_temperate,Tavg,3,0.6876940910536835,0.5392509647826335,3.510083385384717,0.7770552717138876,12918,timesfm25_ctx96,timesfm25,96,0.04273441193373351
ghcn_temperate,Tavg,7,0.8208551773457156,0.6433130803525058,4.229712942111922,0.7847189967487227,12918,timesfm25_ctx96,timesfm25,96,-0.14372606631145346
ghcn_temperate,Tavg,14,0.9590530596702364,0.7493485008735162,4.868386080130473,0.7580120761727822,12918,timesfm25_ctx96,timesfm25,96,-0.33218384711055493
ghcn_temperate,Tavg,30,1.2645503867303003,0.9921658841386316,6.225351765677132,0.6775042576250193,12918,timesfm25_ctx96,timesfm25,96,-0.7641392859014706
nasa_power_bmd,PRECTOTCORR,1,1.259388088734715,1.0517024012446636,16.253034429735468,0.7922015182884748,14490,timesfm25_ctx96,timesfm25,96,0.24433256269132364
nasa_power_bmd,PRECTOTCORR,3,1.5696847754740937,1.3154632300211688,21.029454447580505,0.7518978605935127,14490,timesfm25_ctx96,timesfm25,96,0.0738311782817016
nasa_power_bmd,PRECTOTCORR,7,1.5626338771559931,1.3173134859837283,20.02893984285565,0.7864734299516908,14490,timesfm25_ctx96,timesfm25,96,0.027713766166528098
nasa_power_bmd,PRECTOTCORR,14,1.6072306868234507,1.355389612934902,20.16335245801712,0.7467218771566597,14490,timesfm25_ctx96,timesfm25,96,-0.0003927615691980968
nasa_power_bmd,PRECTOTCORR,30,1.905339492881984,1.6347383223403396,23.227062156494945,0.721256038647343,14490,timesfm25_ctx96,timesfm25,96,-0.073388318487694
nasa_power_bmd,T2M,1,0.3902858991158561,0.3118099435509933,0.7729876199009243,0.8603174603174604,14490,timesfm25_ctx96,timesfm25,96,0.49354580550653593
nasa_power_bmd,T2M,3,0.681063125965757,0.5306420112796474,1.3031426325400022,0.7883367839889579,14490,timesfm25_ctx96,timesfm25,96,0.17132161534092938
nasa_power_bmd,T2M,7,0.9040038133260476,0.7183550435761864,1.814215519094581,0.7924775707384403,14490,timesfm25_ctx96,timesfm25,96,-0.17062030292576003
nasa_power_bmd,T2M,14,1.2412291906052406,0.9788963464246124,2.4353470636525056,0.7375431331953071,14490,timesfm25_ctx96,timesfm25,96,-0.5907780086325924
nasa_power_bmd,T2M,30,1.9437652301880863,1.5796396399805293,3.6970332854970738,0.6474120082815735,14490,timesfm25_ctx96,timesfm25,96,-1.5240433356840293
nasa_power_bmd,RH2M,1,0.3714362858978706,0.2940869614328363,4.543669146619958,0.8265700483091788,14490,timesfm25_ctx96,timesfm25,96,0.5982703720152034
nasa_power_bmd,RH2M,3,0.5200422383936958,0.4077968740325279,6.370561988910502,0.7918564527260179,14490,timesfm25_ctx96,timesfm25,96,0.4417270986119718
nasa_power_bmd,RH2M,7,0.6596873802251519,0.512722844636253,8.010086193788933,0.7554865424430642,14490,timesfm25_ctx96,timesfm25,96,0.300970973244043
nasa_power_bmd,RH2M,14,0.7714138418185965,0.5987616805722252,9.291688716781623,0.722567287784679,14490,timesfm25_ctx96,timesfm25,96,0.18367619442745586
nasa_power_bmd,RH2M,30,1.0107547123136085,0.7966946003694368,12.04657059635594,0.6601104209799862,14490,timesfm25_ctx96,timesfm25,96,-0.05907224692957014
nasa_power_bmd,ALLSKY_SFC_SW_DWN,1,0.6102287422147261,0.4861376206541823,3.5556179545342257,0.7980676328502415,14490,timesfm25_ctx96,timesfm25,96,0.1900796362117082
nasa_power_bmd,ALLSKY_SFC_SW_DWN,3,0.7647712907165245,0.6043008914228875,4.2767599900673945,0.758592132505176,14490,timesfm25_ctx96,timesfm25,96,-0.015552368593146682
nasa_power_bmd,ALLSKY_SFC_SW_DWN,7,0.799251581536065,0.6319112795731969,4.465361879097989,0.7916494133885438,14490,timesfm25_ctx96,timesfm25,96,-0.05363340243112913
nasa_power_bmd,ALLSKY_SFC_SW_DWN,14,0.8127523777844108,0.6442646808374223,4.5233020447541366,0.7930986887508626,14490,timesfm25_ctx96,timesfm25,96,-0.07409784199614422
nasa_power_bmd,ALLSKY_SFC_SW_DWN,30,0.8877660576733728,0.7077306861429997,4.843118161708662,0.7942028985507247,14490,timesfm25_ctx96,timesfm25,96,-0.14574349793757935
nasa_power_ghcn_bangladesh,PRECTOTCORR,1,1.188335553658656,0.9923506310630849,16.678733514705133,0.7949275362318841,4140,timesfm25_ctx96,timesfm25,96,0.22865194693917956
nasa_power_ghcn_bangladesh,PRECTOTCORR,3,1.433360841115643,1.1967847712447237,20.681355765383703,0.7570048309178744,4140,timesfm25_ctx96,timesfm25,96,0.05885371832245878
nasa_power_ghcn_bangladesh,PRECTOTCORR,7,1.4298379212911554,1.202846598868575,19.650725131373587,0.7900966183574879,4140,timesfm25_ctx96,timesfm25,96,0.012377666207618487
nasa_power_ghcn_bangladesh,PRECTOTCORR,14,1.4759172977594612,1.2397173585304535,19.887515196198223,0.75,4140,timesfm25_ctx96,timesfm25,96,-0.017896480128173797
nasa_power_ghcn_bangladesh,PRECTOTCORR,30,1.760338606177879,1.5036367789603926,22.40396930324281,0.7239130434782609,4140,timesfm25_ctx96,timesfm25,96,-0.08816334122369551
nasa_power_ghcn_bangladesh,T2M,1,0.388624029277516,0.3104485634602582,0.7841601311137438,0.8577294685990338,4140,timesfm25_ctx96,timesfm25,96,0.48920661210915084
nasa_power_ghcn_bangladesh,T2M,3,0.6731512814835567,0.524777999385623,1.3144285139582397,0.7888888888888889,4140,timesfm25_ctx96,timesfm25,96,0.16421280261355076
nasa_power_ghcn_bangladesh,T2M,7,0.8938037059519796,0.7092964504313531,1.8344954665180415,0.7963768115942029,4140,timesfm25_ctx96,timesfm25,96,-0.17026845087690057
nasa_power_ghcn_bangladesh,T2M,14,1.2149872529162178,0.9599595274412972,2.4482321986019295,0.7384057971014493,4140,timesfm25_ctx96,timesfm25,96,-0.5797648435540776
nasa_power_ghcn_bangladesh,T2M,30,1.9068399985958795,1.5465278798131843,3.7151239396553937,0.6451690821256039,4140,timesfm25_ctx96,timesfm25,96,-1.5220518064925823
nasa_power_ghcn_temperate,PRECTOTCORR,1,0.6381309983374257,0.5399642804855426,3.668447179929161,0.818161231884058,13248,timesfm25_ctx96,timesfm25,96,0.028348753775610636
nasa_power_ghcn_temperate,PRECTOTCORR,3,0.7316965819616724,0.623131450834932,4.001425410121366,0.8135567632850241,13248,timesfm25_ctx96,timesfm25,96,-0.028824491043766498
nasa_power_ghcn_temperate,PRECTOTCORR,7,0.6934925627153636,0.5871511888467605,3.909052442631541,0.831219806763285,13248,timesfm25_ctx96,timesfm25,96,-0.04062554727869827
nasa_power_ghcn_temperate,PRECTOTCORR,14,0.6958887721619456,0.590158353881196,3.917617858191272,0.8071407004830918,13248,timesfm25_ctx96,timesfm25,96,-0.04923522026716021
nasa_power_ghcn_temperate,PRECTOTCORR,30,0.7185889666837781,0.6089481720686024,3.978446219208166,0.8432216183574879,13248,timesfm25_ctx96,timesfm25,96,-0.05747703985463226
nasa_power_ghcn_temperate,T2M,1,0.4077024748556602,0.3215603944239599,1.9963931220165756,0.8685839371980676,13248,timesfm25_ctx96,timesfm25,96,0.4221456671071351
nasa_power_ghcn_temperate,T2M,3,0.6895550698013776,0.5393981860607356,3.3154939192275976,0.7764190821256038,13248,timesfm25_ctx96,timesfm25,96,0.048441860376877366
nasa_power_ghcn_temperate,T2M,7,0.8452959382695829,0.6609955601089086,4.106251106809365,0.7807971014492754,13248,timesfm25_ctx96,timesfm25,96,-0.1688288452338571
nasa_power_ghcn_temperate,T2M,14,1.0196864302847393,0.7948333671720691,4.86704171017486,0.7438103864734299,13248,timesfm25_ctx96,timesfm25,96,-0.40415578093843174
nasa_power_ghcn_temperate,T2M,30,1.3828379235274435,1.0890470125080225,6.37824783275485,0.655042270531401,13248,timesfm25_ctx96,timesfm25,96,-0.927511785180928
bmd,Rainfall,1,0.5752564832087905,0.4911271038034695,17.18194159393485,0.8287538162642243,14412,tirex_ctx2048,tirex,2048,0.03262266868139485
bmd,Rainfall,3,0.5968391133017894,0.5158686022366425,18.285879296911418,0.846308631695809,14412,tirex_ctx2048,tirex,2048,0.0034893308848322757
bmd,Rainfall,7,0.6297679950604717,0.5397234937440317,18.369847010490364,0.8469331112961421,14412,tirex_ctx2048,tirex,2048,-0.009502155237024912
bmd,Rainfall,14,0.6314321806213467,0.5397433123985212,18.434079385129863,0.8599084096586178,14412,tirex_ctx2048,tirex,2048,-0.007946772788870238
bmd,Rainfall,30,0.6283468813128433,0.5501400422942542,18.943920268562625,0.8623369414376908,14412,tirex_ctx2048,tirex,2048,-0.0009512754912732735
bmd,Temperature,1,0.4861521146033467,0.3829434735905924,1.0778570873618882,0.7967461555605081,13461,tirex_ctx2048,tirex,2048,0.3624653004418822
bmd,Temperature,3,0.7135479445151324,0.5544450654859978,1.5083772236133648,0.7858257187430354,13461,tirex_ctx2048,tirex,2048,0.12360353807861235
bmd,Temperature,7,0.7138869158320104,0.5559738025133057,1.5010682878213035,0.8190327613104524,13461,tirex_ctx2048,tirex,2048,0.05991724883368532
bmd,Temperature,14,0.7218396877587248,0.5643827712447115,1.522858764535458,0.8265359185796003,13461,tirex_ctx2048,tirex,2048,0.04735661054210172
bmd,Temperature,30,0.7733736072824957,0.6026805061733771,1.6380251164908444,0.8206671123987817,13461,tirex_ctx2048,tirex,2048,0.028444340554051206
bmd,Humidity,1,0.5675359258584629,0.444700618174857,4.8145647499483415,0.7844726650454832,11103,tirex_ctx2048,tirex,2048,0.2921676577066139
bmd,Humidity,3,0.7255534878775404,0.5631895455508449,6.070848004508455,0.7845627307934793,11103,tirex_ctx2048,tirex,2048,0.11685916785186945
bmd,Humidity,7,0.7512336215581583,0.581772562286881,6.256403189421216,0.7935693055930829,11103,tirex_ctx2048,tirex,2048,0.06372394588669306
bmd,Humidity,14,0.7626171562539659,0.589813930906641,6.346116301289138,0.7988831847248491,11103,tirex_ctx2048,tirex,2048,0.05170678377062954
bmd,Humidity,30,0.7749969554805173,0.6022446564863294,6.539884218140698,0.8067189048005043,11103,tirex_ctx2048,tirex,2048,0.04965865067231223
bmd,Sunshine,1,0.6802590655239515,0.5183987397928042,2.706820792450067,0.7973093503790695,13454,tirex_ctx2048,tirex,2048,0.1804450728166591
bmd,Sunshine,3,0.8041854397652742,0.6107107553306692,3.0798126231782796,0.7548684406124573,13454,tirex_ctx2048,tirex,2048,0.04574457748289007
bmd,Sunshine,7,0.8110411065340438,0.6116092428697902,3.0763429140204788,0.7830385015608741,13454,tirex_ctx2048,tirex,2048,0.043603110248745525
bmd,Sunshine,14,0.8139656237497013,0.6123279988394411,3.0871540858129807,0.7906198899955403,13454,tirex_ctx2048,tirex,2048,0.04352923340360104
bmd,Sunshine,30,0.8177228152772116,0.6242831876582589,3.115738970689032,0.7899509439571875,13454,tirex_ctx2048,tirex,2048,0.04412606649322104
ghcn_bangladesh,Rainfall,1,1.1921283937858786,1.0079340569619135,19.57399143743889,0.7357019064124783,1154,tirex_ctx2048,tirex,2048,0.09589434140744735
ghcn_bangladesh,Rainfall,3,1.365382996380862,1.1810468907821905,26.91160724955837,0.7469670710571924,1154,tirex_ctx2048,tirex,2048,0.0036235130500970048
ghcn_bangladesh,Rainfall,7,1.3457139246755292,1.1617623870121805,21.27382588251319,0.74263431542461,1154,tirex_ctx2048,tirex,2048,-0.0012090431414855107
ghcn_bangladesh,Rainfall,14,1.3426136940875693,1.1445644641144002,20.71846379919102,0.7781629116117851,1154,tirex_ctx2048,tirex,2048,0.013062662001523617
ghcn_bangladesh,Rainfall,30,1.1955666780375909,1.040777400543013,21.136350026387714,0.7902946273830156,1154,tirex_ctx2048,tirex,2048,-0.0041490596789954814
ghcn_bangladesh,Tavg,1,0.4880099062043223,0.386602762238008,1.1717306096399942,0.7895805142083897,1478,tirex_ctx2048,tirex,2048,0.3305149025966083
ghcn_bangladesh,Tavg,3,0.6770114781741019,0.5321395412992558,1.5884546392917416,0.7828146143437077,1478,tirex_ctx2048,tirex,2048,0.13080485238090522
ghcn_bangladesh,Tavg,7,0.706380261778628,0.5486705144898716,1.6141853041235863,0.8058186738836265,1478,tirex_ctx2048,tirex,2048,0.049174254357846725
ghcn_bangladesh,Tavg,14,0.7223711470749692,0.5651636627206261,1.6698584684878446,0.8200270635994588,1478,tirex_ctx2048,tirex,2048,0.026776942246500623
ghcn_bangladesh,Tavg,30,0.7700970310755845,0.6081035445058913,1.7976141047110683,0.8159675236806495,1478,tirex_ctx2048,tirex,2048,0.009577947941642129
ghcn_temperate,Rainfall,1,0.5568936046739842,0.4847074170361731,4.657013813438288,0.6984271943176052,9855,tirex_ctx2048,tirex,2048,0.033679947321794135
ghcn_temperate,Rainfall,3,0.6252351726172025,0.5547993546355917,5.31794060938281,0.8226281075596145,9855,tirex_ctx2048,tirex,2048,0.0009005629547661487
ghcn_temperate,Rainfall,7,0.6216067352843253,0.5510494417563758,5.3162810030645815,0.8116692034500254,9855,tirex_ctx2048,tirex,2048,-0.005432202370786232
ghcn_temperate,Rainfall,14,0.620183206382283,0.5490086952435433,5.295226671797921,0.7497716894977169,9855,tirex_ctx2048,tirex,2048,-0.004526976159500373
ghcn_temperate,Rainfall,30,0.593248504503671,0.5295752487728553,5.0865003862084,0.815220700152207,9855,tirex_ctx2048,tirex,2048,-0.004921210928158892
ghcn_temperate,Tavg,1,0.3962581547949901,0.3096457834809027,2.0318337671068,0.817618826443722,12918,tirex_ctx2048,tirex,2048,0.44226327302600754
ghcn_temperate,Tavg,3,0.6175841376340578,0.4794049173193602,3.1090264939203403,0.8016720854621459,12918,tirex_ctx2048,tirex,2048,0.14897170321324826
ghcn_temperate,Tavg,7,0.6691019460618317,0.5177735881963067,3.3516200138015626,0.8027558445579811,12918,tirex_ctx2048,tirex,2048,0.07946664329717201
ghcn_temperate,Tavg,14,0.6792464575654584,0.5247728920205367,3.3937092844241805,0.8124322650565103,12918,tirex_ctx2048,tirex,2048,0.06706429740459097
ghcn_temperate,Tavg,30,0.6737843514603832,0.5234460976664479,3.3875360979409397,0.8220312741910513,12918,tirex_ctx2048,tirex,2048,0.06927678152641337
nasa_power_bmd,PRECTOTCORR,1,1.1504425633993192,0.9365394953440652,15.620915843421468,0.7848861283643892,14490,tirex_ctx2048,tirex,2048,0.3270792197988226
nasa_power_bmd,PRECTOTCORR,3,1.476498931085289,1.220149291337393,21.14981604085601,0.8102829537612146,14490,tirex_ctx2048,tirex,2048,0.14093818383643852
nasa_power_bmd,PRECTOTCORR,7,1.4178904892039448,1.1925002739823054,19.856016856807543,0.8216011042097998,14490,tirex_ctx2048,tirex,2048,0.11983623292993384
nasa_power_bmd,PRECTOTCORR,14,1.4250553311482976,1.1894102837596645,19.937964893319627,0.8312629399585921,14490,tirex_ctx2048,tirex,2048,0.12211409394482131
nasa_power_bmd,PRECTOTCORR,30,1.600363427987964,1.3534259888132327,22.8707666581946,0.8199447895100069,14490,tirex_ctx2048,tirex,2048,0.11132465271262593
nasa_power_bmd,T2M,1,0.3569587365880126,0.2813012768215306,0.6874187608441518,0.8108350586611456,14490,tirex_ctx2048,tirex,2048,0.5430992035078177
nasa_power_bmd,T2M,3,0.6047884040452591,0.4693662248294316,1.146222755435877,0.7962732919254658,14490,tirex_ctx2048,tirex,2048,0.2670130959529292
nasa_power_bmd,T2M,7,0.6733395633505261,0.5251758973679704,1.280122673244935,0.8132505175983437,14490,tirex_ctx2048,tirex,2048,0.14418145516785852
nasa_power_bmd,T2M,14,0.7060492809296356,0.5551738041648869,1.353455298166237,0.8185645272601795,14490,tirex_ctx2048,tirex,2048,0.09780204833728623
nasa_power_bmd,T2M,30,0.7550351192193354,0.595176430381056,1.4733285384872898,0.8303657694962043,14490,tirex_ctx2048,tirex,2048,0.048991260640919965
nasa_power_bmd,RH2M,1,0.3490249799976939,0.2746274827184545,4.260503501555756,0.7944789510006901,14490,tirex_ctx2048,tirex,2048,0.6248524724477382
nasa_power_bmd,RH2M,3,0.4904710558556705,0.3815678194459012,5.989604337570356,0.8262249827467218,14490,tirex_ctx2048,tirex,2048,0.47763460878963215
nasa_power_bmd,RH2M,7,0.5594269457570821,0.4342146698751938,6.788458746344521,0.7940648723257419,14490,tirex_ctx2048,tirex,2048,0.40800636979350546
nasa_power_bmd,RH2M,14,0.5938848027692183,0.4592495813284836,7.167035053409437,0.7911663216011042,14490,tirex_ctx2048,tirex,2048,0.3738804968624847
nasa_power_bmd,RH2M,30,0.6439300879001992,0.4993562942294127,7.9010314033148195,0.7937888198757764,14490,tirex_ctx2048,tirex,2048,0.3361893098023615
nasa_power_bmd,ALLSKY_SFC_SW_DWN,1,0.584991566197518,0.4600862703361819,3.511902191838016,0.7953071083505866,14490,tirex_ctx2048,tirex,2048,0.23348199437180717
nasa_power_bmd,ALLSKY_SFC_SW_DWN,3,0.7214441679578917,0.5648295152727435,4.189102571308903,0.7554865424430642,14490,tirex_ctx2048,tirex,2048,0.05078089371021499
nasa_power_bmd,ALLSKY_SFC_SW_DWN,7,0.7314717932621085,0.5702333084514852,4.246470132657237,0.7888888888888889,14490,tirex_ctx2048,tirex,2048,0.04920693713665103
nasa_power_bmd,ALLSKY_SFC_SW_DWN,14,0.7321096747072496,0.5699983040435703,4.238911496470669,0.7938578329882677,14490,tirex_ctx2048,tirex,2048,0.049716728970968016
nasa_power_bmd,ALLSKY_SFC_SW_DWN,30,0.7606527080171736,0.5963557995070087,4.439874383774378,0.7969634230503796,14490,tirex_ctx2048,tirex,2048,0.03456103695853541
nasa_power_ghcn_bangladesh,PRECTOTCORR,1,1.0897770921225722,0.8852287940511895,16.118585176205208,0.7968599033816425,4140,tirex_ctx2048,tirex,2048,0.3119170931817996
nasa_power_ghcn_bangladesh,PRECTOTCORR,3,1.3547415330030708,1.1130225218370884,20.837358400525776,0.81256038647343,4140,tirex_ctx2048,tirex,2048,0.12472398294234732
nasa_power_ghcn_bangladesh,PRECTOTCORR,7,1.3075355831266977,1.093130564694378,19.531388566002303,0.8258454106280193,4140,tirex_ctx2048,tirex,2048,0.10246230861130412
nasa_power_ghcn_bangladesh,PRECTOTCORR,14,1.3153196274589722,1.0914128167284338,19.62672498429967,0.8326086956521739,4140,tirex_ctx2048,tirex,2048,0.10387213918537841
nasa_power_ghcn_bangladesh,PRECTOTCORR,30,1.4822354334803567,1.2417935087472458,21.947232174866684,0.8243961352657004,4140,tirex_ctx2048,tirex,2048,0.10132939517310546
nasa_power_ghcn_bangladesh,T2M,1,0.3570922806992559,0.2816301744268017,0.702292240685285,0.8045893719806764,4140,tirex_ctx2048,tirex,2048,0.5366226555396114
nasa_power_ghcn_bangladesh,T2M,3,0.5977847273584475,0.4639715899378563,1.1554968473653855,0.7944444444444444,4140,tirex_ctx2048,tirex,2048,0.2610560746161501
nasa_power_ghcn_bangladesh,T2M,7,0.6672247222911557,0.5206902932857245,1.296152391571067,0.8089371980676329,4140,tirex_ctx2048,tirex,2048,0.1409129108998728
nasa_power_ghcn_bangladesh,T2M,14,0.6988507877848632,0.5481804228678505,1.3654767201920954,0.8198067632850241,4140,tirex_ctx2048,tirex,2048,0.09788263440700651
nasa_power_ghcn_bangladesh,T2M,30,0.737824964096606,0.5824523375476646,1.474662621251863,0.8280193236714976,4140,tirex_ctx2048,tirex,2048,0.05014646726875538
nasa_power_ghcn_temperate,PRECTOTCORR,1,0.6120461994702828,0.5121149639359216,3.780935856734797,0.7358846618357487,13248,tirex_ctx2048,tirex,2048,0.07846285226302208
nasa_power_ghcn_temperate,PRECTOTCORR,3,0.7120158855020722,0.6035123901255318,4.243831207406712,0.7591334541062802,13248,tirex_ctx2048,tirex,2048,0.003567663327610715
nasa_power_ghcn_temperate,PRECTOTCORR,7,0.6726812110412295,0.5665386817065664,4.1184759522626155,0.7802687198067633,13248,tirex_ctx2048,tirex,2048,-0.004093386685306788
nasa_power_ghcn_temperate,PRECTOTCORR,14,0.6698114353854373,0.5648172028274165,4.12597662579884,0.7435839371980676,13248,tirex_ctx2048,tirex,2048,-0.004181502001760151
nasa_power_ghcn_temperate,PRECTOTCORR,30,0.6885148507770058,0.5811277712830647,4.198203512173315,0.798762077294686,13248,tirex_ctx2048,tirex,2048,-0.009165153195507036
nasa_power_ghcn_temperate,T2M,1,0.3750166197391092,0.2931535837562282,1.8316789648106893,0.8174818840579711,13248,tirex_ctx2048,tirex,2048,0.47319361614769306
nasa_power_ghcn_temperate,T2M,3,0.6163351493981095,0.4773638903992745,2.91875433577193,0.7972524154589372,13248,tirex_ctx2048,tirex,2048,0.15787722834417728
nasa_power_ghcn_temperate,T2M,7,0.6722922259116364,0.5192229160812588,3.166097541423047,0.7958182367149759,13248,tirex_ctx2048,tirex,2048,0.08186566136356355
nasa_power_ghcn_temperate,T2M,14,0.6876804280830008,0.531138663266964,3.238062973301167,0.8014794685990339,13248,tirex_ctx2048,tirex,2048,0.06168832951779679
nasa_power_ghcn_temperate,T2M,30,0.6854380346076752,0.5313987404635938,3.2343239139904534,0.8177838164251208,13248,tirex_ctx2048,tirex,2048,0.05947372050080979
bmd,Rainfall,1,0.5875888115556342,0.5024527876104024,17.211067980137653,0.7608936996946989,14412,tirex_ctx336,tirex,336,0.010314370703824238
bmd,Rainfall,3,0.6105936148315265,0.5289403272648147,18.275359466517703,0.7660283097418817,14412,tirex_ctx336,tirex,336,-0.021761505079667565
bmd,Rainfall,7,0.6388406943679598,0.5549835935468624,18.3952844055607,0.7694976408548432,14412,tirex_ctx336,tirex,336,-0.0380447401321633
bmd,Rainfall,14,0.640492032228562,0.5554213414087986,18.492045352735477,0.7526366916458507,14412,tirex_ctx336,tirex,336,-0.0372247988090082
bmd,Rainfall,30,0.6373785162739194,0.5693860116520978,19.022497216545613,0.7463918956425202,14412,tirex_ctx336,tirex,336,-0.035968318599899796
bmd,Temperature,1,0.5042872172527907,0.3976357602309907,1.105372967119841,0.7853056979422034,13461,tirex_ctx336,tirex,336,0.3380051824477518
bmd,Temperature,3,0.7544306730312181,0.5851175162614508,1.575209863963357,0.7867171829730332,13461,tirex_ctx336,tirex,336,0.07512041682564885
bmd,Temperature,7,0.8365035697129823,0.6451549174067974,1.719944216425648,0.8143525741029641,13461,tirex_ctx336,tirex,336,-0.09087695668851903
bmd,Temperature,14,0.9320803046777144,0.7166537938816127,1.9134179169375805,0.822821484287943,13461,tirex_ctx336,tirex,336,-0.20966750591190886
bmd,Temperature,30,1.1578769937917464,0.8922576756113536,2.397515554155296,0.8080380358071466,13461,tirex_ctx336,tirex,336,-0.43837072137673805
bmd,Humidity,1,0.5730816821866022,0.4509325734285874,4.874960327671752,0.7779879311897685,11103,tirex_ctx336,tirex,336,0.28224822133969374
bmd,Humidity,3,0.7463662942461783,0.581828931635456,6.245308446556297,0.7841124020534991,11103,tirex_ctx336,tirex,336,0.08763063712445085
bmd,Humidity,7,0.7926847990667778,0.6170869631980332,6.614053019071142,0.7923984508691345,11103,tirex_ctx336,tirex,336,0.006890691653289371
bmd,Humidity,14,0.8230284965252954,0.6406463537727339,6.85663922889148,0.7968116725209403,11103,tirex_ctx336,tirex,336,-0.03002075646281499
bmd,Humidity,30,0.8509232156665958,0.6675702477251435,7.140663185947377,0.817887057552013,11103,tirex_ctx336,tirex,336,-0.05342505435501965
bmd,Sunshine,1,0.6930102564442937,0.5300602353134277,2.7524068663058507,0.7818492641593578,13454,tirex_ctx336,tirex,336,0.1620090015482888
bmd,Sunshine,3,0.8407126530301695,0.6338831143526147,3.1885464206147183,0.760071354244091,13454,tirex_ctx336,tirex,336,0.009537012680413293
bmd,Sunshine,7,0.858003836891822,0.6425441062744975,3.2191329939591387,0.7941876022000892,13454,tirex_ctx336,tirex,336,-0.004770925117886016
bmd,Sunshine,14,0.8697379333228694,0.6493617605598875,3.2492688707745914,0.808309796343095,13454,tirex_ctx336,tirex,336,-0.014318375279717799
bmd,Sunshine,30,0.8971835135973893,0.671251010275984,3.3287383931369896,0.819161587631931,13454,tirex_ctx336,tirex,336,-0.02778892055337856
ghcn_bangladesh,Rainfall,1,1.2194732162445765,1.0337232756729855,20.00392035596477,0.744367417677643,1154,tirex_ctx336,tirex,336,0.07276169854622683
ghcn_bangladesh,Rainfall,3,1.403987806674893,1.2135819616705716,26.922813785777073,0.770363951473137,1154,tirex_ctx336,tirex,336,-0.023824321483349786
ghcn_bangladesh,Rainfall,7,1.3819255833018276,1.2002750396775304,21.41869204283263,0.7972270363951474,1154,tirex_ctx336,tirex,336,-0.03439932073609908
ghcn_bangladesh,Rainfall,14,1.3831370199896218,1.1905544100673116,20.95245855649428,0.7833622183708839,1154,tirex_ctx336,tirex,336,-0.02659364068526293
ghcn_bangladesh,Rainfall,30,1.2355784630561495,1.096960927168993,21.24351253471455,0.8162911611785095,1154,tirex_ctx336,tirex,336,-0.058355305319506945
ghcn_bangladesh,Tavg,1,0.4977908951546307,0.396412574256502,1.1943219267656682,0.7828146143437077,1478,tirex_ctx336,tirex,336,0.313527121866094
ghcn_bangladesh,Tavg,3,0.7231635404219703,0.5650135048368911,1.663870692698576,0.7882273342354533,1478,tirex_ctx336,tirex,336,0.07710861789294643
ghcn_bangladesh,Tavg,7,0.8024445996682052,0.6228988015781819,1.7942024266898116,0.8085250338294994,1478,tirex_ctx336,tirex,336,-0.07946062678589905
ghcn_bangladesh,Tavg,14,0.8901002284282515,0.6904603757346596,1.995053536664569,0.8139377537212449,1478,tirex_ctx336,tirex,336,-0.18898648737487433
ghcn_bangladesh,Tavg,30,1.1112311508816324,0.8749667197052381,2.538447929885215,0.786874154262517,1478,tirex_ctx336,tirex,336,-0.42506377711935284
ghcn_temperate,Rainfall,1,0.5622654434969269,0.489701896149929,4.624776413786576,0.656418061897514,9855,tirex_ctx336,tirex,336,0.02372287806583806
ghcn_temperate,Rainfall,3,0.6281240104714214,0.5584682791426213,5.303441197683484,0.7649923896499239,9855,tirex_ctx336,tirex,336,-0.005706547127296568
ghcn_temperate,Rainfall,7,0.6272151531538953,0.5607506022696495,5.316752570647278,0.7624556062912228,9855,tirex_ctx336,tirex,336,-0.02313271786232618
ghcn_temperate,Rainfall,14,0.6252859850008576,0.5582471643384573,5.3004470141051465,0.7122272957889396,9855,tirex_ctx336,tirex,336,-0.021430700098044042
ghcn_temperate,Rainfall,30,0.5966131539514661,0.5379333604626001,5.081803708020611,0.771892440385591,9855,tirex_ctx336,tirex,336,-0.020781551342092586
ghcn_temperate,Tavg,1,0.4015193520634789,0.3143247264718075,2.0556603591726064,0.8077875832172163,12918,tirex_ctx336,tirex,336,0.4338355194809441
ghcn_temperate,Tavg,3,0.6307691191878957,0.4920199167501647,3.183578594860239,0.8028332559219693,12918,tirex_ctx336,tirex,336,0.12657785389774012
ghcn_temperate,Tavg,7,0.696860441884723,0.5408148835733506,3.487420733131098,0.8045363059297105,12918,tirex_ctx336,tirex,336,0.038502249863936466
ghcn_temperate,Tavg,14,0.7177307887237377,0.5562308216700871,3.5730842521192363,0.8179284718996749,12918,tirex_ctx336,tirex,336,0.01113872246339953
ghcn_temperate,Tavg,30,0.721225142693755,0.5639263128011207,3.615327146655631,0.8463384424833565,12918,tirex_ctx336,tirex,336,-0.0026998294037416937
nasa_power_bmd,PRECTOTCORR,1,1.167688861240096,0.9517411460691596,15.829456172228934,0.8026224982746721,14490,tirex_ctx336,tirex,336,0.31615655533338194
nasa_power_bmd,PRECTOTCORR,3,1.5129639812928484,1.2557751510721704,21.25029416291568,0.7991028295376121,14490,tirex_ctx336,tirex,336,0.11585533866050068
nasa_power_bmd,PRECTOTCORR,7,1.4761589519849063,1.2531233739516132,20.263951350543753,0.7975155279503106,14490,tirex_ctx336,tirex,336,0.07509137441324487
nasa_power_bmd,PRECTOTCORR,14,1.4962578935065174,1.2535813950479278,20.39978169287431,0.7962732919254658,14490,tirex_ctx336,tirex,336,0.07475035836504051
nasa_power_bmd,PRECTOTCORR,30,1.683871706501561,1.4211781293405952,23.228269250432135,0.7942028985507247,14490,tirex_ctx336,tirex,336,0.06683780414441398
nasa_power_bmd,T2M,1,0.3714266447495379,0.2933207965325646,0.7111803914342075,0.7942028985507247,14490,tirex_ctx336,tirex,336,0.5235766183582697
nasa_power_bmd,T2M,3,0.6462967611825867,0.5021285625316745,1.2101976999275208,0.7911663216011042,14490,tirex_ctx336,tirex,336,0.21584971177368095
nasa_power_bmd,T2M,7,0.7971339602228784,0.6262717044559102,1.514898659175547,0.8127674258109041,14490,tirex_ctx336,tirex,336,-0.02056271329882664
nasa_power_bmd,T2M,14,0.9709035797341402,0.758188379174726,1.8185078866799376,0.8149758454106281,14490,tirex_ctx336,tirex,336,-0.23211145326797822
nasa_power_bmd,T2M,30,1.340966635598894,1.0410291479973106,2.4983724448235423,0.7922015182884748,14490,tirex_ctx336,tirex,336,-0.6634190588480187
nasa_power_bmd,RH2M,1,0.3537174621460408,0.278634937287697,4.299725546950858,0.7904071773636991,14490,tirex_ctx336,tirex,336,0.6193781963172222
nasa_power_bmd,RH2M,3,0.4987071283629715,0.3885558406795195,6.081412829940782,0.8302277432712215,14490,tirex_ctx336,tirex,336,0.4680680251852123
nasa_power_bmd,RH2M,7,0.5948141110983617,0.4616077399083432,7.219791935641143,0.7939958592132506,14490,tirex_ctx336,tirex,336,0.37065958237131635
nasa_power_bmd,RH2M,14,0.6454021153119966,0.4998661622452317,7.807446796966677,0.790752242926156,14490,tirex_ctx336,tirex,336,0.31850574096357986
nasa_power_bmd,RH2M,30,0.7163980460348284,0.5562073809533535,8.703956733449273,0.7931677018633541,14490,tirex_ctx336,tirex,336,0.26061529671228645
nasa_power_bmd,ALLSKY_SFC_SW_DWN,1,0.5893317494328696,0.465595316830335,3.483157230474371,0.7803312629399586,14490,tirex_ctx336,tirex,336,0.22430375193365382
nasa_power_bmd,ALLSKY_SFC_SW_DWN,3,0.7422726198616529,0.5850629914420062,4.2166841672894755,0.7577639751552795,14490,tirex_ctx336,tirex,336,0.016777709302882693
nasa_power_bmd,ALLSKY_SFC_SW_DWN,7,0.778453368605717,0.6140160309191414,4.408510662917562,0.7827467218771567,14490,tirex_ctx336,tirex,336,-0.02379530278609887
nasa_power_bmd,ALLSKY_SFC_SW_DWN,14,0.7886124841045627,0.6206024654293195,4.404465579931546,0.7930296756383713,14490,tirex_ctx336,tirex,336,-0.03464893960767901
nasa_power_bmd,ALLSKY_SFC_SW_DWN,30,0.8373800604565454,0.6647003642490404,4.6014542815732185,0.7985507246376812,14490,tirex_ctx336,tirex,336,-0.07608181378361101
nasa_power_ghcn_bangladesh,PRECTOTCORR,1,1.1018309034497664,0.8971478221719149,16.261827276094674,0.8045893719806764,4140,tirex_ctx336,tirex,336,0.30265250579956593
nasa_power_ghcn_bangladesh,PRECTOTCORR,3,1.3886151613760571,1.1453840041951122,20.970630829412173,0.8050724637681159,4140,tirex_ctx336,tirex,336,0.09927505551394222
nasa_power_ghcn_bangladesh,PRECTOTCORR,7,1.3590139703833102,1.1476880120866328,19.905713838170833,0.7958937198067633,4140,tirex_ctx336,tirex,336,0.05766677643789442
nasa_power_ghcn_bangladesh,PRECTOTCORR,14,1.379423869773548,1.149553699465976,20.068052425086204,0.7961352657004831,4140,tirex_ctx336,tirex,336,0.056134322591245955
nasa_power_ghcn_bangladesh,PRECTOTCORR,30,1.55438795511491,1.298896452890166,22.33363266370097,0.8012077294685991,4140,tirex_ctx336,tirex,336,0.0600047006978669
nasa_power_ghcn_bangladesh,T2M,1,0.3706026893878931,0.2932027206005783,0.7252617753478561,0.7920289855072464,4140,tirex_ctx336,tirex,336,0.5175818843382871
nasa_power_ghcn_bangladesh,T2M,3,0.6400231375849272,0.4976039278173955,1.223327952214466,0.7910628019323671,4140,tirex_ctx336,tirex,336,0.20749156266861624
nasa_power_ghcn_bangladesh,T2M,7,0.7862917460375288,0.6169389164918768,1.5292185213747786,0.8171497584541063,4140,tirex_ctx336,tirex,336,-0.01788772472998157
nasa_power_ghcn_bangladesh,T2M,14,0.9427796140239068,0.7374971582697514,1.815813791819939,0.8193236714975846,4140,tirex_ctx336,tirex,336,-0.21366791989762945
nasa_power_ghcn_bangladesh,T2M,30,1.288057601251206,0.9986051205009392,2.461616036197794,0.7939613526570048,4140,tirex_ctx336,tirex,336,-0.6285085325693369
nasa_power_ghcn_temperate,PRECTOTCORR,1,0.6195789026591281,0.5177930895344612,3.762484256746333,0.7176177536231884,13248,tirex_ctx336,tirex,336,0.06824521747970169
nasa_power_ghcn_temperate,PRECTOTCORR,3,0.7170995205745717,0.6091846143892442,4.222366394829341,0.7182971014492754,13248,tirex_ctx336,tirex,336,-0.005797492665367443
nasa_power_ghcn_temperate,PRECTOTCORR,7,0.6805083251083203,0.5760718412250146,4.112874601416252,0.7531702898550725,13248,tirex_ctx336,tirex,336,-0.020989289358458674
nasa_power_ghcn_temperate,PRECTOTCORR,14,0.6776140471560934,0.5748973160355965,4.124835570761125,0.730600845410628,13248,tirex_ctx336,tirex,336,-0.022102810295960396
nasa_power_ghcn_temperate,PRECTOTCORR,30,0.6986815573936961,0.5925378682398745,4.196035331998147,0.7649456521739131,13248,tirex_ctx336,tirex,336,-0.028979508682204003
nasa_power_ghcn_temperate,T2M,1,0.381000642009696,0.2978834890003666,1.8538172035449496,0.8092542270531401,13248,tirex_ctx336,tirex,336,0.46469382485842603
nasa_power_ghcn_temperate,T2M,3,0.6295257771073246,0.4903661154029437,2.997066483470927,0.7974788647342995,13248,tirex_ctx336,tirex,336,0.13493986341566488
nasa_power_ghcn_temperate,T2M,7,0.7068160080774032,0.5470359145064703,3.315351295280018,0.8078955314009661,13248,tirex_ctx336,tirex,336,0.03268434034761791
nasa_power_ghcn_temperate,T2M,14,0.7393558638293951,0.5733552572470041,3.4570352495738454,0.8172554347826086,13248,tirex_ctx336,tirex,336,-0.012891672954307376
nasa_power_ghcn_temperate,T2M,30,0.753503582220666,0.5887689162668711,3.5282032044072222,0.8500905797101449,13248,tirex_ctx336,tirex,336,-0.042066147575274826
bmd,Rainfall,1,0.5824776800366663,0.4976139546852937,17.254108253843455,0.7103108520677214,14412,tirex_ctx512,tirex,512,0.019845462035451122
bmd,Rainfall,3,0.6052839478149125,0.5233243658381598,18.277268078454316,0.7506244796003331,14412,tirex_ctx512,tirex,512,-0.010913073027907227
bmd,Rainfall,7,0.6338527865788537,0.5475850854485831,18.343003762982637,0.7354981959478213,14412,tirex_ctx512,tirex,512,-0.024206524902841142
bmd,Rainfall,14,0.6360408767267535,0.5480025471257227,18.441429996121805,0.7240494032750485,14412,tirex_ctx512,tirex,512,-0.023370528484877306
bmd,Rainfall,30,0.6344963903951306,0.56008817707339,18.953469816884976,0.7361226755481544,14412,tirex_ctx512,tirex,512,-0.01905139078993212
bmd,Temperature,1,0.4942702250304889,0.3891688707648454,1.0888836609273986,0.7977861971621723,13461,tirex_ctx512,tirex,512,0.3521010900797008
bmd,Temperature,3,0.7320375067365176,0.5676243406044397,1.5382966072288535,0.8009063219671644,13461,tirex_ctx512,tirex,512,0.1027714109600012
bmd,Temperature,7,0.781308573440409,0.6024847080026171,1.6191963593150778,0.8390907064854023,13461,tirex_ctx512,tirex,512,-0.018726924316149196
bmd,Temperature,14,0.830793522521426,0.6409339196592257,1.7229420977809211,0.8475596166703812,13461,tirex_ctx512,tirex,512,-0.0818570175274862
bmd,Temperature,30,0.9352804324254794,0.7252067505146739,1.9546378744502584,0.8507540301612064,13461,tirex_ctx512,tirex,512,-0.16907501655320956
bmd,Humidity,1,0.5695603623383781,0.4474173495891603,4.845372992232051,0.783932270557507,11103,tirex_ctx512,tirex,512,0.28784342184595635
bmd,Humidity,3,0.732907395956457,0.5707259384286592,6.141445514039503,0.7897865441772494,11103,tirex_ctx512,tirex,512,0.10504130594358718
bmd,Humidity,7,0.7741485389406871,0.6006748544544702,6.44761795519191,0.7964514095289561,11103,tirex_ctx512,tirex,512,0.03330352960786509
bmd,Humidity,14,0.797142287556731,0.6179600907247258,6.633909459025222,0.8026659461406827,11103,tirex_ctx512,tirex,512,0.006453847175237004
bmd,Humidity,30,0.813838545613624,0.6349992664711998,6.835032851699566,0.8195983067639376,11103,tirex_ctx512,tirex,512,-0.0020280848005005403
bmd,Sunshine,1,0.6863261588522694,0.5243839866055812,2.7287107448287102,0.7836331202616322,13454,tirex_ctx512,tirex,512,0.17098278415874235
bmd,Sunshine,3,0.8265321478938592,0.6246454008501079,3.141954400379607,0.7604429909320648,13454,tirex_ctx512,tirex,512,0.023971240544394035
bmd,Sunshine,7,0.840815330125116,0.6322062223077958,3.1619843601055067,0.7918091273970567,13454,tirex_ctx512,tirex,512,0.011394821537561217
bmd,Sunshine,14,0.8506630192568685,0.6370896053607812,3.189170246206797,0.8080868143303107,13454,tirex_ctx512,tirex,512,0.004851020392742655
bmd,Sunshine,30,0.8696190537129481,0.6538208775229032,3.241117257932645,0.8136613646499182,13454,tirex_ctx512,tirex,512,-0.0011006965460500506
ghcn_bangladesh,Rainfall,1,1.205222899357948,1.0244227227890814,19.760872681518627,0.7495667244367418,1154,tirex_ctx512,tirex,512,0.08110419122449009
ghcn_bangladesh,Rainfall,3,1.3871908183968231,1.2026059533694953,26.818937150969063,0.7686308492201039,1154,tirex_ctx512,tirex,512,-0.014564539609222216
ghcn_bangladesh,Rainfall,7,1.3644541472091969,1.1850547704296288,21.26424881101536,0.7816291161178509,1154,tirex_ctx512,tirex,512,-0.021282463640012628
ghcn_bangladesh,Rainfall,14,1.3695795306891363,1.173784085517272,20.748075654514786,0.7842287694974004,1154,tirex_ctx512,tirex,512,-0.012132891651268629
ghcn_bangladesh,Rainfall,30,1.2106535410110435,1.0757425999279775,21.036513916251753,0.8128249566724437,1154,tirex_ctx512,tirex,512,-0.03788372000653739
ghcn_bangladesh,Tavg,1,0.4934521931804452,0.3915270612476654,1.1806441412675115,0.7916102841677943,1478,tirex_ctx512,tirex,512,0.3219874291170104
ghcn_bangladesh,Tavg,3,0.7087961341495852,0.5554619737549354,1.6454312526810992,0.7861975642760487,1478,tirex_ctx512,tirex,512,0.09271006041777463
ghcn_bangladesh,Tavg,7,0.7620869393226083,0.5913838473332808,1.7232815291411243,0.8173207036535859,1478,tirex_ctx512,tirex,512,-0.024846374557224493
ghcn_bangladesh,Tavg,14,0.819606276158756,0.6377198790878118,1.8593978157903,0.8328822733423545,1478,tirex_ctx512,tirex,512,-0.09816630412566196
ghcn_bangladesh,Tavg,30,0.9409134611236584,0.749757956504035,2.1950005579174325,0.8254397834912043,1478,tirex_ctx512,tirex,512,-0.22113548019388873
ghcn_temperate,Rainfall,1,0.5605764847831641,0.4875556860097963,4.633161525327009,0.6585489599188229,9855,tirex_ctx512,tirex,512,0.02800159512850009
ghcn_temperate,Rainfall,3,0.6272787010657549,0.5566620649476802,5.310465072374448,0.7854895991882294,9855,tirex_ctx512,tirex,512,-0.0024538620434539915
ghcn_temperate,Rainfall,7,0.6251308720887091,0.5567235072075686,5.31868098934054,0.7768645357686453,9855,tirex_ctx512,tirex,512,-0.015784972359637495
ghcn_temperate,Rainfall,14,0.623968200854727,0.5549633688789815,5.3020755196386204,0.7113140537798072,9855,tirex_ctx512,tirex,512,-0.015422305054737295
ghcn_temperate,Rainfall,30,0.5953990050882473,0.5348731357275203,5.086045795590699,0.7777777777777778,9855,tirex_ctx512,tirex,512,-0.014974473398750465
ghcn_temperate,Tavg,1,0.399775264750746,0.3123633700523342,2.0450987374351595,0.8128967332404397,12918,tirex_ctx512,tirex,512,0.43736833203059056
ghcn_temperate,Tavg,3,0.6234937170416681,0.485388581864421,3.146074048230279,0.804691128657687,12918,tirex_ctx512,tirex,512,0.13834964310839926
ghcn_temperate,Tavg,7,0.6850440610365869,0.5313084841180901,3.4373695077111517,0.803065490013934,12918,tirex_ctx512,tirex,512,0.05540337807944351
ghcn_temperate,Tavg,14,0.7016631218146365,0.5432454604526566,3.5080005580035096,0.8135160241523456,12918,tirex_ctx512,tirex,512,0.034223960430235234
ghcn_temperate,Tavg,30,0.7027965076298256,0.548168323045464,3.53989416266285,0.8356556742529804,12918,tirex_ctx512,tirex,512,0.02531896184800686
nasa_power_bmd,PRECTOTCORR,1,1.161473450008702,0.9454249088073936,15.862867439044267,0.8015873015873016,14490,tirex_ctx512,tirex,512,0.3206948874883562
nasa_power_bmd,PRECTOTCORR,3,1.481688845472474,1.2287102880125518,21.086887751590528,0.8091097308488613,14490,tirex_ctx512,tirex,512,0.13491070391726323
nasa_power_bmd,PRECTOTCORR,7,1.448720836049369,1.2273353984786486,20.02831067150125,0.8013112491373361,14490,tirex_ctx512,tirex,512,0.09412503179061149
nasa_power_bmd,PRECTOTCORR,14,1.4648201580400722,1.2247664030657464,20.08683758763784,0.8051069703243616,14490,tirex_ctx512,tirex,512,0.09601827212839709
nasa_power_bmd,PRECTOTCORR,30,1.6437527799338596,1.382833383716075,22.942566242006965,0.8029675638371291,14490,tirex_ctx512,tirex,512,0.09201541298019267
nasa_power_bmd,T2M,1,0.3631164606474995,0.286423070969025,0.6957162117481801,0.8071083505866115,14490,tirex_ctx512,tirex,512,0.5347801803881898
nasa_power_bmd,T2M,3,0.6258790885723966,0.4855153642902641,1.17741293900988,0.8013802622498275,14490,tirex_ctx512,tirex,512,0.24179375312373097
nasa_power_bmd,T2M,7,0.7309434346319055,0.5725140255635798,1.3904481730264218,0.8309868875086266,14490,tirex_ctx512,tirex,512,0.0670399713517078
nasa_power_bmd,T2M,14,0.828683300230756,0.6502271166616117,1.5789060797585408,0.841959972394755,14490,tirex_ctx512,tirex,512,-0.05666652202744782
nasa_power_bmd,T2M,30,0.9957136482251036,0.7806105236778332,1.888252303652328,0.8522429261559696,14490,tirex_ctx512,tirex,512,-0.24730649965085783
nasa_power_bmd,RH2M,1,0.3500277044942123,0.2755940269324695,4.2627556848231665,0.7912353347135955,14490,tirex_ctx512,tirex,512,0.6235321505754754
nasa_power_bmd,RH2M,3,0.4886359427605378,0.3813946252982618,5.9627669786050905,0.8271221532091098,14490,tirex_ctx512,tirex,512,0.4778717111449051
nasa_power_bmd,RH2M,7,0.5723771697291411,0.4443280892480961,6.930298114078213,0.7938578329882677,14490,tirex_ctx512,tirex,512,0.3942180750542098
nasa_power_bmd,RH2M,14,0.6130731581405132,0.4744422473344885,7.396171748205212,0.7908902691511387,14490,tirex_ctx512,tirex,512,0.3531675231816004
nasa_power_bmd,RH2M,30,0.6780510591665467,0.5237408068512097,8.228913381153756,0.7967563837129055,14490,tirex_ctx512,tirex,512,0.3037741778802
nasa_power_bmd,ALLSKY_SFC_SW_DWN,1,0.5853390832363095,0.4615688825233683,3.4820959064261316,0.7900621118012422,14490,tirex_ctx512,tirex,512,0.23101191645356844
nasa_power_bmd,ALLSKY_SFC_SW_DWN,3,0.7296687706397025,0.5744498957183078,4.197436340439334,0.7659765355417529,14490,tirex_ctx512,tirex,512,0.03461345082384826
nasa_power_bmd,ALLSKY_SFC_SW_DWN,7,0.7531421871746213,0.5903167268193998,4.318112088917041,0.7949620427881298,14490,tirex_ctx512,tirex,512,0.015720336863071727
nasa_power_bmd,ALLSKY_SFC_SW_DWN,14,0.7579716246696038,0.5923026719688603,4.3126361344578665,0.807936507936508,14490,tirex_ctx512,tirex,512,0.012531587261038535
nasa_power_bmd,ALLSKY_SFC_SW_DWN,30,0.7864463569304875,0.6189415987882372,4.451849922849163,0.8142857142857143,14490,tirex_ctx512,tirex,512,-0.002003058931129287
nasa_power_ghcn_bangladesh,PRECTOTCORR,1,1.097773873038811,0.8909371216503073,16.294384392775502,0.8024154589371981,4140,tirex_ctx512,tirex,512,0.3074800451848674
nasa_power_ghcn_bangladesh,PRECTOTCORR,3,1.358345890362754,1.1198192988941336,20.79070993913613,0.8101449275362319,4140,tirex_ctx512,tirex,512,0.11937902735106232
nasa_power_ghcn_bangladesh,PRECTOTCORR,7,1.3319832771210385,1.1229471429155504,19.674633046457075,0.8053140096618358,4140,tirex_ctx512,tirex,512,0.07798078403768327
nasa_power_ghcn_bangladesh,PRECTOTCORR,14,1.348962737454941,1.1220897733390918,19.74393024765236,0.803623188405797,4140,tirex_ctx512,tirex,512,0.07868416715274651
nasa_power_ghcn_bangladesh,PRECTOTCORR,30,1.516153187200896,1.2646123559885174,22.00092168726085,0.7980676328502415,4140,tirex_ctx512,tirex,512,0.08481567762883069
nasa_power_ghcn_bangladesh,T2M,1,0.36253026294354,0.2863252241578189,0.7096471667969663,0.8033816425120773,4140,tirex_ctx512,tirex,512,0.528897703194231
nasa_power_ghcn_bangladesh,T2M,3,0.6178169638057303,0.4799087640354719,1.1878636270079943,0.798792270531401,4140,tirex_ctx512,tirex,512,0.23567374896816118
nasa_power_ghcn_bangladesh,T2M,7,0.7237698028520912,0.5659548646832528,1.406681305864642,0.8335748792270531,4140,tirex_ctx512,tirex,512,0.0662308794068659
nasa_power_ghcn_bangladesh,T2M,14,0.8127155748551659,0.6370200602838781,1.5862488521431468,0.8429951690821256,4140,tirex_ctx512,tirex,512,-0.04831700411110207
nasa_power_ghcn_bangladesh,T2M,30,0.9625556233503856,0.7544865697342208,1.8732409691913416,0.8538647342995169,4140,tirex_ctx512,tirex,512,-0.23040408195062234
nasa_power_ghcn_temperate,PRECTOTCORR,1,0.6167715084349223,0.5154349784005366,3.7654100804676385,0.7251660628019324,13248,tirex_ctx512,tirex,512,0.07248857524394703
nasa_power_ghcn_temperate,PRECTOTCORR,3,0.7153763711956367,0.6063722702302956,4.225921939065471,0.7247131642512077,13248,tirex_ctx512,tirex,512,-0.0011541569067674562
nasa_power_ghcn_temperate,PRECTOTCORR,7,0.6781029050741324,0.5726864138776949,4.113732317963404,0.7577747584541062,13248,tirex_ctx512,tirex,512,-0.014989195595561888
nasa_power_ghcn_temperate,PRECTOTCORR,14,0.6753230173654701,0.5716278666603559,4.123604771419675,0.731808574879227,13248,tirex_ctx512,tirex,512,-0.01629009678809834
nasa_power_ghcn_temperate,PRECTOTCORR,30,0.6948809123807099,0.5882353067852176,4.196758897489517,0.7730978260869565,13248,tirex_ctx512,tirex,512,-0.021507838416067404
nasa_power_ghcn_temperate,T2M,1,0.3791916790298198,0.296091892316267,1.844407993033354,0.8102355072463768,13248,tirex_ctx512,tirex,512,0.46791338150985395
nasa_power_ghcn_temperate,T2M,3,0.6220246353241599,0.4832030306415595,2.956930926527594,0.8021588164251208,13248,tirex_ctx512,tirex,512,0.14757633826049876
nasa_power_ghcn_temperate,T2M,7,0.6915352283858157,0.5349737252138362,3.2582448541105427,0.8039704106280193,13248,tirex_ctx512,tirex,512,0.05401373442036883
nasa_power_ghcn_temperate,T2M,14,0.7160823148828394,0.5543232553987991,3.371257284508223,0.811141304347826,13248,tirex_ctx512,tirex,512,0.020730337043924796
nasa_power_ghcn_temperate,T2M,30,0.7248813116036128,0.5645581608655746,3.421272021173131,0.8333333333333334,13248,tirex_ctx512,tirex,512,0.0007846346482226485
bmd,Rainfall,1,0.6096973534994925,0.5203455430066916,17.29341861292057,0.764571190674438,14412,tirex_ctx96,tirex,96,-0.024929145345587767
bmd,Rainfall,3,0.6258474359639566,0.5465290554557871,18.177684425228424,0.7868442964196503,14412,tirex_ctx96,tirex,96,-0.05573789988733324
bmd,Rainfall,7,0.6530860045325694,0.5805207236211049,18.36308688610523,0.7565917291146267,14412,tirex_ctx96,tirex,96,-0.08580954590276813
bmd,Rainfall,14,0.6570407262800951,0.5840708622316517,18.509837360025937,0.7808770469053566,14412,tirex_ctx96,tirex,96,-0.09072651229391893
bmd,Rainfall,30,0.6662031020513622,0.614560983366159,18.99225717031232,0.7669303358312517,14412,tirex_ctx96,tirex,96,-0.11816183676101932
bmd,Temperature,1,0.5078259494100559,0.4013338727850636,1.1162124731732288,0.786122873486368,13461,tirex_ctx96,tirex,96,0.3318484641885614
bmd,Temperature,3,0.7800298105809291,0.6060602550151106,1.634814991405794,0.7891687096055271,13461,tirex_ctx96,tirex,96,0.04201679071516462
bmd,Temperature,7,0.9087004458944598,0.7108558772684482,1.8966903947662104,0.8065522620904836,13461,tirex_ctx96,tirex,96,-0.20196913193454624
bmd,Temperature,14,1.094613712046253,0.8563123590083471,2.283920057131299,0.8025406730554937,13461,tirex_ctx96,tirex,96,-0.44540257017642704
bmd,Temperature,30,1.5631498981061474,1.2379261095251042,3.2820281317257156,0.7499442834856251,13461,tirex_ctx96,tirex,96,-0.9956081296232064
bmd,Humidity,1,0.5847419672828683,0.4614621977688181,4.9836602274477535,0.778978654417725,11103,tirex_ctx96,tirex,96,0.26548816219967175
bmd,Humidity,3,0.7691517391772569,0.601500218192252,6.451980587258763,0.7926686481131225,11103,tirex_ctx96,tirex,96,0.05678397720962347
bmd,Humidity,7,0.8330144253927689,0.6495198124305639,6.938088419979298,0.8145546248761596,11103,tirex_ctx96,tirex,96,-0.04530513549902593
bmd,Humidity,14,0.8896719881130791,0.6966906378091882,7.389767063701786,0.8132937044042151,11103,tirex_ctx96,tirex,96,-0.12012784206268678
bmd,Humidity,30,0.9797831891129928,0.7779652135332904,8.126433956367148,0.8192380437719535,11103,tirex_ctx96,tirex,96,-0.2276281786752763
bmd,Sunshine,1,0.7035774853819275,0.5395570697727611,2.7887771192247883,0.7682473613795154,13454,tirex_ctx96,tirex,96,0.14699511961465983
bmd,Sunshine,3,0.8626706546393555,0.6498299043787954,3.265767673292268,0.7585848074921956,13454,tirex_ctx96,tirex,96,-0.015380365507867255
bmd,Sunshine,7,0.8873799295784862,0.6629992651294623,3.318317092213734,0.7845993756503642,13454,tirex_ctx96,tirex,96,-0.03675744353029842
bmd,Sunshine,14,0.9064085437199976,0.6762410539932191,3.3726316871680204,0.7985729151181805,13454,tirex_ctx96,tirex,96,-0.056304465160428085
bmd,Sunshine,30,0.9681099142006664,0.7197345239058136,3.568781391779219,0.8120261632228334,13454,tirex_ctx96,tirex,96,-0.10202466452305936
ghcn_bangladesh,Rainfall,1,1.2342579172042014,1.0517807835628197,19.953014539105876,0.7357019064124783,1154,tirex_ctx96,tirex,96,0.056564314450993636
ghcn_bangladesh,Rainfall,3,1.413295040191546,1.2308746371199286,26.703889523566364,0.7279029462738301,1154,tirex_ctx96,tirex,96,-0.03841308620443873
ghcn_bangladesh,Rainfall,7,1.4388795503653635,1.2525602006844123,21.466667349984533,0.7348353552859619,1154,tirex_ctx96,tirex,96,-0.07945877231365306
ghcn_bangladesh,Rainfall,14,1.416550440876584,1.2257853430651813,20.63559360838946,0.7530329289428076,1154,tirex_ctx96,tirex,96,-0.05697264013727166
ghcn_bangladesh,Rainfall,30,1.2835191828900223,1.1726188968842726,20.89260764244439,0.729636048526863,1154,tirex_ctx96,tirex,96,-0.13135062507489592
ghcn_bangladesh,Tavg,1,0.4997018937741581,0.4008242944321042,1.1963701166448826,0.79702300405954,1478,tirex_ctx96,tirex,96,0.3058872879073774
ghcn_bangladesh,Tavg,3,0.7440556685749075,0.5778482500788391,1.705794857558675,0.8132611637347767,1478,tirex_ctx96,tirex,96,0.056144383102217366
ghcn_bangladesh,Tavg,7,0.857871155557283,0.6718570702136373,1.9268202076861836,0.8085250338294994,1478,tirex_ctx96,tirex,96,-0.164303498876331
ghcn_bangladesh,Tavg,14,1.018085248146417,0.7928912985097432,2.2706595335919015,0.8139377537212449,1478,tirex_ctx96,tirex,96,-0.36537457183131905
ghcn_bangladesh,Tavg,30,1.4009204461904106,1.099711483713254,3.1697184094620297,0.7828146143437077,1478,tirex_ctx96,tirex,96,-0.7911069820459999
ghcn_temperate,Rainfall,1,0.5778218665216897,0.5017022244549433,4.617676433399375,0.7113140537798072,9855,tirex_ctx96,tirex,96,-0.0002011583162826458
ghcn_temperate,Rainfall,3,0.636309857377309,0.5695980348260505,5.267187576184786,0.7657026889903602,9855,tirex_ctx96,tirex,96,-0.02574934736643697
ghcn_temperate,Rainfall,7,0.6408406566759743,0.5781023438928726,5.301831427105972,0.7666159309994927,9855,tirex_ctx96,tirex,96,-0.054792308587252814
ghcn_temperate,Rainfall,14,0.6359722654402289,0.5737771238573637,5.283301332582674,0.7524099441907661,9855,tirex_ctx96,tirex,96,-0.04984603014757272
ghcn_temperate,Rainfall,30,0.6074434637073425,0.5581888397829481,5.065415523693307,0.7892440385591071,9855,tirex_ctx96,tirex,96,-0.059218319022798616
ghcn_temperate,Tavg,1,0.4138085834710345,0.3256498943192044,2.12157086111829,0.7951695308871343,12918,tirex_ctx96,tirex,96,0.41343652687516297
ghcn_temperate,Tavg,3,0.6798976002503669,0.5329440946734753,3.430995410663765,0.7882025081281933,12918,tirex_ctx96,tirex,96,0.05393021892933991
ghcn_temperate,Tavg,7,0.8017914220452438,0.628370153843535,4.004724688715814,0.7923827217835578,12918,tirex_ctx96,tirex,96,-0.11715950785453311
ghcn_temperate,Tavg,14,0.9106850373754564,0.7157783119798211,4.505136772865205,0.7913763740517108,12918,tirex_ctx96,tirex,96,-0.27250312000360966
ghcn_temperate,Tavg,30,1.1776228617086195,0.9253520106168288,5.701151646045903,0.7543737420653351,12918,tirex_ctx96,tirex,96,-0.6453396164032652
nasa_power_bmd,PRECTOTCORR,1,1.1944967976041536,0.9832111349737044,16.071588480590297,0.7531400966183575,14490,tirex_ctx96,tirex,96,0.2935447919300791
nasa_power_bmd,PRECTOTCORR,3,1.5527649120230669,1.301603847832396,21.275066825545466,0.752311939268461,14490,tirex_ctx96,tirex,96,0.08358905473052702
nasa_power_bmd,PRECTOTCORR,7,1.5612697204684334,1.333751488494616,20.376105431963182,0.7694962042788129,14490,tirex_ctx96,tirex,96,0.015581161647474695
nasa_power_bmd,PRECTOTCORR,14,1.6102587870137104,1.3583571498350184,20.579969796758764,0.7677018633540372,14490,tirex_ctx96,tirex,96,-0.002583056083952373
nasa_power_bmd,PRECTOTCORR,30,1.9164856303892253,1.6437762399682287,23.712607779172455,0.7211180124223603,14490,tirex_ctx96,tirex,96,-0.07932272099888116
nasa_power_bmd,T2M,1,0.3751060492611419,0.2977516668362534,0.7152110704222177,0.785024154589372,14490,tirex_ctx96,tirex,96,0.5163798214088076
nasa_power_bmd,T2M,3,0.6634477637394154,0.5191011816484895,1.2455989291509597,0.7942028985507247,14490,tirex_ctx96,tirex,96,0.1893443799413248
nasa_power_bmd,T2M,7,0.8747657568615944,0.6991480018270256,1.6780692763920066,0.7990338164251207,14490,tirex_ctx96,tirex,96,-0.1393208038385434
nasa_power_bmd,T2M,14,1.1547487985552212,0.9255428116328944,2.1920955483880467,0.7786059351276743,14490,tirex_ctx96,tirex,96,-0.5040746205369302
nasa_power_bmd,T2M,30,1.7873360832691336,1.448572820219884,3.3403199149590073,0.7117322291235335,14490,tirex_ctx96,tirex,96,-1.3146168788053996
nasa_power_bmd,RH2M,1,0.3577621867011445,0.2831350557949075,4.37621120768316,0.7847481021394065,14490,tirex_ctx96,tirex,96,0.6132309297910861
nasa_power_bmd,RH2M,3,0.5121766200681889,0.4028093945490906,6.279680492721996,0.8118012422360248,14490,tirex_ctx96,tirex,96,0.44855494556013087
nasa_power_bmd,RH2M,7,0.6361401181269495,0.4972428266778479,7.647570823343195,0.7853692201518289,14490,tirex_ctx96,tirex,96,0.3220759074220889
nasa_power_bmd,RH2M,14,0.7362750534696136,0.5754952769888647,8.778986285476455,0.7755003450655624,14490,tirex_ctx96,tirex,96,0.21539652612437465
nasa_power_bmd,RH2M,30,0.9426711441809004,0.7491357146765351,11.150005145313765,0.7388543823326432,14490,tirex_ctx96,tirex,96,0.0041493387431477124
nasa_power_bmd,ALLSKY_SFC_SW_DWN,1,0.6019095921700384,0.4757726332376113,3.556799128210533,0.7895790200138026,14490,tirex_ctx96,tirex,96,0.2073480269357043
nasa_power_bmd,ALLSKY_SFC_SW_DWN,3,0.764448438600238,0.5993089347287138,4.297092158098575,0.7845410628019324,14490,tirex_ctx96,tirex,96,-0.0071631811591426064
nasa_power_bmd,ALLSKY_SFC_SW_DWN,7,0.8091731573271147,0.633605946475809,4.58331814047004,0.8207729468599034,14490,tirex_ctx96,tirex,96,-0.05645904854998385
nasa_power_bmd,ALLSKY_SFC_SW_DWN,14,0.8188660578377703,0.6458606429473794,4.612073846139156,0.8322291235334713,14490,tirex_ctx96,tirex,96,-0.07675857990278279
nasa_power_bmd,ALLSKY_SFC_SW_DWN,30,0.8796565160125628,0.7054409085772855,4.883786125332713,0.834023464458247,14490,tirex_ctx96,tirex,96,-0.14203658256848883
nasa_power_ghcn_bangladesh,PRECTOTCORR,1,1.1301891471755672,0.9270028676898188,16.498397735662554,0.7485507246376811,4140,tirex_ctx96,tirex,96,0.27944636221137953
nasa_power_ghcn_bangladesh,PRECTOTCORR,3,1.427560260882706,1.187922469748882,20.993222504899983,0.7567632850241546,4140,tirex_ctx96,tirex,96,0.06582299325001484
nasa_power_ghcn_bangladesh,PRECTOTCORR,7,1.4387954316864044,1.2215988200469778,20.01983406213053,0.7702898550724637,4140,tirex_ctx96,tirex,96,-0.0030192368234294165
nasa_power_ghcn_bangladesh,PRECTOTCORR,14,1.4844990784793823,1.2456410984195545,20.279453412847698,0.7615942028985507,4140,tirex_ctx96,tirex,96,-0.022760293594058068
nasa_power_ghcn_bangladesh,PRECTOTCORR,30,1.763012875717198,1.5040744286278562,22.91519081454882,0.7159420289855073,4140,tirex_ctx96,tirex,96,-0.08848006287555754
nasa_power_ghcn_bangladesh,T2M,1,0.3733633291960341,0.2970794742319965,0.7288966507995157,0.7842995169082125,4140,tirex_ctx96,tirex,96,0.5112033071616406
nasa_power_ghcn_bangladesh,T2M,3,0.6543850958891636,0.5133294702115981,1.2547648894251682,0.7922705314009661,4140,tirex_ctx96,tirex,96,0.1824462920581491
nasa_power_ghcn_bangladesh,T2M,7,0.8639526504817685,0.6906868335701141,1.6964815361834245,0.8007246376811594,4140,tirex_ctx96,tirex,96,-0.13956443779129923
nasa_power_ghcn_bangladesh,T2M,14,1.1307250971515268,0.9086623972600696,2.2043344419089004,0.7789855072463768,4140,tirex_ctx96,tirex,96,-0.49534732331599063
nasa_power_ghcn_bangladesh,T2M,30,1.7499390684406797,1.418067637509087,3.3473534068724935,0.7072463768115942,4140,tirex_ctx96,tirex,96,-1.3125609913611673
nasa_power_ghcn_temperate,PRECTOTCORR,1,0.6356671764687323,0.530548863035087,3.804783374578023,0.7237318840579711,13248,tirex_ctx96,tirex,96,0.045291545049195636
nasa_power_ghcn_temperate,PRECTOTCORR,3,0.7284198879204985,0.6201512269415422,4.20560105034949,0.720108695652174,13248,tirex_ctx96,tirex,96,-0.023903976558091067
nasa_power_ghcn_temperate,PRECTOTCORR,7,0.6971085173454127,0.593780399618516,4.101914570314951,0.748112922705314,13248,tirex_ctx96,tirex,96,-0.05237469505941461
nasa_power_ghcn_temperate,PRECTOTCORR,14,0.6913400010683681,0.5916026931707579,4.114916312643831,0.738677536231884,13248,tirex_ctx96,tirex,96,-0.051803093182382964
nasa_power_ghcn_temperate,PRECTOTCORR,30,0.7166580956913199,0.6144614460045906,4.197431439505294,0.766832729468599,13248,tirex_ctx96,tirex,96,-0.06705118896806406
nasa_power_ghcn_temperate,T2M,1,0.3936477930899247,0.3086019622617639,1.9124622989120876,0.7918176328502415,13248,tirex_ctx96,tirex,96,0.44543238494388027
nasa_power_ghcn_temperate,T2M,3,0.6769836847683594,0.5305181773179816,3.223644230350972,0.7841183574879227,13248,tirex_ctx96,tirex,96,0.06410717927756182
nasa_power_ghcn_temperate,T2M,7,0.8206363433485965,0.6414687374872802,3.8365660262410297,0.7856280193236715,13248,tirex_ctx96,tirex,96,-0.13429984850025778
nasa_power_ghcn_temperate,T2M,14,0.9571650281304964,0.7535947303158482,4.440029418723485,0.7761926328502415,13248,tirex_ctx96,tirex,96,-0.33130344140253043
nasa_power_ghcn_temperate,T2M,30,1.28335879113788,1.0093613350588415,5.785579577256324,0.7367904589371981,13248,tirex_ctx96,tirex,96,-0.7864755575164306
bmd,Rainfall,1,0.5791204743066144,0.4958547292775089,17.368076309519967,0.7311962253677491,14412,chronos2,chronos2,1024,0.023310623634131167
bmd,Rainfall,3,0.6021855965458576,0.5197078529608056,18.12807938806389,0.7690813211212878,14412,chronos2,chronos2,1024,-0.003927003994725897
bmd,Rainfall,7,0.6339138556249022,0.5437174207365715,18.223426361847665,0.7364002220371912,14412,chronos2,chronos2,1024,-0.01697242094448792
bmd,Rainfall,14,0.6332089695556745,0.5426611101480542,18.278411236031697,0.8141826255897863,14412,chronos2,chronos2,1024,-0.01339563108453512
bmd,Rainfall,30,0.6321307883951788,0.5561314614360681,18.751718082050942,0.8063419372744934,14412,chronos2,chronos2,1024,-0.011852351891732393
bmd,Rainfall,1,0.5884468115625603,0.5120450261151152,16.539933796319254,0.8518595614765473,14412,timesfm25,timesfm25,1024,-0.008579544973396969
bmd,Rainfall,3,0.6055896300664244,0.5267835780199693,17.115257735917464,0.8373577574243686,14412,timesfm25,timesfm25,1024,-0.01759528208455574
bmd,Rainfall,7,0.6328704889121306,0.5487551783640024,17.064244618212214,0.8708714959755759,14412,timesfm25,timesfm25,1024,-0.026395073916613665
bmd,Rainfall,14,0.6344906565122026,0.5492483384583527,17.078384421060736,0.7948237579794616,14412,timesfm25,timesfm25,1024,-0.02569698871967452
bmd,Rainfall,30,0.6323433960031006,0.5568597865538691,17.715501185475453,0.86150430197058,14412,timesfm25,timesfm25,1024,-0.01317750167104137
bmd,Rainfall,1,0.5785167134797479,0.4936526548142051,17.262567588362657,0.7760199833472107,14412,tirex,tirex,1024,0.0276480688721934
bmd,Rainfall,3,0.5999286378362078,0.5182170254585007,18.292743529363687,0.8217457674160422,14412,tirex,tirex,1024,-0.0010471514403818105
bmd,Rainfall,7,0.631921402536242,0.5423145674172994,18.375912571850044,0.7994032750485707,14412,tirex,tirex,1024,-0.0143485154341636
bmd,Rainfall,14,0.6337053110684749,0.5419045432013728,18.412820414377823,0.7983624757146822,14412,tirex,tirex,1024,-0.011982775760923214
bmd,Rainfall,30,0.6304477520615238,0.5518030423714109,18.908891160826055,0.810435747987788,14412,tirex,tirex,1024,-0.003977017884846834
bmd,Temperature,1,0.5008766511954711,0.3922572357896525,1.0926210007357258,0.8039521580863235,13461,chronos2,chronos2,1024,0.346959496074312
bmd,Temperature,3,0.7074619335342195,0.54940682515159,1.4936160052458076,0.7641334224797564,13461,chronos2,chronos2,1024,0.13156734960521377
bmd,Temperature,7,0.7206240531818108,0.5578791863142436,1.5100532542090075,0.8055865091746527,13461,chronos2,chronos2,1024,0.056695481121760594
bmd,Temperature,14,0.7361682780500303,0.570955216739309,1.545017543087679,0.803209271227992,13461,chronos2,chronos2,1024,0.0362627269722825
bmd,Temperature,30,0.7732958831481609,0.5994081952996632,1.636362731843629,0.7865686056013669,13461,chronos2,chronos2,1024,0.03371949399979535
bmd,Temperature,1,0.4869756012555911,0.3840290610853233,1.07270874706782,0.8186613178812867,13461,timesfm25,timesfm25,1024,0.3606579848848158
bmd,Temperature,3,0.7080733794748397,0.5505179689056426,1.4949580340226714,0.7772825198722234,13461,timesfm25,timesfm25,1024,0.12981099443973998
bmd,Temperature,7,0.7177518996670833,0.5577924329272397,1.5080996914629896,0.839462149914568,13461,timesfm25,timesfm25,1024,0.056842170340495324
bmd,Temperature,14,0.7309432703453669,0.5705903243053332,1.5422922675313326,0.837456355397073,13461,timesfm25,timesfm25,1024,0.03687864294775367
bmd,Temperature,30,0.7717635128049162,0.6020059057249256,1.6494518510767096,0.8296560433845925,13461,timesfm25,timesfm25,1024,0.02953183529935044
bmd,Temperature,1,0.4877270184411997,0.3837731256081145,1.0793990727093743,0.7958546913305103,13461,tirex,tirex,1024,0.36108407322114044
bmd,Temperature,3,0.7142506421218617,0.5540190173635879,1.505309582466913,0.7898373077780254,13461,tirex,tirex,1024,0.1242769809322537
bmd,Temperature,7,0.7276589563156004,0.56491253584161,1.5260340551238356,0.8246787014337716,13461,tirex,tirex,1024,0.04480295930920142
bmd,Temperature,14,0.7430817463560293,0.5793420540886453,1.5671816063044184,0.8315132605304212,13461,tirex,tirex,1024,0.02210626159740403
bmd,Temperature,30,0.7901235836973511,0.6161798343333458,1.6810884016692966,0.834410519277914,13461,tirex,tirex,1024,0.006682646691063332
bmd,Humidity,1,0.5707117659410715,0.4465773414903357,4.827508400195589,0.8065387733045123,11103,chronos2,chronos2,1024,0.28918046721049107
bmd,Humidity,3,0.7232796462933517,0.5606371974131363,6.047415808103631,0.7881653607133208,11103,chronos2,chronos2,1024,0.12086151994820138
bmd,Humidity,7,0.749639785508528,0.5814620425520519,6.263509404422927,0.7922183193731424,11103,chronos2,chronos2,1024,0.06422368102529652
bmd,Humidity,14,0.7623417814655687,0.591484015629168,6.383504077654407,0.7914077276411781,11103,chronos2,chronos2,1024,0.04902164879854409
bmd,Humidity,30,0.7694793884278349,0.5999716701916167,6.492843622176575,0.7969918040169324,11103,chronos2,chronos2,1024,0.05324542033320612
bmd,Humidity,1,0.5654299977651854,0.4434341938299684,4.793351370011356,0.784022336305503,11103,timesfm25,timesfm25,1024,0.2941834320809761
bmd,Humidity,3,0.7237193763896599,0.5625058632217531,6.034423615640084,0.7726740520580023,11103,timesfm25,timesfm25,1024,0.11793125412514804
bmd,Humidity,7,0.7512383099670116,0.5826762219755458,6.259076742532182,0.7994235792128254,11103,timesfm25,timesfm25,1024,0.062269640574942886
bmd,Humidity,14,0.7639972652049175,0.5923382806256162,6.369076634370099,0.8048275240925876,11103,timesfm25,timesfm25,1024,0.047648175473238186
bmd,Humidity,30,0.773147427373992,0.6031357068655835,6.506262913479592,0.7971719355129244,11103,timesfm25,timesfm25,1024,0.04825257423706453
bmd,Humidity,1,0.5672633405620474,0.4450509302196829,4.81806751225678,0.7834819418175268,11103,tirex,tirex,1024,0.2916100641592059
bmd,Humidity,3,0.7263868839096869,0.5648145087803523,6.081304494363443,0.7842925335494911,11103,tirex,tirex,1024,0.1143110534735855
bmd,Humidity,7,0.7550305892321467,0.585865761531951,6.30150691695175,0.7928487796091147,11103,tirex,tirex,1024,0.057136553001045254
bmd,Humidity,14,0.7681169688089192,0.595498781612843,6.410727025923321,0.8005043681887778,11103,tirex,tirex,1024,0.04256677354455474
bmd,Humidity,30,0.7813320875562418,0.6089400433245676,6.583112035096543,0.8111321264523101,11103,tirex,tirex,1024,0.03909333823061256
bmd,Sunshine,1,0.6808058920370534,0.5196577387940063,2.678222265381511,0.7767950052029137,13454,chronos2,chronos2,1024,0.17845467670735027
bmd,Sunshine,3,0.814129235949369,0.6154148453725558,3.103663927910539,0.7538278578861305,13454,chronos2,chronos2,1024,0.038394283761521986
bmd,Sunshine,7,0.8221614079923539,0.6175071953022327,3.1005263415315363,0.7649026311877508,13454,chronos2,chronos2,1024,0.03438025525096755
bmd,Sunshine,14,0.8248874257164348,0.618746481839384,3.0979708898173466,0.7660175412516723,13454,chronos2,chronos2,1024,0.033503411675741335
bmd,Sunshine,30,0.8250659479155081,0.626907576464779,3.11773955085537,0.7558346960011892,13454,chronos2,chronos2,1024,0.040107722092582176
bmd,Sunshine,1,0.6842794868631346,0.5287695844649318,2.608064807866932,0.7767950052029137,13454,timesfm25,timesfm25,1024,0.16404943718395582
bmd,Sunshine,3,0.8202673724221966,0.624367337659466,3.041742151203976,0.7905455626579456,13454,timesfm25,timesfm25,1024,0.02440572332557378
bmd,Sunshine,7,0.824284468778983,0.624347444460496,3.0314764054272465,0.8394529507953025,13454,timesfm25,timesfm25,1024,0.023683894631251867
bmd,Sunshine,14,0.8294943483294046,0.6256265540791947,3.0400468094437008,0.8419800802735246,13454,timesfm25,timesfm25,1024,0.022756576675671658
bmd,Sunshine,30,0.8417699236999087,0.6356857905534151,3.0861583979951734,0.8372231306674595,13454,timesfm25,timesfm25,1024,0.02666692119332348
bmd,Sunshine,1,0.6841192062281161,0.5214288148374218,2.7214282558744425,0.7917348000594618,13454,tirex,tirex,1024,0.17565471986644898
bmd,Sunshine,3,0.8138752896404149,0.6157585845804681,3.109241427151911,0.7586591348297904,13454,tirex,tirex,1024,0.037857180066820484
bmd,Sunshine,7,0.8205383960069395,0.6186210981254584,3.1079500859382234,0.7898022892819979,13454,tirex,tirex,1024,0.032638402576179004
bmd,Sunshine,14,0.8240779456845909,0.6194033752256632,3.121891374038105,0.8015460086219711,13454,tirex,tirex,1024,0.032477328723569565
bmd,Sunshine,30,0.8316191607958914,0.631154832561503,3.1449718158124194,0.8022149546603241,13454,tirex,tirex,1024,0.03360451734184233
ghcn_bangladesh,Rainfall,1,1.1950444932801614,1.0187469340050943,20.358825990121566,0.6412478336221837,1154,chronos2,chronos2,1024,0.08619531074876341
ghcn_bangladesh,Rainfall,3,1.3327504338954124,1.1509585963459543,27.085801301682796,0.7192374350086655,1154,chronos2,chronos2,1024,0.029007153058527524
ghcn_bangladesh,Rainfall,7,1.323060602565573,1.1406050191141877,21.33562973620946,0.6672443674176777,1154,chronos2,chronos2,1024,0.017024416906244344
ghcn_bangladesh,Rainfall,14,1.3097309414442262,1.1278199326029987,20.732154018643907,0.7409012131715771,1154,chronos2,chronos2,1024,0.027501170162512856
ghcn_bangladesh,Rainfall,30,1.178175230814665,1.0169224679013271,21.162359584070135,0.7235701906412478,1154,chronos2,chronos2,1024,0.01886634031754275
ghcn_bangladesh,Rainfall,1,1.2222452828417594,1.0574198446978702,18.98179203095316,0.8223570190641247,1154,timesfm25,timesfm25,1024,0.05150613922005076
ghcn_bangladesh,Rainfall,3,1.3727341858498163,1.1942653610953538,25.771329459709627,0.7998266897746967,1154,timesfm25,timesfm25,1024,-0.007528095845599436
ghcn_bangladesh,Rainfall,7,1.339061024631742,1.1597677156635249,19.83192701387753,0.8518197573656846,1154,timesfm25,timesfm25,1024,0.0005099684349740841
ghcn_bangladesh,Rainfall,14,1.328386643988583,1.145850655372163,19.127677390053556,0.7894280762564991,1154,timesfm25,timesfm25,1024,0.011953602428303678
ghcn_bangladesh,Rainfall,30,1.1947919117083343,1.0476109586254414,19.625559184546336,0.8630849220103987,1154,timesfm25,timesfm25,1024,-0.01074212263285279
ghcn_bangladesh,Rainfall,1,1.201459601569811,1.0148293243812647,19.703576052444298,0.7608318890814558,1154,tirex,tirex,1024,0.08970936308641042
ghcn_bangladesh,Rainfall,3,1.376262625370078,1.194754075833783,26.841439011954943,0.7868284228769498,1154,tirex,tirex,1024,-0.0079403943563503
ghcn_bangladesh,Rainfall,7,1.3518074604256538,1.1731495577618996,21.24024855203757,0.791161178509532,1154,tirex,tirex,1024,-0.011022528633760631
ghcn_bangladesh,Rainfall,14,1.3532135744330591,1.1607781576023306,20.686356696199,0.7998266897746967,1154,tirex,tirex,1024,-0.0009181140856342473
ghcn_bangladesh,Rainfall,30,1.2046748286023503,1.0601336700574429,21.102912456749365,0.830155979202773,1154,tirex,tirex,1024,-0.022824119131350074
ghcn_bangladesh,Tavg,1,0.5007518102560552,0.3942874599448272,1.179648926010627,0.8092016238159675,1478,chronos2,chronos2,1024,0.31720721032099497
ghcn_bangladesh,Tavg,3,0.6671535179266103,0.5234291861856206,1.5460875713950275,0.7665764546684709,1478,chronos2,chronos2,1024,0.14503232057529225
ghcn_bangladesh,Tavg,7,0.6910932651163315,0.5389405312623751,1.5757082798963198,0.7956698240866035,1478,chronos2,chronos2,1024,0.06603595607690427
ghcn_bangladesh,Tavg,14,0.7124976115667961,0.5575710874739611,1.635492144837682,0.7855209742895806,1478,chronos2,chronos2,1024,0.03985150769575796
ghcn_bangladesh,Tavg,30,0.753698636387091,0.5906498900136175,1.7332417697796718,0.7828146143437077,1478,chronos2,chronos2,1024,0.03800482434178132
ghcn_bangladesh,Tavg,1,0.4898578009867836,0.3886566743959458,1.1685477330508722,0.8288227334235453,1478,timesfm25,timesfm25,1024,0.32695811584952217
ghcn_bangladesh,Tavg,3,0.680876446934725,0.5335733247194582,1.5743901765904322,0.7990527740189445,1478,timesfm25,timesfm25,1024,0.12846291479713934
ghcn_bangladesh,Tavg,7,0.72616292118664,0.5625123665741648,1.6555825868854677,0.8389715832205683,1478,timesfm25,timesfm25,1024,0.02518683571306468
ghcn_bangladesh,Tavg,14,0.7619853892496228,0.5908764776212629,1.7720120504421295,0.8416779431664412,1478,timesfm25,timesfm25,1024,-0.017501035959995637
ghcn_bangladesh,Tavg,30,0.8346738977565424,0.658280260873213,1.993416713756809,0.8112313937753721,1478,timesfm25,timesfm25,1024,-0.07214518430954886
ghcn_bangladesh,Tavg,1,0.4892870207830306,0.3881441058192569,1.1766774653388556,0.7861975642760487,1478,tirex,tirex,1024,0.3278457376075873
ghcn_bangladesh,Tavg,3,0.6832706451297883,0.5367475200282399,1.6017737472413691,0.7787550744248986,1478,tirex,tirex,1024,0.12327819359928949
ghcn_bangladesh,Tavg,7,0.7232296463722582,0.5619168045229609,1.6573896545540103,0.8031123139377537,1478,tirex,tirex,1024,0.02621892276067772
ghcn_bangladesh,Tavg,14,0.7492436508317649,0.5844845990019933,1.7310778983193795,0.8227334235453315,1478,tirex,tirex,1024,-0.006494093962541303
ghcn_bangladesh,Tavg,30,0.8133701782177557,0.641368616947829,1.8995507069007296,0.8166441136671178,1478,tirex,tirex,1024,-0.04460108391482254
ghcn_temperate,Rainfall,1,0.5605682491453364,0.4896424133733792,4.71715661783308,0.4243531202435312,9855,chronos2,chronos2,1024,0.023841463830670095
ghcn_temperate,Rainfall,3,0.6273192928834346,0.5571800552080033,5.296432119600209,0.4382546930492136,9855,chronos2,chronos2,1024,-0.0033866745515427343
ghcn_temperate,Rainfall,7,0.6240006457982782,0.5559462514357215,5.308421508979148,0.4437341451040081,9855,chronos2,chronos2,1024,-0.014366809263413938
ghcn_temperate,Rainfall,14,0.6232415907010929,0.5545461490855559,5.286471415141142,0.4942668696093353,9855,chronos2,chronos2,1024,-0.014658913616469205
ghcn_temperate,Rainfall,30,0.5946608272570031,0.5339943947689144,5.076469421502192,0.482699137493658,9855,chronos2,chronos2,1024,-0.01330697585187579
ghcn_temperate,Rainfall,1,0.5622405612055987,0.4976258020815887,4.429954762429672,0.8386605783866058,9855,timesfm25,timesfm25,1024,0.007925659108226957
ghcn_temperate,Rainfall,3,0.6291643353436215,0.5622244982265721,5.021452304995405,0.832470826991375,9855,timesfm25,timesfm25,1024,-0.012470859920448163
ghcn_temperate,Rainfall,7,0.6250302736915546,0.5581557495671351,5.0146947011499545,0.8492135971588026,9855,timesfm25,timesfm25,1024,-0.01839820899647715
ghcn_temperate,Rainfall,14,0.6243987258488848,0.5558977969666662,4.974859804136249,0.7923896499238965,9855,timesfm25,timesfm25,1024,-0.017132037941470557
ghcn_temperate,Rainfall,30,0.5960103943791127,0.5330416538163938,4.778627063448131,0.8750887874175546,9855,timesfm25,timesfm25,1024,-0.011499056025700893
ghcn_temperate,Rainfall,1,0.5583224250839055,0.4861205604764108,4.647892876698633,0.6730593607305936,9855,tirex,tirex,1024,0.030862683142173775
ghcn_temperate,Rainfall,3,0.6260974449805586,0.5554466091060298,5.314270474041841,0.8175545408422121,9855,tirex,tirex,1024,-0.00026503244767339673
ghcn_temperate,Rainfall,7,0.6231763369763995,0.5541406326006133,5.3202346286940125,0.8093353627600203,9855,tirex,tirex,1024,-0.01107231845286405
ghcn_temperate,Rainfall,14,0.6224394413456746,0.5520329238251913,5.301813113943755,0.7419583967529173,9855,tirex,tirex,1024,-0.01006043896010378
ghcn_temperate,Rainfall,30,0.5936221855462845,0.5317427168267894,5.083128233534032,0.8073059360730593,9855,tirex,tirex,1024,-0.009034195110208199
ghcn_temperate,Tavg,1,0.4035366911278706,0.3151824524141144,2.0573436463754753,0.8409196470041802,12918,chronos2,chronos2,1024,0.43229057591889997
ghcn_temperate,Tavg,3,0.6196246823267709,0.4809241294354106,3.11969713695321,0.7858027558445579,12918,chronos2,chronos2,1024,0.14627483371343275
ghcn_temperate,Tavg,7,0.6708937567347495,0.5199357063598208,3.369756982290071,0.7894410899520049,12918,chronos2,chronos2,1024,0.07562268150379214
ghcn_temperate,Tavg,14,0.6844404399337649,0.5290549883437714,3.4226537023404644,0.7920730763276049,12918,chronos2,chronos2,1024,0.05945163180649471
ghcn_temperate,Tavg,30,0.676876622211481,0.5248530649341889,3.4009739563299934,0.8026010218300046,12918,chronos2,chronos2,1024,0.06677509680747717
ghcn_temperate,Tavg,1,0.4002111610257935,0.3136949255131037,2.0417639661429927,0.8400681220003097,12918,timesfm25,timesfm25,1024,0.4349699225443535
ghcn_temperate,Tavg,3,0.6213077859345828,0.4832917438348248,3.129182591417921,0.7788357330856169,12918,timesfm25,timesfm25,1024,0.14207190049979812
ghcn_temperate,Tavg,7,0.6739757172805292,0.5232628779778182,3.377331337475149,0.8053104195695928,12918,timesfm25,timesfm25,1024,0.0697074078636073
ghcn_temperate,Tavg,14,0.689382059418522,0.5334079295056985,3.445152542061283,0.8080972286731692,12918,timesfm25,timesfm25,1024,0.05171301900272973
ghcn_temperate,Tavg,30,0.6837922487707244,0.5299122595455783,3.42767322289489,0.8231924446508747,12918,timesfm25,timesfm25,1024,0.05777950029316892
ghcn_temperate,Tavg,1,0.3973030135117398,0.3104353923258217,2.0337365271882195,0.8178510605356867,12918,tirex,tirex,1024,0.44084102258292357
ghcn_temperate,Tavg,3,0.6188344215014993,0.4807552497987877,3.118287732486885,0.8039170150178047,12918,tirex,tirex,1024,0.1465746248593408
ghcn_temperate,Tavg,7,0.6734176691407951,0.521690212999418,3.374997339087535,0.8010527945502399,12918,tirex,tirex,1024,0.07250339940226203
ghcn_temperate,Tavg,14,0.684717263017722,0.5294710610102169,3.424746774222635,0.8108840377767457,12918,tirex,tirex,1024,0.05871194221638176
ghcn_temperate,Tavg,30,0.680854264819591,0.5291177258530558,3.425844842453759,0.82559219693451,12918,tirex,tirex,1024,0.059192235928770986
nasa_power_bmd,PRECTOTCORR,1,1.16658659083839,0.9555019479250392,15.905145973979876,0.683367839889579,14490,chronos2,chronos2,1024,0.3134543503205428
nasa_power_bmd,PRECTOTCORR,3,1.477513019739627,1.2205295996756391,20.92811557885714,0.7357487922705314,14490,chronos2,chronos2,1024,0.1406704228549952
nasa_power_bmd,PRECTOTCORR,7,1.4388174720234843,1.2035015725489884,19.64589917093813,0.6904761904761905,14490,chronos2,chronos2,1024,0.11171636528681927
nasa_power_bmd,PRECTOTCORR,14,1.4417481884476455,1.2012881670215398,19.65815429126276,0.6971704623878537,14490,chronos2,chronos2,1024,0.11334720631004436
nasa_power_bmd,PRECTOTCORR,30,1.5906207087943032,1.3475144538887405,22.32979784068137,0.7153899240855762,14490,chronos2,chronos2,1024,0.11520623574372402
nasa_power_bmd,PRECTOTCORR,1,1.1723452435404025,0.9805799328952136,15.519574936254294,0.8051069703243616,14490,timesfm25,timesfm25,1024,0.29543535881415317
nasa_power_bmd,PRECTOTCORR,3,1.480635516156935,1.2342205543973856,20.43295716408757,0.8003450655624569,14490,timesfm25,timesfm25,1024,0.13103112993258148
nasa_power_bmd,PRECTOTCORR,7,1.4513081285782148,1.2237943557202753,19.163147958749683,0.8597653554175293,14490,timesfm25,timesfm25,1024,0.09673861402750095
nasa_power_bmd,PRECTOTCORR,14,1.4642765731032406,1.2270476237660368,19.160493987529975,0.7810904071773637,14490,timesfm25,timesfm25,1024,0.09433453731566621
nasa_power_bmd,PRECTOTCORR,30,1.614745531045495,1.366361589772361,21.67758972764246,0.7973084886128364,14490,timesfm25,timesfm25,1024,0.10283098570036153
nasa_power_bmd,PRECTOTCORR,1,1.1491144947265175,0.9367834909322464,15.686452561707489,0.8204278812974465,14490,tirex,tirex,1024,0.32690390449991547
nasa_power_bmd,PRECTOTCORR,3,1.4741710282623255,1.2187187964063515,21.06063177386705,0.8352657004830918,14490,tirex,tirex,1024,0.14194534220812138
nasa_power_bmd,PRECTOTCORR,7,1.4254625069922946,1.202277510336036,19.87310458942374,0.834920634920635,14490,tirex,tirex,1024,0.11261982437356854
nasa_power_bmd,PRECTOTCORR,14,1.434161052812166,1.1983752047112568,19.91719425864467,0.8389924085576259,14490,tirex,tirex,1024,0.11549722013789199
nasa_power_bmd,PRECTOTCORR,30,1.58844781105179,1.3432973890086872,22.71046630502286,0.8394064872325742,14490,tirex,tirex,1024,0.1179752099083925
nasa_power_bmd,T2M,1,0.3723490152486335,0.2924720216475359,0.708107147207468,0.8464458247066943,14490,chronos2,chronos2,1024,0.5249552325095954
nasa_power_bmd,T2M,3,0.6049054360661358,0.4683214864674524,1.1504242730355867,0.778191856452726,14490,chronos2,chronos2,1024,0.26864461415124996
nasa_power_bmd,T2M,7,0.6655528870291645,0.5195736735820125,1.2709328934227198,0.7882677708764665,14490,chronos2,chronos2,1024,0.15331075267056415
nasa_power_bmd,T2M,14,0.7056300417166855,0.5527579227787157,1.3598026761525608,0.7894409937888198,14490,chronos2,chronos2,1024,0.10172803191524404
nasa_power_bmd,T2M,30,0.7500355267719758,0.5854414210316002,1.464891011156822,0.7856452726017943,14490,chronos2,chronos2,1024,0.06454644477875182
nasa_power_bmd,T2M,1,0.3565663402091059,0.2831402083390211,0.685396506679343,0.8596273291925466,14490,timesfm25,timesfm25,1024,0.540112337310374
nasa_power_bmd,T2M,3,0.6023997561703381,0.4678179944073924,1.143130916573364,0.7986197377501726,14490,timesfm25,timesfm25,1024,0.26943089374870033
nasa_power_bmd,T2M,7,0.6694870534279487,0.5243457537312521,1.2739965992585032,0.83567977915804,14490,timesfm25,timesfm25,1024,0.14553424443853624
nasa_power_bmd,T2M,14,0.7107535525354607,0.5597811514805244,1.359968335949455,0.8369910282953761,14490,timesfm25,timesfm25,1024,0.09031477267769417
nasa_power_bmd,T2M,30,0.7546261216392925,0.5953668781919137,1.486676146591713,0.8455486542443064,14490,timesfm25,timesfm25,1024,0.0486869516608055
nasa_power_bmd,T2M,1,0.35900104457153,0.2827804037591719,0.6903182041128492,0.8095238095238095,14490,tirex,tirex,1024,0.5406967463147417
nasa_power_bmd,T2M,3,0.6076269652955996,0.4711106602150838,1.148832674498543,0.7944099378881988,14490,tirex,tirex,1024,0.26428889419958823
nasa_power_bmd,T2M,7,0.6841091272021497,0.5332837850355985,1.303118992813853,0.8164941338854382,14490,tirex,tirex,1024,0.13096896643761113
nasa_power_bmd,T2M,14,0.7263750457822675,0.5709815760504647,1.399801221350964,0.8229813664596274,14490,tirex,tirex,1024,0.07211326527776707
nasa_power_bmd,T2M,30,0.7753883047077582,0.6119279045187018,1.5289932464718727,0.8454106280193237,14490,tirex,tirex,1024,0.022224746563994535
nasa_power_bmd,RH2M,1,0.3515685724807916,0.2758986190504044,4.259411844520757,0.8030365769496204,14490,chronos2,chronos2,1024,0.6231160706594229
nasa_power_bmd,RH2M,3,0.4891603047881812,0.378983601557159,5.96112948069069,0.8057971014492754,14490,chronos2,chronos2,1024,0.48117239662086464
nasa_power_bmd,RH2M,7,0.5584870490163382,0.433985468970012,6.80703663862382,0.7799861973775017,14490,chronos2,chronos2,1024,0.4083188545742342
nasa_power_bmd,RH2M,14,0.5918379534396974,0.4573949354956462,7.180656091639503,0.7766735679779158,14490,chronos2,chronos2,1024,0.37640903466537845
nasa_power_bmd,RH2M,30,0.6360753231454537,0.490778878811885,7.7195168224401325,0.7692201518288475,14490,chronos2,chronos2,1024,0.34759154927389424
nasa_power_bmd,RH2M,1,0.3495126942529223,0.2751966278203329,4.255512559045129,0.817736369910283,14490,timesfm25,timesfm25,1024,0.6240750070037315
nasa_power_bmd,RH2M,3,0.4872759740899122,0.3776599884218684,5.913219217494944,0.8134575569358178,14490,timesfm25,timesfm25,1024,0.48298441969511474
nasa_power_bmd,RH2M,7,0.5588933028902275,0.4333040222438312,6.771492879003596,0.80351966873706,14490,timesfm25,timesfm25,1024,0.4092479160482283
nasa_power_bmd,RH2M,14,0.5865638977665604,0.4537980833596153,7.093229999384007,0.7987577639751553,14490,timesfm25,timesfm25,1024,0.3813128154500145
nasa_power_bmd,RH2M,30,0.6248557115532891,0.4841815541126452,7.630689868539482,0.7867494824016563,14490,timesfm25,timesfm25,1024,0.356361589248695
nasa_power_bmd,RH2M,1,0.3496916148668902,0.2751795179833297,4.262482001616897,0.7925465838509317,14490,tirex,tirex,1024,0.6240983794389483
nasa_power_bmd,RH2M,3,0.488916068157707,0.3810353024505556,5.969344332710434,0.8265010351966874,14490,tirex,tirex,1024,0.47836362322539827
nasa_power_bmd,RH2M,7,0.5657221462471819,0.4386267755629432,6.839531914086487,0.7936507936507936,14490,tirex,tirex,1024,0.40199105376630573
nasa_power_bmd,RH2M,14,0.6035555394252861,0.465947883610894,7.263588680949263,0.7899240855762595,14490,tirex,tirex,1024,0.364748343307122
nasa_power_bmd,RH2M,30,0.6536255091484614,0.5062565018977614,7.982943687219279,0.7919944789510007,14490,tirex,tirex,1024,0.3270166375685971
nasa_power_bmd,ALLSKY_SFC_SW_DWN,1,0.5863731331862033,0.4623179276300818,3.5224820137718655,0.7945479641131815,14490,chronos2,chronos2,1024,0.2297639840584026
nasa_power_bmd,ALLSKY_SFC_SW_DWN,3,0.720058553029247,0.5644298014349638,4.143900224451948,0.7594893029675638,14490,chronos2,chronos2,1024,0.051452629165975816
nasa_power_bmd,ALLSKY_SFC_SW_DWN,7,0.7369081578922092,0.5752682109420031,4.252802556686538,0.7830917874396135,14490,chronos2,chronos2,1024,0.04081186394603431
nasa_power_bmd,ALLSKY_SFC_SW_DWN,14,0.7355287958052711,0.5735610092345365,4.24274839588854,0.7905452035886819,14490,chronos2,chronos2,1024,0.04377709876756897
nasa_power_bmd,ALLSKY_SFC_SW_DWN,30,0.7544461561914636,0.5926822253123537,4.373611546340532,0.7769496204278813,14490,chronos2,chronos2,1024,0.04050817734700063
nasa_power_bmd,ALLSKY_SFC_SW_DWN,1,0.588413185790052,0.4656632759365078,3.4225574327891244,0.7922705314009661,14490,timesfm25,timesfm25,1024,0.22419052995358946
nasa_power_bmd,ALLSKY_SFC_SW_DWN,3,0.7244947864754477,0.5678983077426712,4.076114516481849,0.7772256728778468,14490,timesfm25,timesfm25,1024,0.04562366242727289
nasa_power_bmd,ALLSKY_SFC_SW_DWN,7,0.7363671132323151,0.5764881804646544,4.120359377020555,0.8189786059351277,14490,timesfm25,timesfm25,1024,0.03877771662098317
nasa_power_bmd,ALLSKY_SFC_SW_DWN,14,0.7355205376715256,0.5740383616571507,4.109575506932284,0.8274672187715666,14490,timesfm25,timesfm25,1024,0.04298127180040512
nasa_power_bmd,ALLSKY_SFC_SW_DWN,30,0.7579567596796328,0.5953846912645228,4.269601751953208,0.805175983436853,14490,timesfm25,timesfm25,1024,0.03613316174612313
nasa_power_bmd,ALLSKY_SFC_SW_DWN,1,0.5851669641831242,0.4608561373961813,3.5000900677794515,0.7908902691511387,14490,tirex,tirex,1024,0.2321993719562362
nasa_power_bmd,ALLSKY_SFC_SW_DWN,3,0.7235150571545388,0.568201875241639,4.197312573278193,0.7573498964803312,14490,tirex,tirex,1024,0.04511350482701071
nasa_power_bmd,ALLSKY_SFC_SW_DWN,7,0.7375459792520386,0.5777682818616211,4.27429270444956,0.7854382332643203,14490,tirex,tirex,1024,0.03664330688034079
nasa_power_bmd,ALLSKY_SFC_SW_DWN,14,0.7381661110356782,0.576845190598009,4.255842217241791,0.7886128364389234,14490,tirex,tirex,1024,0.03830181474199634
nasa_power_bmd,ALLSKY_SFC_SW_DWN,30,0.7634597997842335,0.5985606657358665,4.422337375381214,0.7964113181504486,14490,tirex,tirex,1024,0.030991584347538126
nasa_power_ghcn_bangladesh,PRECTOTCORR,1,1.1093565651282775,0.9048287795730476,16.48042384189345,0.6847826086956522,4140,chronos2,chronos2,1024,0.29668214476834465
nasa_power_ghcn_bangladesh,PRECTOTCORR,3,1.3588854267414747,1.1153330849381975,20.6429463896555,0.7405797101449275,4140,chronos2,chronos2,1024,0.12290696627950293
nasa_power_ghcn_bangladesh,PRECTOTCORR,7,1.3305084323095373,1.1067131830211527,19.338800242108835,0.693719806763285,4140,chronos2,chronos2,1024,0.09131001602177657
nasa_power_ghcn_bangladesh,PRECTOTCORR,14,1.3327508948194744,1.1039050537024104,19.34968845980245,0.701207729468599,4140,chronos2,chronos2,1024,0.09361512055347754
nasa_power_ghcn_bangladesh,PRECTOTCORR,30,1.4745720129353472,1.2369000949502258,21.4122096263184,0.7227053140096619,4140,chronos2,chronos2,1024,0.1048706982203993
nasa_power_ghcn_bangladesh,PRECTOTCORR,1,1.115388358642191,0.9299703097008162,16.002970399346413,0.8060386473429951,4140,timesfm25,timesfm25,1024,0.27713978775462556
nasa_power_ghcn_bangladesh,PRECTOTCORR,3,1.3590082356269202,1.1261272329070329,20.090433554721553,0.8055555555555556,4140,timesfm25,timesfm25,1024,0.1144184957801826
nasa_power_ghcn_bangladesh,PRECTOTCORR,7,1.335233153827237,1.1217114385097575,18.824878863110555,0.8584541062801933,4140,timesfm25,timesfm25,1024,0.07899538496042324
nasa_power_ghcn_bangladesh,PRECTOTCORR,14,1.3467198962605085,1.1235277480834698,18.829440930972588,0.7816425120772947,4140,timesfm25,timesfm25,1024,0.07750348720118827
nasa_power_ghcn_bangladesh,PRECTOTCORR,30,1.4952532983697877,1.254947946876805,20.6679090076645,0.7896135265700484,4140,timesfm25,timesfm25,1024,0.09180969098172609
nasa_power_ghcn_bangladesh,PRECTOTCORR,1,1.0888999215543762,0.885798922952539,16.20991354413949,0.8243961352657004,4140,tirex,tirex,1024,0.3114739354870455
nasa_power_ghcn_bangladesh,PRECTOTCORR,3,1.3549852775156186,1.1135680305668985,20.7941525301321,0.836231884057971,4140,tirex,tirex,1024,0.12429499727590254
nasa_power_ghcn_bangladesh,PRECTOTCORR,7,1.3144673706313954,1.1031094422394905,19.567572533648335,0.8376811594202899,4140,tirex,tirex,1024,0.09426894269165775
nasa_power_ghcn_bangladesh,PRECTOTCORR,14,1.3252984435052635,1.10117407843953,19.62607840377118,0.8408212560386473,4140,tirex,tirex,1024,0.09585744626447534
nasa_power_ghcn_bangladesh,PRECTOTCORR,30,1.4719508855573735,1.2325779976591824,21.80961211307673,0.8381642512077294,4140,tirex,tirex,1024,0.10799854657787789
nasa_power_ghcn_bangladesh,T2M,1,0.3716363665001043,0.2922433164650229,0.7217216340318535,0.8420289855072464,4140,chronos2,chronos2,1024,0.5191604301794874
nasa_power_ghcn_bangladesh,T2M,3,0.5966183876992556,0.4631133064397446,1.1611326544152838,0.7797101449275362,4140,chronos2,chronos2,1024,0.26242301903891496
nasa_power_ghcn_bangladesh,T2M,7,0.6628953154652995,0.5162700815329881,1.2893735532991184,0.7903381642512077,4140,chronos2,chronos2,1024,0.14820581974958835
nasa_power_ghcn_bangladesh,T2M,14,0.7001092858359741,0.5470497724181578,1.3753415373726126,0.7920289855072464,4140,chronos2,chronos2,1024,0.09974329809095794
nasa_power_ghcn_bangladesh,T2M,30,0.7368917572111954,0.5759746757435413,1.4741474329832138,0.7862318840579711,4140,chronos2,chronos2,1024,0.0607101298242021
nasa_power_ghcn_bangladesh,T2M,1,0.3568696874183039,0.2834273121536976,0.6992908161072507,0.8521739130434782,4140,timesfm25,timesfm25,1024,0.5336657532502403
nasa_power_ghcn_bangladesh,T2M,3,0.5951604783124638,0.4625033046099098,1.1518734577455647,0.7980676328502415,4140,timesfm25,timesfm25,1024,0.2633945378913727
nasa_power_ghcn_bangladesh,T2M,7,0.6654604968356772,0.5205874534502523,1.291851059028005,0.8357487922705314,4140,timesfm25,timesfm25,1024,0.14108258637882565
nasa_power_ghcn_bangladesh,T2M,14,0.7050806758285401,0.5537556965004228,1.3744443114144698,0.8359903381642512,4140,timesfm25,timesfm25,1024,0.08870764210143733
nasa_power_ghcn_bangladesh,T2M,30,0.7402709646060849,0.5847848342405144,1.4918176087632649,0.8403381642512078,4140,timesfm25,timesfm25,1024,0.04634267066435749
nasa_power_ghcn_bangladesh,T2M,1,0.3592467715009358,0.2831570967123582,0.7053227946705175,0.8055555555555556,4140,tirex,tirex,1024,0.5341103494796567
nasa_power_ghcn_bangladesh,T2M,3,0.5999345844921732,0.4653985449460124,1.1580075667486485,0.7995169082125604,4140,tirex,tirex,1024,0.2587834360366754
nasa_power_ghcn_bangladesh,T2M,7,0.6773437980549307,0.5282206087593346,1.3185354886558835,0.8123188405797102,4140,tirex,tirex,1024,0.12848864088053624
nasa_power_ghcn_bangladesh,T2M,14,0.7181788806977799,0.5627045354839058,1.409576555840016,0.8272946859903382,4140,tirex,tirex,1024,0.07398091580453403
nasa_power_ghcn_bangladesh,T2M,30,0.7550115328351017,0.5969405361045663,1.5266060951022185,0.8466183574879227,4140,tirex,tirex,1024,0.02651935532320726
nasa_power_ghcn_temperate,PRECTOTCORR,1,0.6217271021141332,0.5207732476992294,3.860024322783125,0.5807669082125604,13248,chronos2,chronos2,1024,0.06288250276061147
nasa_power_ghcn_temperate,PRECTOTCORR,3,0.714278863256832,0.6056035511492618,4.258528989338164,0.5902022946859904,13248,chronos2,chronos2,1024,0.00011504081426005897
nasa_power_ghcn_temperate,PRECTOTCORR,7,0.6754523190756372,0.5714602715021001,4.1577135605706825,0.5954861111111112,13248,chronos2,chronos2,1024,-0.012816066928052816
nasa_power_ghcn_temperate,PRECTOTCORR,14,0.6729981521673446,0.5703414146486177,4.1493530068456606,0.6003170289855072,13248,chronos2,chronos2,1024,-0.014002929706547373
nasa_power_ghcn_temperate,PRECTOTCORR,30,0.6918252203447448,0.585199188016672,4.211252933632362,0.5998641304347826,13248,chronos2,chronos2,1024,-0.01623542602487449
nasa_power_ghcn_temperate,PRECTOTCORR,1,0.6184226834070178,0.5275785285884296,3.597679787702043,0.8335597826086957,13248,timesfm25,timesfm25,1024,0.0506365822509206
nasa_power_ghcn_temperate,PRECTOTCORR,3,0.7151893600731178,0.6118437042322089,3.945488189471857,0.8365036231884058,13248,timesfm25,timesfm25,1024,-0.010187797071704585
nasa_power_ghcn_temperate,PRECTOTCORR,7,0.6751141923747821,0.5732493710978065,3.8516059159958993,0.8645078502415459,13248,timesfm25,timesfm25,1024,-0.015986941451145986
nasa_power_ghcn_temperate,PRECTOTCORR,14,0.6733773680596893,0.5715072740200658,3.84498227918319,0.8654136473429952,13248,timesfm25,timesfm25,1024,-0.01607569662809838
nasa_power_ghcn_temperate,PRECTOTCORR,30,0.6914103302273726,0.5861238693275979,3.8845751674797833,0.8789251207729468,13248,timesfm25,timesfm25,1024,-0.017841193642445408
nasa_power_ghcn_temperate,PRECTOTCORR,1,0.6134231247549377,0.5130037332366406,3.767442917739222,0.7339221014492754,13248,tirex,tirex,1024,0.07686353573439342
nasa_power_ghcn_temperate,PRECTOTCORR,3,0.7128272771209151,0.6041377313206098,4.22979782437149,0.7503774154589372,13248,tirex,tirex,1024,0.002535190426599665
nasa_power_ghcn_temperate,PRECTOTCORR,7,0.6755224528859637,0.5697460994575035,4.114433014644713,0.7743055555555556,13248,tirex,tirex,1024,-0.009777988736400456
nasa_power_ghcn_temperate,PRECTOTCORR,14,0.6724469967747996,0.5680405053673611,4.121028480451576,0.7430555555555556,13248,tirex,tirex,1024,-0.00991217162330238
nasa_power_ghcn_temperate,PRECTOTCORR,30,0.691291217513094,0.5834926885242903,4.190549099988158,0.7961956521739131,13248,tirex,tirex,1024,-0.0132719816555662
nasa_power_ghcn_temperate,T2M,1,0.3825039105468524,0.2994068913930737,1.85517269731744,0.8522041062801933,13248,chronos2,chronos2,1024,0.4619562219426747
nasa_power_ghcn_temperate,T2M,3,0.6187677325612695,0.4791306666616885,2.929082284223963,0.7813254830917874,13248,chronos2,chronos2,1024,0.1547604393433265
nasa_power_ghcn_temperate,T2M,7,0.673695244011892,0.52066688192026,3.1830191603301285,0.785552536231884,13248,chronos2,chronos2,1024,0.07931231755006074
nasa_power_ghcn_temperate,T2M,14,0.6917630243251378,0.5344812785076154,3.2652015923390776,0.7894021739130435,13248,chronos2,chronos2,1024,0.055783252167668995
nasa_power_ghcn_temperate,T2M,30,0.6893929454281554,0.5326451641962943,3.24565795724483,0.8002717391304348,13248,chronos2,chronos2,1024,0.057267666577961784
nasa_power_ghcn_temperate,T2M,1,0.3797133007570738,0.2978263300574904,1.8439669632664504,0.846316425120773,13248,timesfm25,timesfm25,1024,0.4647965413103814
nasa_power_ghcn_temperate,T2M,3,0.6206575253598717,0.4818074634840842,2.942128604667435,0.7733997584541062,13248,timesfm25,timesfm25,1024,0.15003827328809782
nasa_power_ghcn_temperate,T2M,7,0.6766054335854956,0.5242999977384065,3.1922848343083254,0.8053291062801933,13248,timesfm25,timesfm25,1024,0.0728879316349339
nasa_power_ghcn_temperate,T2M,14,0.6966666300931178,0.5394763514699273,3.2876251313734213,0.8024607487922706,13248,timesfm25,timesfm25,1024,0.04695893644826976
nasa_power_ghcn_temperate,T2M,30,0.6955523892815345,0.5380437974088278,3.2734654585666623,0.8179347826086957,13248,timesfm25,timesfm25,1024,0.047712588586366844
nasa_power_ghcn_temperate,T2M,1,0.376277908866847,0.2941092263253899,1.834187117460918,0.8183121980676329,13248,tirex,tirex,1024,0.4714762958282047
nasa_power_ghcn_temperate,T2M,3,0.6176915590394702,0.4793565146804183,2.932717694257205,0.7995169082125604,13248,tirex,tirex,1024,0.15436201842517405
nasa_power_ghcn_temperate,T2M,7,0.6777170899908627,0.5238928587688425,3.194238817017207,0.8000452898550725,13248,tirex,tirex,1024,0.07360786955942888
nasa_power_ghcn_temperate,T2M,14,0.6945454610704916,0.5371313986233693,3.2761349702681373,0.8020078502415459,13248,tirex,tirex,1024,0.051101539453522804
nasa_power_ghcn_temperate,T2M,30,0.6938000783867884,0.5388016691746947,3.2818834050926693,0.8238979468599034,13248,tirex,tirex,1024,0.04637122614417044
