track,var,lead,MASE,sCRPS,RMSE,coverage80,n_windows,model,n_models_compared,skill_MAE_vs_clim,CRPSS_vs_clim
bmd,Rainfall,1,0.7745492344846074,0.6739334099716554,16.640758005766372,0.9194421315570358,14412,AutoARIMA,18,-0.31900575430677036,-0.32745250379362556
bmd,Rainfall,3,0.8124399148053155,0.6920718484648369,17.081135203123267,0.9304052178739939,14412,AutoARIMA,18,-0.3657197335809017,-0.3368849699309704
bmd,Rainfall,7,0.8197289211981551,0.6985227519251869,16.884073207110795,0.9313766305856231,14412,AutoARIMA,18,-0.30846895504477634,-0.30652126824963033
bmd,Rainfall,14,0.8206208773463798,0.6990989058099836,16.912583051001267,0.93255620316403,14412,AutoARIMA,18,-0.30767579665150846,-0.30553629805999205
bmd,Rainfall,30,0.8442858554343218,0.7161332202500039,17.672044585079455,0.9306133777407716,14412,AutoARIMA,18,-0.3481512925552326,-0.3029672540133168
bmd,Rainfall,1,0.7958784340953221,0.6915080704253393,17.304602311412197,0.9278379128504024,14412,AutoETS,18,-0.35532796052521753,-0.3620694654657688
bmd,Rainfall,3,0.8243864074186719,0.7124376480625609,17.968476870949672,0.9236747155148487,14412,AutoETS,18,-0.3858019087815734,-0.37622587282019815
bmd,Rainfall,7,0.8550845028119031,0.7377376141380841,18.474785951249743,0.9242991951151818,14412,AutoETS,18,-0.3649042957199875,-0.37986898866592456
bmd,Rainfall,14,0.8535392042039444,0.7428417105475381,18.330597116041528,0.9292950319178462,14412,AutoETS,18,-0.36013180951471857,-0.38722405195178555
bmd,Rainfall,30,0.8701384315428559,0.7674964154959729,18.74073087652321,0.9344296419650291,14412,AutoETS,18,-0.3894325525363953,-0.39641992395596604
bmd,Rainfall,1,0.7873427396347085,0.7258310585224134,17.398160595692666,0.9172217596447405,14412,AutoTheta,18,-0.3407922414136424,-0.4296757538809046
bmd,Rainfall,3,0.8302400592978084,0.6941761744836775,18.20763950634802,0.9193727449347766,14412,AutoTheta,18,-0.3956419569367229,-0.3409499262395719
bmd,Rainfall,7,0.8669665358663913,0.7534751558733238,18.813685415667766,0.9077157923952262,14412,AutoTheta,18,-0.3838706527345588,-0.4093045838994196
bmd,Rainfall,14,0.8688443895299113,0.7389399660938176,18.654405508476724,0.914029975020816,14412,AutoTheta,18,-0.38452092873716914,-0.3799377166882729
bmd,Rainfall,30,0.8827967767298895,0.75644720093785,19.00419967246287,0.9267277268942548,14412,AutoTheta,18,-0.4096453327407148,-0.37631645110384015
bmd,Rainfall,1,0.7141559388311746,0.6630345278268588,16.371373084683974,0.5295587010824313,14412,DLinear,18,-0.2161599945515058,-0.3059848807650085
bmd,Rainfall,3,0.7432280683922325,0.6879939952971441,16.989202914749367,0.5142242575631418,14412,DLinear,18,-0.24937391806718612,-0.32900772333935313
bmd,Rainfall,7,0.7576866552659011,0.7041521177539194,16.817343033499217,0.5123508187621426,14412,DLinear,18,-0.20943575422232708,-0.3170504688543725
bmd,Rainfall,14,0.7506975594373709,0.6946778049491857,16.8285149475528,0.5284485151262837,14412,DLinear,18,-0.19625158971826862,-0.2972800876680328
bmd,Rainfall,30,0.7807983845458248,0.72076281003766,17.66334031560394,0.5278934221482098,14412,DLinear,18,-0.24677482700333742,-0.31139055253132786
bmd,Rainfall,1,0.5794904930920934,0.49881837920051736,17.362469345089412,0.8485983902303635,14412,NHITS,18,0.01316628959920707,0.017473096584046388
bmd,Rainfall,3,0.609483863894849,0.5298633453023649,18.00385549831247,0.8245906189286706,14412,NHITS,18,-0.024548554362688435,-0.023544512066750345
bmd,Rainfall,7,0.6396469854119533,0.5465235443677451,17.940010602973434,0.8365251179572578,14412,NHITS,18,-0.021018291481263773,-0.022221011910725785
bmd,Rainfall,14,0.6428892954249972,0.5483671759539104,17.954026240703126,0.8145989453233416,14412,NHITS,18,-0.024456962723309994,-0.02405145670055897
bmd,Rainfall,30,0.6508048205000663,0.5659648702718982,18.46932328393559,0.8209825145711906,14412,NHITS,18,-0.03920177545434833,-0.02974372928648439
bmd,Rainfall,1,0.6242541471499179,0.5308165039753334,16.791210281880826,0.8789897307799056,14412,PatchTST,18,-0.06306323159495708,-0.045553888308744295
bmd,Rainfall,3,0.6522857251062301,0.5513952918090864,17.34922866943992,0.8746877601998335,14412,PatchTST,18,-0.09649891699889834,-0.06513807741989486
bmd,Rainfall,7,0.6773230315754328,0.5788762829103243,17.747799432915585,0.8723286150430197,14412,PatchTST,18,-0.08115760763676882,-0.08273377384367797
bmd,Rainfall,14,0.706909405028781,0.587308935601586,18.051360135066833,0.8737857341104635,14412,PatchTST,18,-0.1264742890415973,-0.09677347115066715
bmd,Rainfall,30,0.6738323700332873,0.5881665345643811,18.079837890707132,0.859977796280877,14412,PatchTST,18,-0.07597204759354148,-0.0701385060398978
bmd,Rainfall,1,0.5791204743066144,0.4958547292775089,17.368076309519967,0.7311962253677491,14412,chronos2,18,0.013796406944262873,0.023310623634131167
bmd,Rainfall,3,0.6021855965458576,0.5197078529608056,18.12807938806389,0.7690813211212878,14412,chronos2,18,-0.012280092956708177,-0.003927003994725897
bmd,Rainfall,7,0.6339138556249022,0.5437174207365715,18.223426361847665,0.7364002220371912,14412,chronos2,18,-0.011866946265050027,-0.01697242094448792
bmd,Rainfall,14,0.6332089695556745,0.5426611101480542,18.278411236031694,0.8141826255897863,14412,chronos2,18,-0.009031169653132665,-0.01339563108453512
bmd,Rainfall,30,0.6321307883951788,0.5561314614360681,18.751718082050942,0.8063419372744934,14412,chronos2,18,-0.009383177455367209,-0.011852351891732393
bmd,Rainfall,1,0.5783499645387827,0.5016951014996698,17.671924414096402,0.8652511795725784,14412,chronos_bolt,18,0.015108533755924913,0.011806791631322033
bmd,Rainfall,3,0.6015264158936219,0.5217389320635756,18.25585692384475,0.8279211767971135,14412,chronos_bolt,18,-0.011172003597301527,-0.007850468200439886
bmd,Rainfall,7,0.6339519943693206,0.5490344401596228,18.570809042259047,0.8176519567027477,14412,chronos_bolt,18,-0.011927824150123278,-0.0269174069034519
bmd,Rainfall,14,0.6345135933902404,0.5471981384055912,18.608388356659358,0.8209131279489315,14412,chronos_bolt,18,-0.011110113851716896,-0.02186833076452621
bmd,Rainfall,30,0.6324656994675482,0.555189016116943,19.02437396262223,0.7873300027754649,14412,chronos_bolt,18,-0.009917961725646629,-0.010137621510855288
bmd,Rainfall,1,0.5872220283767353,0.5076892830784321,16.969260135835228,0.9270052733832918,14412,climatology,18,0.0,0.0
bmd,Rainfall,3,0.5948804098152022,0.5176749413979662,17.020377147760076,0.923744102137108,14412,climatology,18,0.0,0.0
bmd,Rainfall,7,0.626479457565811,0.5346432307688417,16.82915860255728,0.921038023868998,14412,climatology,18,0.0,0.0
bmd,Rainfall,14,0.6275415354843282,0.5354879116335826,16.847903109192316,0.9209686372467388,14412,climatology,18,0.0,0.0
bmd,Rainfall,30,0.6262545309985913,0.5496172049176339,17.69198904309002,0.9204829308909243,14412,climatology,18,0.0,0.0
bmd,Rainfall,1,0.7988306225711618,0.6455130716319339,16.789468939172444,0.7597141271162919,14412,lightgbm,18,-0.3603553408569813,-0.2714727159844532
bmd,Rainfall,3,0.8117417686785556,0.6540343063256541,17.022458969426314,0.7686650013877324,14412,lightgbm,18,-0.3645461428637746,-0.2634073122400966
bmd,Rainfall,7,0.8182475537439214,0.6674738064714253,16.809673513896893,0.7557590896475159,14412,lightgbm,18,-0.306104364416395,-0.24844712896031074
bmd,Rainfall,14,0.8193145771001962,0.6681928355621797,16.827400179050027,0.7442409103524841,14412,lightgbm,18,-0.30559418105744984,-0.24782057829048232
bmd,Rainfall,30,0.8473124590740808,0.6886360756539911,17.697900686201727,0.7525673050235915,14412,lightgbm,18,-0.3529841576124051,-0.2529376254827953
bmd,Rainfall,1,0.5780258951142654,0.4966588193364462,17.372675323208068,0.7765750763252844,14412,moirai2,18,0.01566040239990807,0.021726800445937
bmd,Rainfall,3,0.600795703416064,0.5207068257150744,18.31041554103723,0.790105467665834,14412,moirai2,18,-0.009943668514314385,-0.0058567337814743325
bmd,Rainfall,7,0.6311083692100877,0.5451612642894703,18.39802649410883,0.6773522064945878,14412,moirai2,18,-0.007388768439850146,-0.019672994840883362
bmd,Rainfall,14,0.6333124450592761,0.544701819609582,18.490277316098492,0.7082292533999445,14412,moirai2,18,-0.009196059939672319,-0.017206565780151895
bmd,Rainfall,30,0.6305302119685254,0.5535834679120855,18.975802158912945,0.7279350541215653,14412,moirai2,18,-0.0068273852855265105,-0.007216409819350567
bmd,Rainfall,1,0.818000298632718,0.7745852141509839,20.701372803995994,0.8077296697196781,14412,naive,18,-0.39300002231511244,-0.5257072385971944
bmd,Rainfall,3,0.9192193317099377,0.859380861837528,22.626395835607035,0.8098806550097142,14412,naive,18,-0.5452170159637473,-0.6600781554478856
bmd,Rainfall,7,1.0027380456184627,0.9330096954765615,24.25306462061104,0.7998889814043852,14412,naive,18,-0.6005920601365067,-0.745107095314478
bmd,Rainfall,14,0.9948745517603008,0.9252260007351373,23.937930016558607,0.8017624202053844,14412,naive,18,-0.5853525153398329,-0.7278186503082822
bmd,Rainfall,30,1.0043118959369566,0.9335063646847814,24.3570771621375,0.804052178739939,14412,naive,18,-0.6036800473691355,-0.6984664168667674
bmd,Rainfall,1,0.9593209469958166,0.8987380235127208,24.36841862890019,0.8106439078545656,14412,seasonal_naive,18,-0.6336596732375293,-0.7702521078702311
bmd,Rainfall,3,0.9816654248837255,0.9187209817814481,24.480672351466225,0.8059950041631974,14412,seasonal_naive,18,-0.6501895316886919,-0.7747063037288779
bmd,Rainfall,7,0.9640561890846647,0.9007052420804225,23.875898134610523,0.8005134610047183,14412,seasonal_naive,18,-0.5388472478100235,-0.6846846462175658
bmd,Rainfall,14,0.9636024690918483,0.9002270036042925,23.87340744560244,0.8005828476269775,14412,seasonal_naive,18,-0.5355198255493203,-0.6811341284213515
bmd,Rainfall,30,0.9790076144433184,0.9188130970644973,24.72726435925957,0.8105051346100471,14412,seasonal_naive,18,-0.5632743013966641,-0.6717327784565832
bmd,Rainfall,1,0.6412098875103067,0.5716266533420636,16.373812397850866,0.24091035248404108,14412,sundial,18,-0.09193772802224509,-0.12593799474343825
bmd,Rainfall,3,0.67780183753391,0.607463355243484,16.99473454872974,0.18498473494310297,14412,sundial,18,-0.13939176068088566,-0.17344554790125022
bmd,Rainfall,7,0.7053404315724383,0.6322956120734918,16.937868934131817,0.191368304190952,14412,sundial,18,-0.12587958480401262,-0.1826496169496461
bmd,Rainfall,14,0.7048326158835264,0.6284735633620255,16.930696045524787,0.2611018595614765,14412,sundial,18,-0.12316488396189729,-0.1736465935239826
bmd,Rainfall,30,0.7157599921938738,0.6393699263656918,17.646382565619827,0.42131557035803496,14412,sundial,18,-0.1429218580703311,-0.16330042190274652
bmd,Rainfall,1,0.5884468115625603,0.5120450261151152,16.539933796319254,0.8518595614765473,14412,timesfm25,18,-0.0020857241837650697,-0.008579544973396969
bmd,Rainfall,3,0.6055896300664244,0.5267835780199693,17.115257735917464,0.8373577574243686,14412,timesfm25,18,-0.018002307816034957,-0.01759528208455574
bmd,Rainfall,7,0.6328704889121306,0.5487551783640024,17.064244618212214,0.8708714959755759,14412,timesfm25,18,-0.010201501851556216,-0.026395073916613665
bmd,Rainfall,14,0.6344906565122026,0.5492483384583527,17.078384421060736,0.7948237579794616,14412,timesfm25,18,-0.01107356347737376,-0.02569698871967452
bmd,Rainfall,30,0.6323433960031006,0.5568597865538691,17.715501185475453,0.86150430197058,14412,timesfm25,18,-0.009722668185410788,-0.01317750167104137
bmd,Rainfall,1,0.5785167134797479,0.49365265481420517,17.262567588362657,0.7760199833472107,14412,tirex,18,0.014824571416456656,0.027648068872193288
bmd,Rainfall,3,0.5999286378362078,0.5182170254585007,18.292743529363687,0.8217457674160422,14412,tirex,18,-0.008486122483969183,-0.0010471514403818105
bmd,Rainfall,7,0.631921402536242,0.5423145674172994,18.375912571850044,0.7994032750485707,14412,tirex,18,-0.008686549741911076,-0.0143485154341636
bmd,Rainfall,14,0.6337053110684749,0.5419045432013728,18.412820414377823,0.7983624757146822,14412,tirex,18,-0.009822099790398164,-0.011982775760923214
bmd,Rainfall,30,0.6304477520615238,0.5518030423714109,18.908891160826055,0.810435747987788,14412,tirex,18,-0.006695713731996955,-0.003977017884846834
bmd,Rainfall,1,0.582133348890315,0.49561889056389224,17.21324572840627,0.8694143769081321,14412,toto2,18,0.008665682213058412,0.023775157201171626
bmd,Rainfall,3,0.6038030744185983,0.5216760647117341,18.159840541112032,0.8886344712739384,14412,toto2,18,-0.014999089659328169,-0.007729026448456189
bmd,Rainfall,7,0.6308640242221772,0.5432325291844051,18.288876744551743,0.8649042464612823,14412,toto2,18,-0.006998739708724777,-0.016065476791339295
bmd,Rainfall,14,0.6321132025410298,0.5433190969175311,18.30821144068315,0.8421454343602554,14412,toto2,18,-0.0072850429783475334,-0.014624392285641719
bmd,Rainfall,30,0.6312533499186699,0.5555126848102809,18.774835268953755,0.8673327782403553,14412,toto2,18,-0.007982088228739359,-0.010726519912218846
bmd,Rainfall,1,0.7625010734647686,0.7625010734647686,16.70507804927672,0.012628365251179573,14412,ttm_r2,18,-0.2984885386070397,-0.5019050015026041
bmd,Rainfall,3,0.802355976449787,0.802355976449787,17.10057412270385,0.012420205384401887,14412,ttm_r2,18,-0.34876853097084926,-0.549922378477598
bmd,Rainfall,7,0.831607593437618,0.831607593437618,17.330892263902765,0.0028448515126283653,14412,ttm_r2,18,-0.32742994745403675,-0.5554439775506517
bmd,Rainfall,14,0.8378360263604442,0.8378360263604442,17.179065261631933,0.00041631973355537054,14412,ttm_r2,18,-0.3351084812478802,-0.5646217368465059
bmd,Rainfall,30,0.8592055724713528,0.8592055724713528,17.809532916542647,0.00013877324451845685,14412,ttm_r2,18,-0.3719750196478586,-0.5632799788356591
bmd,Temperature,1,0.4975786377735955,0.39210907184851035,1.0778305392639727,0.8326275908179185,13461,AutoARIMA,18,0.35476888822497155,0.34720616342919786
bmd,Temperature,3,0.7216995071894474,0.5593610205430223,1.5057680984557167,0.7951118044721789,13461,AutoARIMA,18,0.11247002264469197,0.11583301961405656
bmd,Temperature,7,0.7206127262190153,0.5573635071619306,1.4931194054617025,0.8206671123987817,13461,AutoARIMA,18,0.0461003432267344,0.05756743061656422
bmd,Temperature,14,0.731164369481261,0.5662250604785688,1.5157621200821272,0.8151697496471287,13461,AutoARIMA,18,0.0343541135388451,0.044246939677711206
bmd,Temperature,30,0.7825079214841151,0.6060344665859411,1.633085682373894,0.794146051556348,13461,AutoARIMA,18,0.019063543903904967,0.023037563352854118
bmd,Temperature,1,0.521542946081723,0.4161919298836352,1.149319506885524,0.8356734269370775,13461,AutoETS,18,0.32369336343604704,0.3071123670316156
bmd,Temperature,3,0.8021162523081017,0.628970039006635,1.6946814309895466,0.82935888864126,13461,AutoETS,18,0.013575300862082473,0.005803908892588083
bmd,Temperature,7,0.9117071503207383,0.7300887934868012,1.892995884198577,0.9236312309635243,13461,AutoETS,18,-0.206857867098456,-0.23448960809685215
bmd,Temperature,14,0.9331883185106852,0.8237548178276849,1.9552729037309742,0.9812792511700468,13461,AutoETS,18,-0.23245811568029406,-0.39044744404038667
bmd,Temperature,30,1.0060726695405,1.0328891093346464,2.123362923185724,0.9986628036550034,13461,AutoETS,18,-0.2611928032146187,-0.6650766856983339
bmd,Temperature,1,0.5215992061954854,0.4198753395906397,1.1492983763378197,0.8526855359928683,13461,AutoTheta,18,0.32362040858429963,0.3009801264717068
bmd,Temperature,3,0.8021423124348656,0.6374575012766852,1.694685320282621,0.862565931208677,13461,AutoTheta,18,0.013543252698703934,-0.007611995346082034
bmd,Temperature,7,0.9118408253447235,0.7368588719765999,1.8931300419571016,0.9292771710868435,13461,AutoTheta,18,-0.20703481728939654,-0.24593697123434377
bmd,Temperature,14,0.9333917857992207,0.839225054302421,1.9557247814432013,0.9774162395067231,13461,AutoTheta,18,-0.23272683412228146,-0.41656025127315344
bmd,Temperature,30,1.0070322258744588,1.0619689028133419,2.125320475997496,0.9986628036550034,13461,AutoTheta,18,-0.2623956840594195,-0.7119549862910171
bmd,Temperature,1,0.5337206556055519,0.46218015152608893,1.138566768371046,0.355322784339945,13461,DLinear,18,0.3079020161826935,0.23054992612322422
bmd,Temperature,3,0.7326341757925104,0.6500591358990223,1.5127151217147856,0.26847931060099545,13461,DLinear,18,0.0990228107774449,-0.027531061606977714
bmd,Temperature,7,0.7119143904818924,0.630141497387984,1.4755438786060135,0.27531386969764504,13461,DLinear,18,0.05761462707469733,-0.06549112532038759
bmd,Temperature,14,0.7333437683043256,0.6484283429317415,1.51309010627243,0.2805883663917985,13461,DLinear,18,0.03147579014633106,-0.09450714285398365
bmd,Temperature,30,0.7692559348589255,0.6816895913536297,1.602480915205263,0.2735309412376495,13461,DLinear,18,0.03567597227612074,-0.09892285162859893
bmd,Temperature,1,0.5124090665173673,0.4032341269157405,1.1011174708758478,0.7696307852314093,13461,NHITS,18,0.33553764857758495,0.3286848694811598
bmd,Temperature,3,0.766605483251042,0.6044561640336077,1.600399912842292,0.6463115667483842,13461,NHITS,18,0.05724565361016665,0.04455233435744943
bmd,Temperature,7,0.7658070004225777,0.6029191501442027,1.588135863787194,0.6402198945100661,13461,NHITS,18,-0.013724859801656608,-0.019461512100390266
bmd,Temperature,14,0.7795310303774963,0.6176077117118901,1.6291892392454859,0.646237278062551,13461,NHITS,18,-0.02952354391517864,-0.04248381385377864
bmd,Temperature,30,0.8138001206232804,0.6436630130245132,1.7150374499790653,0.6428942872000595,13461,NHITS,18,-0.0201637381264268,-0.037621818980979826
bmd,Temperature,1,0.5022590634203611,0.39525567775808695,1.092357973556955,0.7948889384146794,13461,PatchTST,18,0.34869958376858323,0.34196760841641693
bmd,Temperature,3,0.714561459851384,0.5590323103517745,1.5061747077079926,0.7699279399747418,13461,PatchTST,18,0.12124823425382025,0.11635260300750705
bmd,Temperature,7,0.7133191738947557,0.5531708853444466,1.4820811360222907,0.8127925117004681,13461,PatchTST,18,0.055755067332528885,0.0646566341634992
bmd,Temperature,14,0.7277401126305932,0.5685523126943397,1.520759978297779,0.7996434143080009,13461,PatchTST,18,0.03887651599724118,0.04031868114128234
bmd,Temperature,30,0.7806151613611345,0.6091826204104483,1.6327344618091144,0.7646534432805884,13461,PatchTST,18,0.021436270564301196,0.01796255821551096
bmd,Temperature,1,0.5008766511954711,0.39225723578965255,1.0926210007357258,0.8039521580863235,13461,chronos2,18,0.3504922157448841,0.34695949607431187
bmd,Temperature,3,0.7074619335342195,0.54940682515159,1.4936160052458076,0.7641334224797564,13461,chronos2,18,0.12997907356954164,0.13156734960521377
bmd,Temperature,7,0.7206240531818108,0.5578791863142436,1.5100532542090077,0.8055865091746527,13461,chronos2,18,0.04608534933954678,0.056695481121760594
bmd,Temperature,14,0.7361682780500303,0.570955216739309,1.545017543087679,0.803209271227992,13461,chronos2,18,0.027745471313721293,0.0362627269722825
bmd,Temperature,30,0.7732958831481609,0.5994081952996632,1.636362731843629,0.7865686056013669,13461,chronos2,18,0.030611572991653624,0.03371949399979535
bmd,Temperature,1,0.5021087740657648,0.3933040973746316,1.0887356390464706,0.806255107347151,13461,chronos_bolt,18,0.34889447028499,0.34521665246399846
bmd,Temperature,3,0.7229006710698884,0.5592430778964705,1.5105751807475332,0.7852314092563702,13461,chronos_bolt,18,0.11099285806166559,0.11601944839588185
bmd,Temperature,7,0.7480618792681785,0.5780089745584449,1.5562721944084288,0.82534729960627,13461,chronos_bolt,18,0.00976496262681481,0.02265850558899485
bmd,Temperature,14,0.7748025183303844,0.6009404078693296,1.6158240399142278,0.8223014634871109,13461,chronos_bolt,18,-0.02327861678529808,-0.014350430563775607
bmd,Temperature,30,0.848696309377463,0.657158604799414,1.7740586683648683,0.8090037887229775,13461,chronos_bolt,18,-0.06390891026841028,-0.05937748957621425
bmd,Temperature,1,0.7711634307353198,0.6006629503555095,1.606327308851059,0.7996434143080009,13461,climatology,18,0.0,0.0
bmd,Temperature,3,0.8131550771276392,0.6326418345761547,1.6884443417573824,0.776539633013892,13461,climatology,18,0.0,0.0
bmd,Temperature,7,0.7554387100385541,0.5914094283971664,1.56996739502943,0.8052893544313201,13461,climatology,18,0.0,0.0
bmd,Temperature,14,0.7571764968220299,0.5924386580437759,1.5721284495631125,0.8043978902013224,13461,climatology,18,0.0,0.0
bmd,Temperature,30,0.7977152002264443,0.6203252488046532,1.6634118791716934,0.7900601738355248,13461,climatology,18,0.0,0.0
bmd,Temperature,1,0.5675121195872281,0.4437997652321175,1.1837357387673377,0.7719337344922368,13461,lightgbm,18,0.2640832060123832,0.2611500926277386
bmd,Temperature,3,0.7417208594837299,0.5781892523358952,1.5274955837773196,0.764950598023921,13461,lightgbm,18,0.08784820958905049,0.0860717380107191
bmd,Temperature,7,0.7280524333371295,0.5665372433886147,1.4947527806127001,0.8029121164846594,13461,lightgbm,18,0.03625214903274798,0.04205578033471691
bmd,Temperature,14,0.7405030812407913,0.5727180681602484,1.5192136292079235,0.8190327613104524,13461,lightgbm,18,0.02202051391085058,0.0332871422480171
bmd,Temperature,30,0.7885748237360363,0.6114807105618039,1.621967466598533,0.7761681895847262,13461,lightgbm,18,0.011458195215301559,0.014257904639368602
bmd,Temperature,1,0.48928163036265576,0.38864964830910476,1.088829857293524,0.8581828987445212,13461,moirai2,18,0.36552796610685245,0.35296550573149577
bmd,Temperature,3,0.7098171899216791,0.553938116779026,1.5042070234710527,0.8365648911670752,13461,moirai2,18,0.12708263172996137,0.12440485831901571
bmd,Temperature,7,0.739026339118186,0.575921041392135,1.5565469494343218,0.8500854319887081,13461,moirai2,18,0.02172561546327223,0.02618894163897234
bmd,Temperature,14,0.7612777924392827,0.5939867374171178,1.6031782821975664,0.851051184904539,13461,moirai2,18,-0.00541656487551645,-0.002613062723579862
bmd,Temperature,30,0.8018493325154511,0.6274906521483532,1.7126339473886891,0.834410519277914,13461,moirai2,18,-0.0051824664840700585,-0.01155104254986794
bmd,Temperature,1,0.5169853335054536,0.41349132994017584,1.1493741089974567,0.8055865091746527,13461,naive,18,0.32960341102728674,0.3116083991938473
bmd,Temperature,3,0.8197360952153601,0.6424106084670105,1.7362361617049096,0.8029864051704926,13461,naive,18,-0.008093189445446791,-0.015441239192473644
bmd,Temperature,7,0.9763397273446012,0.7571205769611603,2.025340908221995,0.8153926157046282,13461,naive,18,-0.29241421490669084,-0.28019700161545136
bmd,Temperature,14,1.1167575255058062,0.867687532208888,2.32712323759608,0.8127925117004681,13461,naive,18,-0.47489724019827007,-0.4646031625856082
bmd,Temperature,30,1.572609010932791,1.2245181928534168,3.2840921309748152,0.8035807146571577,13461,naive,18,-0.9713915573958987,-0.9739937963399425
bmd,Temperature,1,0.95179444766336,0.7547855583230523,2.0478772185699574,0.8201470915979496,13461,seasonal_naive,18,-0.2342318239284309,-0.2565875053161235
bmd,Temperature,3,1.0533454811190728,0.8355396075129742,2.2626422778696,0.7817398410222123,13461,seasonal_naive,18,-0.2953808083445457,-0.3207150742295646
bmd,Temperature,7,0.9805148401668234,0.7754485833510987,2.1102958466711454,0.8117524700988039,13461,seasonal_naive,18,-0.2979409542261642,-0.31118738747996266
bmd,Temperature,14,0.9791960112791778,0.7743339924310784,2.105637183384097,0.8124953569571354,13461,seasonal_naive,18,-0.2932202932724315,-0.3070281318034145
bmd,Temperature,30,0.9944394553671614,0.7892922745383143,2.151619343713491,0.8078151697496472,13461,seasonal_naive,18,-0.24660963597644092,-0.2723845693194902
bmd,Temperature,1,0.48931511544947737,0.43049989168823666,1.068184794730696,0.30696084986256594,13461,sundial,18,0.36548454458880963,0.28329208346637635
bmd,Temperature,3,0.7114449960386355,0.6123656475980328,1.493519601000807,0.3471510288982988,13461,sundial,18,0.12508079202835565,0.032050025575223295
bmd,Temperature,7,0.7257724450655813,0.6158888736944181,1.5143377307769823,0.37768367877572245,13461,sundial,18,0.03927024731292739,-0.04139170618837751
bmd,Temperature,14,0.7449128787214865,0.6301809667468958,1.5544857054738397,0.3880840947923631,13461,sundial,18,0.01619651184633364,-0.0637066946774616
bmd,Temperature,30,0.7855325373786604,0.6653847831430556,1.6616021195047859,0.394547210459847,13461,sundial,18,0.015271945230986739,-0.07263856247223632
bmd,Temperature,1,0.48697560125559114,0.38402906108532336,1.07270874706782,0.8186613178812867,13461,timesfm25,18,0.3685182908748018,0.3606579848848157
bmd,Temperature,3,0.7080733794748397,0.5505179689056426,1.4949580340226714,0.7772825198722234,13461,timesfm25,18,0.1292271309723435,0.12981099443973998
bmd,Temperature,7,0.7177518996670833,0.5577924329272397,1.5080996914629896,0.839462149914568,13461,timesfm25,18,0.04988731695989934,0.056842170340495324
bmd,Temperature,14,0.7309432703453669,0.5705903243053332,1.5422922675313326,0.837456355397073,13461,timesfm25,18,0.03464611829179509,0.03687864294775367
bmd,Temperature,30,0.7717635128049162,0.6020059057249256,1.6494518510767096,0.8296560433845925,13461,timesfm25,18,0.032532522150964804,0.02953183529935044
bmd,Temperature,1,0.4877270184411997,0.38377312560811455,1.0793990727093745,0.7958546913305103,13461,tirex,18,0.3675438966599568,0.36108407322114033
bmd,Temperature,3,0.7142506421218617,0.5540190173635879,1.505309582466913,0.7898373077780254,13461,tirex,18,0.12163047097380753,0.1242769809322537
bmd,Temperature,7,0.7276589563156004,0.56491253584161,1.5260340551238356,0.8246787014337716,13461,tirex,18,0.03677300799364114,0.04480295930920142
bmd,Temperature,14,0.7430817463560293,0.5793420540886453,1.5671816063044184,0.8315132605304212,13461,tirex,18,0.018614881107850256,0.02210626159740403
bmd,Temperature,30,0.7901235836973511,0.6161798343333458,1.6810884016692966,0.834410519277914,13461,tirex,18,0.009516700354886165,0.006682646691063332
bmd,Temperature,1,0.5261271665323454,0.422539403423468,1.674481577150235,0.7948146497288463,13461,toto2,18,0.31774881229693097,0.29654492061915416
bmd,Temperature,3,0.7554623469427665,0.5936678333757551,1.9654374450383425,0.7795111804472179,13461,toto2,18,0.07094923441745526,0.061605159618492
bmd,Temperature,7,0.7721911578917032,0.6052415008412827,1.9633544019257427,0.8191813386821187,13461,toto2,18,-0.02217578690439903,-0.02338831912369721
bmd,Temperature,14,0.7886578143877261,0.6205900260004131,2.009722415503733,0.8237129485179407,13461,toto2,18,-0.04157725140416724,-0.04751777686080216
bmd,Temperature,30,0.8450580664472523,0.6619279763125812,2.102495215414668,0.816804100735458,13461,toto2,18,-0.05934808087819943,-0.0670659909266873
bmd,Temperature,1,0.5392273396361686,0.5392273396361686,1.1443266052828118,0.0,13461,ttm_r2,18,0.3007612677872905,0.10227967395521809
bmd,Temperature,3,0.7384465267281489,0.7384465267281489,1.5340390023275663,0.0,13461,ttm_r2,18,0.09187491107279089,-0.16724264247064724
bmd,Temperature,7,0.7967266155819367,0.7967266155819367,1.6360220190649004,0.0,13461,ttm_r2,18,-0.05465420952717048,-0.3471659011950816
bmd,Temperature,14,0.8439594776626657,0.8439594776626657,1.7321953072430574,0.0,13461,ttm_r2,18,-0.1146139390285823,-0.42455166657997623
bmd,Temperature,30,0.9445409116321101,0.9445409116321101,1.966983465462997,0.0,13461,ttm_r2,18,-0.18405780830550422,-0.5226543066757479
bmd,Humidity,1,0.5671431192958326,0.44644412857206206,4.780119118573579,0.8070791677924886,11103,AutoARIMA,18,0.2943246699937696,0.28939250292195995
bmd,Humidity,3,0.7299385558887633,0.570837387603694,6.083634904274612,0.7909573989011979,11103,AutoARIMA,18,0.10416486729959928,0.10486654183803867
bmd,Humidity,7,0.7568670032206518,0.5921394741511379,6.317596390752816,0.7946500945690353,11103,AutoARIMA,18,0.04871005095548153,0.04703994948876644
bmd,Humidity,14,0.7709461924069806,0.6033780174678639,6.448718481108769,0.791317661893182,11103,AutoARIMA,18,0.03233320090762648,0.02989866667413521
bmd,Humidity,30,0.7886367444910355,0.617619503327042,6.6283242445528625,0.7963613437809601,11103,AutoARIMA,18,0.02161515083298815,0.025397160703175437
bmd,Humidity,1,0.5983449932899814,0.4750232211318724,5.124416588121165,0.8116725209402864,11103,AutoETS,18,0.25550132544720805,0.2439030090906834
bmd,Humidity,3,0.8334829857378923,0.6546091806473371,7.017472744699653,0.81068179771233,11103,AutoETS,18,-0.022912593270133064,-0.026496498551397796
bmd,Humidity,7,0.9228466215524985,0.7386763562973074,7.7571700421742955,0.8904800504368189,11103,AutoETS,18,-0.1599061814782894,-0.18878927775868037
bmd,Humidity,14,0.9600236243822736,0.8162498881531145,8.072353684382515,0.9557777177339458,11103,AutoETS,18,-0.20499069430340477,-0.31235325434539596
bmd,Humidity,30,0.9873993636731526,0.9674131193011954,8.249446270823611,0.9909033594524003,11103,AutoETS,18,-0.2249702847898969,-0.5265767479248273
bmd,Humidity,1,0.5983298397233141,0.4787828488445361,5.124400845364841,0.8261731063676484,11103,AutoTheta,18,0.2555201804730294,0.23791878963776714
bmd,Humidity,3,0.8334855170816581,0.6588231449458284,7.017700851468417,0.8488696748626497,11103,AutoTheta,18,-0.02291569992433029,-0.03310444070268925
bmd,Humidity,7,0.9231475359464423,0.7447641564922958,7.759146322423418,0.8987660992524543,11103,AutoTheta,18,-0.16028439434430597,-0.19858668298932325
bmd,Humidity,14,0.9607146019925626,0.8269576690790833,8.07695150282624,0.9475817346663064,11103,AutoTheta,18,-0.2058579871170645,-0.329569049837642
bmd,Humidity,30,0.9888584060046256,0.9915554927198351,8.261764170427613,0.9910834909483923,11103,AutoTheta,18,-0.22678037659880412,-0.5646733843723832
bmd,Humidity,1,0.5937908810265526,0.5160560963758505,4.958666658677914,0.35017562820859227,11103,DLinear,18,0.2611678398860514,0.17859076303583987
bmd,Humidity,3,0.7333962578937169,0.6474200695218751,6.082125556534888,0.2980275601188868,11103,DLinear,18,0.0999213170590253,-0.015223211197428865
bmd,Humidity,7,0.7486655601118029,0.6629133645030134,6.217422663806881,0.2944249301990453,11103,DLinear,18,0.05901826939268284,-0.06686005729812305
bmd,Humidity,14,0.7602477931924791,0.669909524483609,6.320954071738665,0.30253084751868864,11103,DLinear,18,0.04576148659769186,-0.07706960494936799
bmd,Humidity,30,0.769107592377073,0.677463549413213,6.461917754781883,0.3067639376745024,11103,DLinear,18,0.04584306904609392,-0.06903667261395086
bmd,Humidity,1,0.5799875493824984,0.4551563153017762,4.891582686537135,0.7956408177969918,11103,NHITS,18,0.27834281791487325,0.2755252689057345
bmd,Humidity,3,0.7415681235477766,0.5802517095233545,6.220943574423578,0.754841033954787,11103,NHITS,18,0.08989219297240836,0.09010388837630323
bmd,Humidity,7,0.7788436475884776,0.6082304273107871,6.477143808834147,0.737638476087544,11103,NHITS,18,0.021088076669540046,0.021143963483483907
bmd,Humidity,14,0.7981735193979569,0.6214302349455104,6.630868796011744,0.7421417634873457,11103,NHITS,18,-0.0018416618995185097,0.0008746059069792977
bmd,Humidity,30,0.7913276740781533,0.6164789461554473,6.645349426035316,0.7740250382779429,11103,NHITS,18,0.01827677640825809,0.027196958559021156
bmd,Humidity,1,0.5734555975760115,0.4504356034858511,4.872260613312249,0.7986129874808611,11103,PatchTST,18,0.2864702853737936,0.28303925104426264
bmd,Humidity,3,0.7306989956987973,0.574532425915481,6.086780575924925,0.7831216788255426,11103,PatchTST,18,0.1032315987489294,0.0990723305724528
bmd,Humidity,7,0.7480761243701197,0.5875365802529635,6.236747742526388,0.7981626587408809,11103,PatchTST,18,0.05975911856999505,0.05444761979818169
bmd,Humidity,14,0.7616149050684294,0.5947553423901797,6.342222524689064,0.7990633162208413,11103,PatchTST,18,0.044045531857878184,0.043762062998716544
bmd,Humidity,30,0.7675834334225807,0.6036740865408514,6.477831716863081,0.7984328559848689,11103,PatchTST,18,0.04773394471123926,0.047403011751894764
bmd,Humidity,1,0.5707117659410715,0.44657734149033573,4.827508400195589,0.8065387733045123,11103,chronos2,18,0.28988433418897075,0.28918046721049107
bmd,Humidity,3,0.7232796462933517,0.5606371974131363,6.047415808103631,0.7881653607133208,11103,chronos2,18,0.11233717867145487,0.12086151994820138
bmd,Humidity,7,0.749639785508528,0.5814620425520519,6.263509404422927,0.7922183193731424,11103,chronos2,18,0.05779378632754084,0.06422368102529652
bmd,Humidity,14,0.7623417814655687,0.591484015629168,6.383504077654407,0.7914077276411781,11103,chronos2,18,0.043133180044634845,0.04902164879854409
bmd,Humidity,30,0.7694793884278349,0.5999716701916167,6.492843622176575,0.7969918040169324,11103,chronos2,18,0.04538181787362883,0.05324542033320612
bmd,Humidity,1,0.5743472126566833,0.44960043583296244,4.8631157377570755,0.7895163469332612,11103,chronos_bolt,18,0.2853608815127844,0.28436859184522234
bmd,Humidity,3,0.7257981616739361,0.5638921128031834,6.068503120347373,0.7896064126812573,11103,chronos_bolt,18,0.1092462684270622,0.11575746801959819
bmd,Humidity,7,0.761351535216678,0.5908248220237124,6.335215616081979,0.7957308835449879,11103,chronos_bolt,18,0.04307353860148144,0.04915568575099083
bmd,Humidity,14,0.7759009131116785,0.600943806596725,6.449137878643385,0.7951904890570116,11103,chronos_bolt,18,0.026114195259848816,0.0338123512024483
bmd,Humidity,30,0.7867639740405061,0.6127330140648279,6.598912313931731,0.7978023957488967,11103,chronos_bolt,18,0.023938514850154413,0.03310803492831382
bmd,Humidity,1,0.8036884600894654,0.628256991950977,6.726572702106672,0.7921282536251464,11103,climatology,18,0.0,0.0
bmd,Humidity,3,0.8148134955239369,0.6377120443870273,6.834204269254621,0.788885886697289,11103,climatology,18,0.0,0.0
bmd,Humidity,7,0.7956217806998316,0.6213686227806438,6.660555952390544,0.8000540394487976,11103,climatology,18,0.0,0.0
bmd,Humidity,14,0.7967062558414656,0.6219742172699235,6.670664009882979,0.7996037107088174,11103,climatology,18,0.0,0.0
bmd,Humidity,30,0.8060598497232186,0.6337140406574786,6.856344109471183,0.7921282536251464,11103,climatology,18,0.0,0.0
bmd,Humidity,1,0.5953258205249063,0.4675666047146749,4.973779108906027,0.7860938485094119,11103,lightgbm,18,0.2592579711065709,0.2557717451536786
bmd,Humidity,3,0.7389121699983259,0.5801307708658605,6.135075048727727,0.7860938485094119,11103,lightgbm,18,0.09315177760624271,0.09029353299499665
bmd,Humidity,7,0.7536072066957532,0.5894327713558393,6.267193660828736,0.7949202918130235,11103,lightgbm,18,0.0528072194895447,0.05139598340497231
bmd,Humidity,14,0.7622992624335464,0.596569548218284,6.34513901650037,0.7969017382689363,11103,lightgbm,18,0.04318654856246762,0.04084521246419193
bmd,Humidity,30,0.7732799030938421,0.6084973780209088,6.520214189388422,0.7810501666216338,11103,lightgbm,18,0.04066688923984041,0.039791863551591145
bmd,Humidity,1,0.5706307250300175,0.4471911268878229,4.845864961833568,0.8024858146446906,11103,moirai2,18,0.2899851704147951,0.2882035017244705
bmd,Humidity,3,0.73297586052085,0.5694873477730515,6.120891189604376,0.7948302260650275,11103,moirai2,18,0.10043726012474075,0.10698354722083658
bmd,Humidity,7,0.7695280069193761,0.5964882357535531,6.389370845507348,0.8103215347203458,11103,moirai2,18,0.03279670619060149,0.0400412671559599
bmd,Humidity,14,0.7871663885369299,0.6104575347174437,6.541099690160597,0.8164460055840764,11103,moirai2,18,0.01197413379722978,0.018516334331398543
bmd,Humidity,30,0.7996032021088255,0.6248478846177518,6.721460917027145,0.8255426461316762,11103,moirai2,18,0.008010134255676205,0.01399078365145301
bmd,Humidity,1,0.6066719673253709,0.4823121046434099,5.217920609563356,0.820498964243898,11103,naive,18,0.24514037783018927,0.23230125438692317
bmd,Humidity,3,0.8747564491979556,0.6873409289072364,7.34601140994578,0.8090606142484014,11103,naive,18,-0.07356647134995531,-0.07782334512422873
bmd,Humidity,7,0.9844818430470433,0.7741723685812757,8.255069757972828,0.8054579843285599,11103,naive,18,-0.2373741731669159,-0.24591480837386093
bmd,Humidity,14,1.031972829152866,0.8118369023529907,8.684265312548533,0.805818247320544,11103,naive,18,-0.2952990159000528,-0.30525812776684735
bmd,Humidity,30,1.1054757152654913,0.8662946625562677,9.216036718293761,0.8142844276321715,11103,naive,18,-0.3714561215833847,-0.36701194383745483
bmd,Humidity,1,1.021816822739012,0.8138597255336898,8.694440698875573,0.8026659461406827,11103,seasonal_naive,18,-0.27140910126451856,-0.29542485950907715
bmd,Humidity,3,1.0423295394830778,0.8308494939195683,8.887173173280516,0.7900567414212375,11103,seasonal_naive,18,-0.27922468786902566,-0.30285996827641215
bmd,Humidity,7,1.0005454302460046,0.7961073389445429,8.478742660241766,0.8068990362964964,11103,seasonal_naive,18,-0.2575641523613412,-0.28121586729297343
bmd,Humidity,14,1.0036016952152953,0.7986236682426917,8.519808967998642,0.805818247320544,11103,seasonal_naive,18,-0.25968848349924256,-0.2840141055173451
bmd,Humidity,30,1.0304026507618476,0.8174803130086424,8.795941076861787,0.8063586418085202,11103,seasonal_naive,18,-0.2783202774777367,-0.28998295849734723
bmd,Humidity,1,0.5676238006327424,0.4842607435227608,4.802155745533358,0.3924164640187337,11103,sundial,18,0.2937265758804657,0.22919959550478386
bmd,Humidity,3,0.7285842809157804,0.6116587596670648,6.066446580264462,0.4232189498333784,11103,sundial,18,0.10582693473027205,0.04085430869508677
bmd,Humidity,7,0.7519083487140432,0.6271994765038273,6.262845306058408,0.43708907502476807,11103,sundial,18,0.05494247775285621,-0.009383888257972206
bmd,Humidity,14,0.7633197446994904,0.6364613689485159,6.364807237749353,0.44348374313248673,11103,sundial,18,0.04190567213095753,-0.023292206133852078
bmd,Humidity,30,0.773332671278374,0.6462535039573906,6.50243396446397,0.4456453210843916,11103,sundial,18,0.04060142488933338,-0.01978725812497739
bmd,Humidity,1,0.5654299977651854,0.4434341938299684,4.793351370011356,0.784022336305503,11103,timesfm25,18,0.2964562441244427,0.2941834320809761
bmd,Humidity,3,0.7237193763896599,0.5625058632217531,6.034423615640084,0.7726740520580023,11103,timesfm25,18,0.11179750904309971,0.11793125412514804
bmd,Humidity,7,0.7512383099670116,0.5826762219755458,6.259076742532182,0.7994235792128254,11103,timesfm25,18,0.05578463512371434,0.062269640574942886
bmd,Humidity,14,0.7639972652049175,0.5923382806256162,6.369076634370099,0.8048275240925876,11103,timesfm25,18,0.04105527024135325,0.047648175473238186
bmd,Humidity,30,0.773147427373992,0.6031357068655835,6.506262913479592,0.7971719355129244,11103,timesfm25,18,0.04083123897130958,0.04825257423706453
bmd,Humidity,1,0.5672633405620474,0.4450509302196829,4.81806751225678,0.7834819418175268,11103,tirex,18,0.2941750830926445,0.2916100641592059
bmd,Humidity,3,0.7263868839096869,0.5648145087803523,6.081304494363443,0.7842925335494911,11103,tirex,18,0.10852374451332625,0.1143110534735855
bmd,Humidity,7,0.7550305892321467,0.585865761531951,6.30150691695175,0.7928487796091147,11103,tirex,18,0.051018200421789284,0.057136553001045254
bmd,Humidity,14,0.7681169688089192,0.595498781612843,6.410727025923321,0.8005043681887778,11103,tirex,18,0.03588435113058186,0.04256677354455474
bmd,Humidity,30,0.7813320875562418,0.6089400433245676,6.583112035096543,0.8111321264523101,11103,tirex,18,0.03067732771390075,0.03909333823061256
bmd,Humidity,1,0.6423771153939793,0.5186289536273384,7.9640248641569515,0.7946500945690353,11103,toto2,18,0.20071377493404485,0.17449553244636684
bmd,Humidity,3,0.8027375575664686,0.6379103906906884,8.70818492809979,0.7908673331532018,11103,toto2,18,0.01482049330773949,-0.00031102800301008315
bmd,Humidity,7,0.8299761734609782,0.6586576764194161,8.845101358766483,0.8003242366927857,11103,toto2,18,-0.04317930151551197,-0.060011162893778947
bmd,Humidity,14,0.8437689413087647,0.6652998801908334,8.911765066813778,0.8042871296046114,11103,toto2,18,-0.059071565112278845,-0.06965829405450652
bmd,Humidity,30,0.8552841819069988,0.6724638022032062,8.965024673104276,0.8168963343240566,11103,toto2,18,-0.061067837829514415,-0.06114707748233683
bmd,Humidity,1,0.5955516144762016,0.5955516144762016,4.985618641181982,0.0,11103,ttm_r2,18,0.25897702399521105,0.052057323505804054
bmd,Humidity,3,0.7310867989499603,0.7310867989499603,6.081701941346934,0.0,11103,ttm_r2,18,0.10275565762461891,-0.1464215007146139
bmd,Humidity,7,0.7720818393898632,0.7720818393898632,6.399943333154304,0.0,11103,ttm_r2,18,0.029586848777898744,-0.24255041385059517
bmd,Humidity,14,0.7859552006175368,0.7859552006175368,6.519539700635354,0.0,11103,ttm_r2,18,0.013494377815037706,-0.26364594993565293
bmd,Humidity,30,0.7943249546599573,0.7943249546599573,6.642998112014906,0.0,11103,ttm_r2,18,0.01455834212222673,-0.2534438306524578
bmd,Sunshine,1,0.6941258960799004,0.5412643677563439,2.615701451464098,0.8015460086219711,13454,AutoARIMA,18,0.16841064751805335,0.14429599176729135
bmd,Sunshine,3,0.8209035754016768,0.6308686358584263,3.013353014538145,0.788836033893266,13454,AutoARIMA,18,0.026369681455611804,0.014247233392971292
bmd,Sunshine,7,0.8278246516302744,0.6346372839556739,3.0203237196565875,0.7887617065556711,13454,AutoARIMA,18,0.022927458831280334,0.007593276963259954
bmd,Sunshine,14,0.8285496038409251,0.6353967004707048,3.0240418748417253,0.7897279619444032,13454,AutoARIMA,18,0.023286862371819872,0.007495377732362973
bmd,Sunshine,30,0.8396972220099563,0.6479740399410754,3.096536229614214,0.7880927605173182,13454,AutoARIMA,18,0.013571523964102328,0.007851714392455689
bmd,Sunshine,1,0.7243534101097872,0.5728118532254854,2.795276805240029,0.8037758287498142,13454,AutoETS,18,0.1321969304370254,0.09442145471341346
bmd,Sunshine,3,0.9243085216816752,0.7210551376301478,3.497960290777943,0.7705515088449532,13454,AutoETS,18,-0.096273456913468,-0.126672109523982
bmd,Sunshine,7,0.9552957833293823,0.7437790227932514,3.6017762271840676,0.843763936375799,13454,AutoETS,18,-0.12752534820897932,-0.16307585661052015
bmd,Sunshine,14,0.9494675201388936,0.758977836063879,3.5759115963905868,0.9337743422030623,13454,AutoETS,18,-0.11925393044898636,-0.1855412688388982
bmd,Sunshine,30,0.9753335938971429,0.8325316308033021,3.659795489001952,0.9821614389772558,13454,AutoETS,18,-0.14576636129822296,-0.2747344481434202
bmd,Sunshine,1,0.7244470806575197,0.5765341079012772,2.795783404513346,0.8228779545116693,13454,AutoTheta,18,0.13208470954082274,0.0885368104702664
bmd,Sunshine,3,0.9242229738636982,0.7223681480576438,3.4979933449694194,0.8066002675784153,13454,AutoTheta,18,-0.09617199317063196,-0.12872373103109158
bmd,Sunshine,7,0.9557070692944973,0.7447897840553943,3.603259957664492,0.8608592240225955,13454,AutoTheta,18,-0.1280107846142502,-0.16465642286040016
bmd,Sunshine,14,0.9499771327049988,0.7557841354143782,3.578264290681502,0.9203954214360042,13454,AutoTheta,18,-0.11985467334489508,-0.18055263314969716
bmd,Sunshine,30,0.9765714019990356,0.8271378373570056,3.66448647469228,0.9813438382637134,13454,AutoTheta,18,-0.14722046776370856,-0.26647571771472744
bmd,Sunshine,1,0.6911414540123142,0.6049247714676236,2.601748356000204,0.33001337892076704,13454,DLinear,18,0.1719861231781894,0.04365300496351798
bmd,Sunshine,3,0.8229685011337241,0.722065379799595,3.029393578757547,0.2841534116247956,13454,DLinear,18,0.023920582245293476,-0.12825064577839673
bmd,Sunshine,7,0.8173658720717257,0.7206421466277632,3.0030956746383874,0.28251821019771073,13454,DLinear,18,0.03527184396244287,-0.12689583372629465
bmd,Sunshine,14,0.8209914705243055,0.7196372438745585,3.0153282558090915,0.2912145086962985,13454,DLinear,18,0.03219656201088328,-0.12409033659181312
bmd,Sunshine,30,0.8281812397266853,0.7260977368175562,3.0710287909312775,0.2934443288241415,13454,DLinear,18,0.027099844120446415,-0.11176772580668004
bmd,Sunshine,1,0.6902471726015483,0.529975165157664,2.7006364725530974,0.7698082354690055,13454,NHITS,18,0.17305750648706086,0.16214349197035327
bmd,Sunshine,3,0.8149051297155742,0.6215354081591089,3.12530946826606,0.7674297606659729,13454,NHITS,18,0.03348412066520301,0.028830705296684966
bmd,Sunshine,7,0.8230377309579935,0.6249338987789558,3.128785124915751,0.7630444477478817,13454,NHITS,18,0.02857740986430113,0.022766833464019642
bmd,Sunshine,14,0.832692309781557,0.6296661126749425,3.153336259982873,0.7608146276200386,13454,NHITS,18,0.01840334628685858,0.01644669093778439
bmd,Sunshine,30,0.8372191803560858,0.6414569574309673,3.209611988769487,0.7620781923591496,13454,NHITS,18,0.016482586175705083,0.01783037378466623
bmd,Sunshine,1,0.6828323622888525,0.5303864449419771,2.6774350783599905,0.8291214508696299,13454,PatchTST,18,0.18194073263023514,0.16149328519357864
bmd,Sunshine,3,0.8066022515470331,0.618723414312469,3.076544621122886,0.8280808681433031,13454,PatchTST,18,0.043331725375800545,0.03322453716032703
bmd,Sunshine,7,0.8121518643617779,0.6205605070093606,3.0885290180629803,0.8305336702839304,13454,PatchTST,18,0.041425881236881734,0.029605674333197052
bmd,Sunshine,14,0.8153679513445115,0.6233690318092302,3.0770042738271526,0.8265943213914078,13454,PatchTST,18,0.0388256944576878,0.026282879670559756
bmd,Sunshine,30,0.8363502764553911,0.6406251224370004,3.1885241189393234,0.8181210049056042,13454,PatchTST,18,0.017503324994552538,0.01910404157427037
bmd,Sunshine,1,0.6808058920370534,0.5196577387940063,2.678222265381511,0.7767950052029137,13454,chronos2,18,0.18436852144208415,0.17845467670735027
bmd,Sunshine,3,0.814129235949369,0.6154148453725558,3.103663927910539,0.7538278578861305,13454,chronos2,18,0.03440436722933482,0.038394283761521986
bmd,Sunshine,7,0.8221614079923539,0.6175071953022327,3.1005263415315363,0.7649026311877508,13454,chronos2,18,0.029611724444370435,0.03438025525096755
bmd,Sunshine,14,0.8248874257164348,0.618746481839384,3.0979708898173466,0.7660175412516723,13454,chronos2,18,0.027603921326338376,0.033503411675741335
bmd,Sunshine,30,0.8250659479155081,0.626907576464779,3.11773955085537,0.7558346960011892,13454,chronos2,18,0.030759511525741412,0.040107722092582176
bmd,Sunshine,1,0.6937619635160981,0.5291507676422417,2.661978721416983,0.8016946632971607,13454,chronos_bolt,18,0.16884665263872178,0.16344681119908455
bmd,Sunshine,3,0.8332631243040515,0.6276482947326423,3.1094848771747747,0.7947078935632526,13454,chronos_bolt,18,0.011710674118488473,0.019279121164409663
bmd,Sunshine,7,0.8486656416108068,0.6359662509734757,3.1388342569522902,0.7811059907834101,13454,chronos_bolt,18,-0.0016709377019088478,0.005515120138088747
bmd,Sunshine,14,0.8564182049036262,0.6422267870348376,3.1674578788636514,0.7739705663743125,13454,chronos_bolt,18,-0.009565279080033129,-0.0031733784641485574
bmd,Sunshine,30,0.876041302850189,0.6568067325892037,3.2039475129496853,0.7678757246915415,13454,chronos_bolt,18,-0.029123432427847096,-0.00567250159146826
bmd,Sunshine,1,0.8346979119059481,0.6325369082636657,3.046521634672466,0.8453991378028839,13454,climatology,18,0.0,0.0
bmd,Sunshine,3,0.8431368248977258,0.6399866753911153,3.1007403980040444,0.8343986918388583,13454,climatology,18,0.0,0.0
bmd,Sunshine,7,0.8472499397435493,0.6394931324262894,3.081173370684813,0.8413854615727665,13454,climatology,18,0.0,0.0
bmd,Sunshine,14,0.8483039409636173,0.6401952053573056,3.0839823849536754,0.8411624795599821,13454,climatology,18,0.0,0.0
bmd,Sunshine,30,0.8512499815337837,0.6531020103958421,3.145992127638807,0.8278578861305188,13454,climatology,18,0.0,0.0
bmd,Sunshine,1,0.7180679754874912,0.5581661517583314,2.6827158104668922,0.7840790842872009,13454,lightgbm,18,0.13972712133919707,0.11757536285034254
bmd,Sunshine,3,0.8107473430219666,0.6282748367623985,3.0120239915132365,0.776051731826966,13454,lightgbm,18,0.03841545158425275,0.018300128860588183
bmd,Sunshine,7,0.80802540700108,0.6252103303107164,2.995506064294559,0.786903523115802,13454,lightgbm,18,0.04629629452005868,0.02233456684887747
bmd,Sunshine,14,0.8085131375884176,0.6241439119458329,2.9974710795940167,0.785639958376691,13454,lightgbm,18,0.04690630498545123,0.025072498633466278
bmd,Sunshine,30,0.8196631096450421,0.6352304837736339,3.073286819042744,0.7735989296863386,13454,lightgbm,18,0.03710645823666081,0.027364066160776912
bmd,Sunshine,1,0.6935985465897365,0.5305375939934444,2.6949526839653246,0.8196818789950944,13454,moirai2,18,0.16904243236217698,0.16125432830506725
bmd,Sunshine,3,0.8434363573711449,0.6357593084453765,3.1807706111060354,0.784971012338338,13454,moirai2,18,-0.00035525962640226005,0.006605398375138516
bmd,Sunshine,7,0.8657417399001038,0.6497226327444354,3.2601468495973127,0.773821911699123,13454,moirai2,18,-0.02182567302648808,-0.01599626297679624
bmd,Sunshine,14,0.8883209597359312,0.6641052532174107,3.3273627204489538,0.7658688865764828,13454,moirai2,18,-0.04717297284609723,-0.037348058310996635
bmd,Sunshine,30,0.9407771331904318,0.6975957779167627,3.4753146895674174,0.7475843615281701,13454,moirai2,18,-0.10517139923496721,-0.0681268267631776
bmd,Sunshine,1,0.7438617949897255,0.6039493125704334,3.0509129320651978,0.7887617065556711,13454,naive,18,0.10882513975482166,0.04519514248062806
bmd,Sunshine,3,1.0193077969977813,0.8045020325874176,3.968242915433131,0.784004756949606,13454,naive,18,-0.20894707347342512,-0.25706059754410027
bmd,Sunshine,7,1.0955796539782512,0.8541453752618234,4.198004544836259,0.7924780734354095,13454,naive,18,-0.2931008933560595,-0.33565996560608213
bmd,Sunshine,14,1.082142880721222,0.8429125169373192,4.1562690742790975,0.797458005054259,13454,naive,18,-0.27565466628856994,-0.31664921868146934
bmd,Sunshine,30,1.1255896972980672,0.8706267030081113,4.280532817434037,0.7929240374609782,13454,naive,18,-0.3222786745557136,-0.33306388458432146
bmd,Sunshine,1,1.0486538030353747,0.8283161263443093,4.08814879742469,0.786234577077449,13454,seasonal_naive,18,-0.256327334808925,-0.3095142995182114
bmd,Sunshine,3,1.1003027471683413,0.8661928198579001,4.261677156137408,0.7660918685892671,13454,seasonal_naive,18,-0.30501090057572844,-0.35345445954565125
bmd,Sunshine,7,1.0464921583752238,0.8252989885659173,4.080817413535369,0.7867548684406125,13454,seasonal_naive,18,-0.23516344975130044,-0.2905517615719584
bmd,Sunshine,14,1.048828872949342,0.827382336806548,4.09087773542764,0.7852683216887171,13454,seasonal_naive,18,-0.2363833554255821,-0.2923907112749613
bmd,Sunshine,30,1.059345464035896,0.835990450359392,4.106549120078669,0.7790248253307567,13454,seasonal_naive,18,-0.24445872189878393,-0.2800304348362088
bmd,Sunshine,1,0.6837220843317288,0.5700174928700329,2.5968973071909645,0.35639958376690944,13454,sundial,18,0.18087481161835106,0.09883915796352605
bmd,Sunshine,3,0.8229516490978457,0.6829092945676047,3.0169617990613213,0.35469005500222983,13454,sundial,18,0.023940569553854596,-0.06706798879876374
bmd,Sunshine,7,0.8282234090891788,0.684689996103549,3.00368992727523,0.35959565928348447,13454,sundial,18,0.022456809687268486,-0.0706760735737364
bmd,Sunshine,14,0.8353581098439903,0.6906109627422352,3.012969620177003,0.3628660621376542,13454,sundial,18,0.015260840477672843,-0.07875060132134482
bmd,Sunshine,30,0.8449357749157644,0.6991664678375794,3.0464792034126127,0.37015014122194145,13454,sundial,18,0.007417570343605018,-0.0705317955059086
bmd,Sunshine,1,0.6842794868631346,0.5287695844649318,2.608064807866932,0.7767950052029137,13454,timesfm25,18,0.1802070220822145,0.16404943718395582
bmd,Sunshine,3,0.8202673724221966,0.624367337659466,3.041742151203976,0.7905455626579456,13454,timesfm25,18,0.02712424816494441,0.02440572332557378
bmd,Sunshine,7,0.824284468778983,0.624347444460496,3.0314764054272465,0.8394529507953025,13454,timesfm25,18,0.02710589861064805,0.023683894631251867
bmd,Sunshine,14,0.8294943483294046,0.6256265540791947,3.0400468094437008,0.8419800802735246,13454,timesfm25,18,0.02217317605862612,0.022756576675671658
bmd,Sunshine,30,0.8417699236999087,0.6356857905534151,3.0861583979951734,0.8372231306674595,13454,timesfm25,18,0.01113663205818094,0.02666692119332348
bmd,Sunshine,1,0.6841192062281161,0.5214288148374218,2.7214282558744425,0.7917348000594618,13454,tirex,18,0.18039904440877397,0.17565471986644898
bmd,Sunshine,3,0.8138752896404149,0.6157585845804681,3.109241427151911,0.7586591348297904,13454,tirex,18,0.034705559516820306,0.037857180066820484
bmd,Sunshine,7,0.8205383960069395,0.6186210981254584,3.1079500859382234,0.7898022892819979,13454,tirex,18,0.031527348051148985,0.032638402576179004
bmd,Sunshine,14,0.8240779456845909,0.6194033752256632,3.121891374038105,0.8015460086219711,13454,tirex,18,0.028558154818315695,0.032477328723569565
bmd,Sunshine,30,0.8316191607958914,0.631154832561503,3.1449718158124194,0.8022149546603241,13454,tirex,18,0.023061170236411077,0.03360451734184233
bmd,Sunshine,1,0.6837476434042411,0.521136038024597,2.70116176126466,0.7969377136910956,13454,toto2,18,0.18084419087263248,0.1761175810987342
bmd,Sunshine,3,0.8174630432966211,0.6171872012988978,3.0995634956552056,0.7784302066299985,13454,toto2,18,0.03045031463810033,0.03562491996928541
bmd,Sunshine,7,0.8203990868388185,0.6177208747727313,3.0758875166210684,0.7929240374609782,13454,toto2,18,0.03169177316537575,0.03404611644686839
bmd,Sunshine,14,0.8256924494417507,0.6202151831784792,3.076469525809961,0.7915118180466776,13454,toto2,18,0.026654941029958468,0.031209265567171962
bmd,Sunshine,30,0.8345788956583122,0.6306319210774602,3.111850886274485,0.7887617065556711,13454,toto2,18,0.01958424227561628,0.03440517554794065
bmd,Sunshine,1,0.7056602841915907,0.7056602841915907,2.6391213927510195,0.0,13454,ttm_r2,18,0.15459200972446796,-0.11560333471868223
bmd,Sunshine,3,0.8422937893552448,0.8422937893552448,3.088257506303042,0.0,13454,ttm_r2,18,0.0009998798742817394,-0.3161114469148807
bmd,Sunshine,7,0.8556701204685134,0.8556701204685134,3.0954517801912145,0.0,13454,ttm_r2,18,-0.009938248833057273,-0.3380442683129854
bmd,Sunshine,14,0.8571276738479556,0.8571276738479556,3.070414077774649,0.0,13454,ttm_r2,18,-0.01040161722497146,-0.338853628823377
bmd,Sunshine,30,0.8735182816139547,0.8735182816139547,3.1229615228667083,0.0,13454,ttm_r2,18,-0.026159530764450656,-0.3374913378149291
ghcn_bangladesh,Rainfall,1,1.5510258528298844,1.3159613240908887,19.98144447003397,0.8752166377816292,1154,AutoARIMA,18,-0.22464080102480755,-0.18040269736066472
ghcn_bangladesh,Rainfall,3,1.740116103026688,1.4397643255793928,25.821766469431118,0.8856152512998267,1154,AutoARIMA,18,-0.2888094437668567,-0.21464044480614275
ghcn_bangladesh,Rainfall,7,1.6902716379232703,1.3819799809406617,19.87494664538448,0.8873483535528596,1154,AutoARIMA,18,-0.2695455762469705,-0.1909929860242423
ghcn_bangladesh,Rainfall,14,1.666610631378031,1.3618407470435407,19.10123232955525,0.891681109185442,1154,AutoARIMA,18,-0.2542276120610245,-0.17429076631778906
ghcn_bangladesh,Rainfall,30,1.6050665153330295,1.2811157101049522,19.51164394391713,0.9046793760831889,1154,AutoARIMA,18,-0.3646031717831384,-0.23602908265561529
ghcn_bangladesh,Rainfall,1,1.6364142123948164,1.3974624553024124,20.956233751229654,0.8578856152512998,1154,AutoETS,18,-0.2920607404571529,-0.25350830719801243
ghcn_bangladesh,Rainfall,3,1.8330204097109841,1.5613832748528045,27.310261416823646,0.8604852686308492,1154,AutoETS,18,-0.3576186155302057,-0.3172428582829909
ghcn_bangladesh,Rainfall,7,1.8849514201411277,1.6049694401420478,23.564309352286593,0.8596187175043327,1154,AutoETS,18,-0.41576755072384697,-0.3831657276911804
ghcn_bangladesh,Rainfall,14,1.8038419273994837,1.5612975326876672,22.315817148322832,0.8847487001733102,1154,AutoETS,18,-0.3575026527144676,-0.34627876283632464
ghcn_bangladesh,Rainfall,30,1.8025299236900556,1.5455523328415524,22.939020902387128,0.9176776429809359,1154,AutoETS,18,-0.5324835622722501,-0.49115932080942915
ghcn_bangladesh,Rainfall,1,1.6308599894657645,1.4399006033108754,21.12284527409747,0.8535528596187175,1154,AutoTheta,18,-0.28767530226184856,-0.2915748547956689
ghcn_bangladesh,Rainfall,3,1.8382454810895354,1.5328366628277637,27.471679727478282,0.8743500866551126,1154,AutoTheta,18,-0.3614885419824234,-0.29315984072812107
ghcn_bangladesh,Rainfall,7,1.8907466966111692,1.617975398681763,23.748787536780075,0.8431542461005199,1154,AutoTheta,18,-0.42012032304789115,-0.39437428759143267
ghcn_bangladesh,Rainfall,14,1.806899948067044,1.5224194756956075,22.523661665756414,0.8717504332755632,1154,AutoTheta,18,-0.35980400246425037,-0.31275491400358524
ghcn_bangladesh,Rainfall,30,1.8069851021766488,1.506062137029692,23.202728798965442,0.9081455805892548,1154,AutoTheta,18,-0.5362712873512969,-0.45305891339250226
ghcn_bangladesh,Rainfall,1,1.4083124274698455,1.2473201331591217,19.570228021882798,0.550259965337955,1154,DLinear,18,-0.11195880850286799,-0.11883231117786375
ghcn_bangladesh,Rainfall,3,1.4944592370490717,1.3308890415633716,25.61728543884389,0.5693240901213171,1154,DLinear,18,-0.1068647515434864,-0.1227890764563977
ghcn_bangladesh,Rainfall,7,1.4688578027402885,1.3063124372978159,19.565814714148708,0.5693240901213171,1154,DLinear,18,-0.10324393060036074,-0.12578255244981973
ghcn_bangladesh,Rainfall,14,1.4659726061899354,1.2998459308884995,19.08645462464068,0.5736568457538995,1154,DLinear,18,-0.10323508478293308,-0.12083375210487368
ghcn_bangladesh,Rainfall,30,1.3471205646127784,1.1970790955006467,19.408731165213005,0.5701906412478336,1154,DLinear,18,-0.14530144245359855,-0.154949989768421
ghcn_bangladesh,Rainfall,1,1.2238048014411769,1.0480293056170469,21.207342949619523,0.8405545927209706,1154,NHITS,18,0.03372255878232144,0.05992934851788645
ghcn_bangladesh,Rainfall,3,1.3536081174391283,1.1750161868483617,27.092879490695513,0.8084922010398613,1154,NHITS,18,-0.002543980761190001,0.008711246353762636
ghcn_bangladesh,Rainfall,7,1.3323939153834272,1.1500308980158633,20.982459976253754,0.792894280762565,1154,NHITS,18,-0.0007473137108848782,0.008901176473073646
ghcn_bangladesh,Rainfall,14,1.3419546865017493,1.1600739811077534,20.389806105040098,0.7920277296360485,1154,NHITS,18,-0.009903927321951,-0.0003109153678435561
ghcn_bangladesh,Rainfall,30,1.2113911300297735,1.0593655940701014,20.616737798321182,0.7383015597920277,1154,NHITS,18,-0.029906338782228037,-0.022083074235440092
ghcn_bangladesh,Rainfall,1,1.238678614604189,1.0670272496540334,20.002416812729283,0.8128249566724437,1154,PatchTST,18,0.021978667838781885,0.04288840363977009
ghcn_bangladesh,Rainfall,3,1.4666172800810893,1.2691841733177565,26.56195403982489,0.8275563258232236,1154,PatchTST,18,-0.08624372688261883,-0.07073248130330057
ghcn_bangladesh,Rainfall,7,1.3872082518283482,1.2253489900641725,20.6270339618508,0.7989601386481803,1154,PatchTST,18,-0.04191779589093403,-0.05600809905001092
ghcn_bangladesh,Rainfall,14,1.3684436573134242,1.2063448701242228,19.875574782836697,0.7729636048526863,1154,PatchTST,18,-0.029838516710481988,-0.04020947020203658
ghcn_bangladesh,Rainfall,30,1.2907732025071545,1.1153466934327796,20.330406433236952,0.8058925476603119,1154,PatchTST,18,-0.09739577105842057,-0.0760940166862476
ghcn_bangladesh,Rainfall,1,1.1950444932801614,1.0187469340050945,20.358825990121566,0.6412478336221837,1154,chronos2,18,0.05643078557284509,0.0861953107487633
ghcn_bangladesh,Rainfall,3,1.3327504338954124,1.1509585963459545,27.085801301682796,0.7192374350086655,1154,chronos2,18,0.012904172083028187,0.029007153058527413
ghcn_bangladesh,Rainfall,7,1.323060602565573,1.1406050191141877,21.33562973620946,0.6672443674176777,1154,chronos2,18,0.006262841185989632,0.017024416906244344
ghcn_bangladesh,Rainfall,14,1.3097309414442262,1.1278199326029987,20.732154018643907,0.7409012131715771,1154,chronos2,18,0.014346434492759519,0.027501170162512856
ghcn_bangladesh,Rainfall,30,1.1781752308146647,1.0169224679013271,21.162359584070135,0.7235701906412478,1154,chronos2,18,-0.0016666857899270138,0.01886634031754275
ghcn_bangladesh,Rainfall,1,1.2044093924340311,1.044538435703333,20.637981108462593,0.8327556325823223,1154,chronos_bolt,18,0.04903655833905218,0.06306062007340107
ghcn_bangladesh,Rainfall,3,1.3335096567309777,1.1642811825663517,27.03466016500831,0.7755632582322357,1154,chronos_bolt,18,0.012341856983077104,0.01776770798740479
ghcn_bangladesh,Rainfall,7,1.3227288682908,1.1492992265341253,21.393509100613887,0.744367417677643,1154,chronos_bolt,18,0.006512003374822717,0.00953173235292859
ghcn_bangladesh,Rainfall,14,1.3109133756865687,1.1384674643654602,20.72412722412451,0.7660311958405546,1154,chronos_bolt,18,0.013456579569077531,0.018319995153703972
ghcn_bangladesh,Rainfall,30,1.1758205380286777,1.0248354946346157,21.235992838562964,0.7253032928942807,1154,chronos_bolt,18,0.0003352382510004581,0.011231798724594344
ghcn_bangladesh,Rainfall,1,1.266514925463818,1.1148410004766407,20.17501418077642,0.8535528596187175,1154,climatology,18,0.0,0.0
ghcn_bangladesh,Rainfall,3,1.3501733025332114,1.1853419929625182,25.738667793638268,0.8639514731369151,1154,climatology,18,0.0,0.0
ghcn_bangladesh,Rainfall,7,1.3313989426988906,1.1603594623625533,19.581659869125783,0.8578856152512998,1154,climatology,18,0.0,0.0
ghcn_bangladesh,Rainfall,14,1.3287944033055954,1.1597134083867917,18.996374795986682,0.8509532062391681,1154,climatology,18,0.0,0.0
ghcn_bangladesh,Rainfall,30,1.1762148502378722,1.036476995632229,19.572585973619326,0.8639514731369151,1154,climatology,18,0.0,0.0
ghcn_bangladesh,Rainfall,1,1.4846112586467202,1.2624812213368748,19.83829676220569,0.7400346620450606,1154,lightgbm,18,-0.1722019447208898,-0.13243163894861398
ghcn_bangladesh,Rainfall,3,1.531156554757708,1.3146426738041534,25.447630690682917,0.7105719237435009,1154,lightgbm,18,-0.1340444607258442,-0.1090830170611563
ghcn_bangladesh,Rainfall,7,1.512508459835421,1.294407283309983,19.399109635686674,0.7365684575389948,1154,lightgbm,18,-0.13602948847878893,-0.11552266801401445
ghcn_bangladesh,Rainfall,14,1.510312506762687,1.2914245368508699,18.749385420931088,0.7253032928942807,1154,lightgbm,18,-0.13660360324030218,-0.1135721355910626
ghcn_bangladesh,Rainfall,30,1.445247816966065,1.2182290971144771,19.337860946292555,0.7495667244367418,1154,lightgbm,18,-0.22872774193744005,-0.17535565405519016
ghcn_bangladesh,Rainfall,1,1.1952888088860645,1.0265159975698352,19.976829633901303,0.7894280762564991,1154,moirai2,18,0.05623788172229338,0.0792265469865594
ghcn_bangladesh,Rainfall,3,1.3354669858570247,1.160463307263776,26.893166046093267,0.7582322357019065,1154,moirai2,18,0.010892169655994932,0.020988614126934868
ghcn_bangladesh,Rainfall,7,1.3327273938418032,1.1621822291794646,21.179449890621676,0.6048526863084922,1154,moirai2,18,-0.0009977859380145837,-0.0015708639228053656
ghcn_bangladesh,Rainfall,14,1.3281778901652932,1.1501282168607097,20.638634620571263,0.5545927209705372,1154,moirai2,18,0.00046396428128270273,0.008265138142548034
ghcn_bangladesh,Rainfall,30,1.1903774645298142,1.0655604445743376,21.135434627834343,0.5025996533795494,1154,moirai2,18,-0.01204083955331603,-0.02805990780757095
ghcn_bangladesh,Rainfall,1,1.5754125906770846,1.5357024998533064,23.76692810925369,0.6464471403812825,1154,naive,18,-0.2438957954641896,-0.3775080923618077
ghcn_bangladesh,Rainfall,3,2.0734573439347628,2.0195916603001907,31.691641190022928,0.6204506065857885,1154,naive,18,-0.5356971879421086,-0.7038050387910726
ghcn_bangladesh,Rainfall,7,2.1688083746913875,2.1040183412687994,28.90172855288914,0.6152512998266898,1154,naive,18,-0.6289695786410772,-0.8132470234567715
ghcn_bangladesh,Rainfall,14,2.027165846262543,1.9611791416812643,27.303799070352404,0.6377816291161178,1154,naive,18,-0.5255677185421863,-0.6910894773643634
ghcn_bangladesh,Rainfall,30,2.028993047116929,1.9600478190610675,28.27853568679352,0.6187175043327556,1154,naive,18,-0.7250190700335017,-0.891067363116419
ghcn_bangladesh,Rainfall,1,1.6526902948669784,1.595750149784985,24.229168948773527,0.6091854419410745,1154,seasonal_naive,18,-0.3049118187547113,-0.43137016767658865
ghcn_bangladesh,Rainfall,3,1.8878742642055557,1.8288001380963597,31.130060239359533,0.5849220103986135,1154,seasonal_naive,18,-0.39824588492714463,-0.5428459878702605
ghcn_bangladesh,Rainfall,7,1.8098067084125196,1.7514181560202977,25.511550267915492,0.5918544194107452,1154,seasonal_naive,18,-0.35932713356662616,-0.5093755106321258
ghcn_bangladesh,Rainfall,14,1.8316903793840134,1.7735514309919567,25.18243865591818,0.58578856152513,1154,seasonal_naive,18,-0.3784603357956515,-0.5293014792844712
ghcn_bangladesh,Rainfall,30,1.7367689586750377,1.6811957594317959,24.61828274541976,0.5762564991334489,1154,seasonal_naive,18,-0.4765745886678796,-0.6220290141666889
ghcn_bangladesh,Rainfall,1,1.2855167924581057,1.140824557008593,18.78860695509184,0.26776429809358754,1154,sundial,18,-0.015003271270039642,-0.023306961728931208
ghcn_bangladesh,Rainfall,3,1.471747662519646,1.325705040510838,25.613682741351344,0.2322357019064125,1154,sundial,18,-0.09004352238215296,-0.1184156542007857
ghcn_bangladesh,Rainfall,7,1.4565128010991875,1.3105883774820024,19.78298061841802,0.19844020797227035,1154,sundial,18,-0.09397172732214853,-0.12946756586409447
ghcn_bangladesh,Rainfall,14,1.4328246926933739,1.283731370943146,19.05969947821904,0.2365684575389948,1154,sundial,18,-0.07828922904023816,-0.10693845708731464
ghcn_bangladesh,Rainfall,30,1.3545398901290573,1.2066800479043764,19.50646056570655,0.25216637781629114,1154,sundial,18,-0.15160924031448975,-0.16421305343909443
ghcn_bangladesh,Rainfall,1,1.2222452828417594,1.0574198446978702,18.98179203095316,0.8223570190641247,1154,timesfm25,18,0.03495390518658614,0.05150613922005076
ghcn_bangladesh,Rainfall,3,1.3727341858498163,1.1942653610953538,25.771329459709627,0.7998266897746967,1154,timesfm25,18,-0.01670962036819712,-0.007528095845599436
ghcn_bangladesh,Rainfall,7,1.339061024631742,1.1597677156635247,19.83192701387753,0.8518197573656846,1154,timesfm25,18,-0.005754910633562371,0.0005099684349743061
ghcn_bangladesh,Rainfall,14,1.328386643988583,1.145850655372163,19.127677390053556,0.7894280762564991,1154,timesfm25,18,0.0003068641138147532,0.011953602428303678
ghcn_bangladesh,Rainfall,30,1.1947919117083343,1.0476109586254414,19.625559184546336,0.8630849220103987,1154,timesfm25,18,-0.01579393549291197,-0.01074212263285279
ghcn_bangladesh,Rainfall,1,1.2014596015698107,1.0148293243812647,19.703576052444294,0.7608318890814558,1154,tirex,18,0.05136561961177277,0.08970936308641042
ghcn_bangladesh,Rainfall,3,1.376262625370078,1.1947540758337827,26.841439011954943,0.7868284228769498,1154,tirex,18,-0.019322943793894876,-0.0079403943563503
ghcn_bangladesh,Rainfall,7,1.3518074604256538,1.1731495577618996,21.24024855203757,0.791161178509532,1154,tirex,18,-0.015328626959394187,-0.011022528633760631
ghcn_bangladesh,Rainfall,14,1.3532135744330591,1.1607781576023306,20.686356696199002,0.7998266897746967,1154,tirex,18,-0.018376937069208843,-0.0009181140856342473
ghcn_bangladesh,Rainfall,30,1.2046748286023503,1.0601336700574429,21.102912456749365,0.830155979202773,1154,tirex,18,-0.02419624132336229,-0.022824119131350074
ghcn_bangladesh,Rainfall,1,1.1939133703058722,1.0084769309639858,20.115578751303058,0.8310225303292894,1154,toto2,18,0.05732388438403746,0.09540738945480098
ghcn_bangladesh,Rainfall,3,1.3394687108085837,1.1593054619693446,27.008603542207116,0.8388214904679376,1154,toto2,18,0.007928309428533176,0.02196541685670028
ghcn_bangladesh,Rainfall,7,1.3311342859405901,1.1638423749828595,21.34001364116302,0.804159445407279,1154,toto2,18,0.00019878095874403812,-0.0030015807456895693
ghcn_bangladesh,Rainfall,14,1.3240924752248548,1.1472640603258273,20.653798033489768,0.8102253032928943,1154,toto2,18,0.0035384917855190157,0.010734848774648587
ghcn_bangladesh,Rainfall,30,1.1900544629850542,1.0423126464627739,21.08343124248578,0.8440207972270364,1154,toto2,18,-0.011766228546071567,-0.005630275302912269
ghcn_bangladesh,Rainfall,1,1.4738570488408682,1.4738570488408682,19.400754043867305,0.01559792027729636,1154,ttm_r2,18,-0.16371076187761324,-0.32203340943751924
ghcn_bangladesh,Rainfall,3,1.6742293684676575,1.6742293684676572,25.807778512516027,0.012998266897746967,1154,ttm_r2,18,-0.24001071960647424,-0.41244415401437506
ghcn_bangladesh,Rainfall,7,1.6486713779948219,1.6486713779948219,20.222181139780872,0.0008665511265164644,1154,ttm_r2,18,-0.23830005051137082,-0.4208281411675996
ghcn_bangladesh,Rainfall,14,1.5928912655128205,1.5928912655128205,19.275143697746326,0.0025996533795493936,1154,ttm_r2,18,-0.19874922828561026,-0.3735214700402547
ghcn_bangladesh,Rainfall,30,1.5346808209341174,1.5346808209341174,19.743293431290876,0.0,1154,ttm_r2,18,-0.30476232350216526,-0.48067041275527256
ghcn_bangladesh,Tavg,1,0.4964031941903042,0.39450713250123143,1.1692828161124815,0.7801082543978349,1478,AutoARIMA,18,0.3198550157684701,0.31682680046057454
ghcn_bangladesh,Tavg,3,0.6784225684807426,0.5343922357534517,1.5661494813477015,0.7564276048714479,1478,AutoARIMA,18,0.13211443776150134,0.12712530794435595
ghcn_bangladesh,Tavg,7,0.689720266375012,0.5399097608317025,1.5646555807464704,0.7875507442489851,1478,AutoARIMA,18,0.05560725410062861,0.06435631701554334
ghcn_bangladesh,Tavg,14,0.7086752891832071,0.5525209492955437,1.6079734426030627,0.790257104194858,1478,AutoARIMA,18,0.0368509888713473,0.0485479459919097
ghcn_bangladesh,Tavg,30,0.7521552078905783,0.5860116598156055,1.7017790887407274,0.7611637347767253,1478,AutoARIMA,18,0.04652468773380547,0.045559138918859876
ghcn_bangladesh,Tavg,1,0.5225927366520396,0.418355480780457,1.2395765389532525,0.7882273342354533,1478,AutoETS,18,0.28397151188867986,0.2755283015098662
ghcn_bangladesh,Tavg,3,0.7713773055510729,0.6124679113769113,1.7863077615117124,0.7625169147496617,1478,AutoETS,18,0.013200241811804792,-0.00040326892723152596
ghcn_bangladesh,Tavg,7,0.8691257203654439,0.6911613283283917,1.9668538485068066,0.8504736129905277,1478,AutoETS,18,-0.19004191351600896,-0.19775706550929573
ghcn_bangladesh,Tavg,14,0.8683472185416304,0.7388512163433696,1.9764983723402583,0.9303112313937754,1478,AutoETS,18,-0.1801565224866679,-0.27231647649300217
ghcn_bangladesh,Tavg,30,0.923035275693656,0.8857877787481724,2.122899874216239,0.9709066305818674,1478,AutoETS,18,-0.1700927394931433,-0.4426881037649999
ghcn_bangladesh,Tavg,1,0.5224192138452097,0.4202001224114388,1.239351290750802,0.8058186738836265,1478,AutoTheta,18,0.28420926351497167,0.2723339112917438
ghcn_bangladesh,Tavg,3,0.7713382631878862,0.620576219702146,1.786464598456846,0.790257104194858,1478,AutoTheta,18,0.01325018753133067,-0.013647355684036189
ghcn_bangladesh,Tavg,7,0.8692256474286827,0.695530543467448,1.9673264871808633,0.8565629228687416,1478,AutoTheta,18,-0.1901787376724713,-0.2053287540413955
ghcn_bangladesh,Tavg,14,0.8686690234051488,0.7493529677610783,1.9773786669575426,0.9235453315290933,1478,AutoTheta,18,-0.18059388222081552,-0.29040070111797034
ghcn_bangladesh,Tavg,30,0.9245431896793119,0.9058541896658773,2.1265764617870393,0.9688768606224628,1478,AutoTheta,18,-0.17200425821063803,-0.4753703929213773
ghcn_bangladesh,Tavg,1,0.5372707631770137,0.4586068241806304,1.2468182686016076,0.4167794316644114,1478,DLinear,18,0.26386046861535384,0.20582451977565186
ghcn_bangladesh,Tavg,3,0.6832435199217298,0.5959584598873394,1.5542350884076868,0.3382949932341001,1478,DLinear,18,0.1259471397583476,0.02656322014357171
ghcn_bangladesh,Tavg,7,0.6782131406731464,0.5937718680703129,1.518330702515336,0.31393775372124494,1478,DLinear,18,0.07136327370566276,-0.028984726332895505
ghcn_bangladesh,Tavg,14,0.6978936342913261,0.612245631900014,1.5706621251718729,0.32205683355886333,1478,DLinear,18,0.05150415994411628,-0.05429914426133009
ghcn_bangladesh,Tavg,30,0.7424874491465425,0.6534541977524719,1.6622276139392242,0.3125845737483085,1478,DLinear,18,0.05878009617967084,-0.06428494507464788
ghcn_bangladesh,Tavg,1,0.5580897966083538,0.4353038578798056,1.2807510702983362,0.7997293640054127,1478,NHITS,18,0.23533534764394037,0.24617857356818806
ghcn_bangladesh,Tavg,3,0.7149994224940789,0.5645019741633154,1.6085408639655983,0.6684709066305818,1478,NHITS,18,0.08532276987614718,0.07794415057718329
ghcn_bangladesh,Tavg,7,0.7468914125335283,0.5864060719188112,1.6763995979867683,0.6664411366711772,1478,NHITS,18,-0.022673780021542855,-0.016220073534829016
ghcn_bangladesh,Tavg,14,0.7346033331513888,0.5784543311292423,1.6611879303442822,0.6826792963464141,1478,NHITS,18,0.001612607782545794,0.0038901471437248203
ghcn_bangladesh,Tavg,30,0.8084484129605041,0.6429872013440266,1.8410601072144532,0.6556156968876861,1478,NHITS,18,-0.024835824989415167,-0.04723728245961856
ghcn_bangladesh,Tavg,1,0.513194611433279,0.41200153167658904,1.20502569701142,0.8788903924221921,1478,PatchTST,18,0.2968483180888216,0.28653151889526185
ghcn_bangladesh,Tavg,3,0.7049115579499091,0.5380504836109986,1.6307134677686586,0.854533152909337,1478,PatchTST,18,0.09822787120747334,0.12114993674979269
ghcn_bangladesh,Tavg,7,0.6888436738383127,0.5353035909967284,1.54934833491034,0.8565629228687416,1478,PatchTST,18,0.05680751987956434,0.0723386392877099
ghcn_bangladesh,Tavg,14,0.703906956247619,0.5519983143699413,1.584777415214862,0.8369418132611637,1478,PatchTST,18,0.043331552285569286,0.0494479337192435
ghcn_bangladesh,Tavg,30,0.7528908687182981,0.5974369367699169,1.7005715361409721,0.7976995940460081,1478,PatchTST,18,0.04559212164894211,0.026950718776170612
ghcn_bangladesh,Tavg,1,0.5007518102560552,0.3942874599448272,1.179648926010627,0.8092016238159675,1478,chronos2,18,0.3138967756924901,0.31720721032099497
ghcn_bangladesh,Tavg,3,0.6671535179266103,0.5234291861856206,1.5460875713950275,0.7665764546684709,1478,chronos2,18,0.14653059478583064,0.14503232057529225
ghcn_bangladesh,Tavg,7,0.6910932651163315,0.5389405312623751,1.5757082798963198,0.7956698240866035,1478,chronos2,18,0.05372728896890078,0.06603595607690427
ghcn_bangladesh,Tavg,14,0.7124976115667961,0.5575710874739611,1.635492144837682,0.7855209742895806,1478,chronos2,18,0.03165613294768188,0.03985150769575796
ghcn_bangladesh,Tavg,30,0.753698636387091,0.5906498900136175,1.7332417697796718,0.7828146143437077,1478,chronos2,18,0.04456814877451265,0.03800482434178132
ghcn_bangladesh,Tavg,1,0.5029585483200733,0.39496529814376935,1.1794852228305723,0.8247631935047361,1478,chronos_bolt,18,0.3108732217683401,0.3160333889804141
ghcn_bangladesh,Tavg,3,0.6888643673133256,0.5428327537288061,1.5960242647604068,0.7895805142083897,1478,chronos_bolt,18,0.1187565589531775,0.11333859093088738
ghcn_bangladesh,Tavg,7,0.7345223491096253,0.5704829412727087,1.6601944930430044,0.8322056833558863,1478,chronos_bolt,18,-0.005737560599577973,0.011374124020354648
ghcn_bangladesh,Tavg,14,0.7806203175725018,0.6038443223666113,1.7606310310843754,0.8207036535859269,1478,chronos_bolt,18,-0.06092832417431793,-0.03983192229969168
ghcn_bangladesh,Tavg,30,0.8466977598787931,0.6627178609742004,1.9539535199515832,0.8119079837618404,1478,chronos_bolt,18,-0.07332290267538033,-0.07937273139086942
ghcn_bangladesh,Tavg,1,0.7298490846788666,0.5774628348524153,1.653837742031421,0.7861975642760487,1478,climatology,18,0.0,0.0
ghcn_bangladesh,Tavg,3,0.7816958801929109,0.6122210216622769,1.7448516271581471,0.7537212449255751,1478,climatology,18,0.0,0.0
ghcn_bangladesh,Tavg,7,0.7303320248591832,0.5770463378853077,1.6469992723186275,0.774018944519621,1478,climatology,18,0.0,0.0
ghcn_bangladesh,Tavg,14,0.7357898736279196,0.5807133916711746,1.6646529540482717,0.7713125845737483,1478,climatology,18,0.0,0.0
ghcn_bangladesh,Tavg,30,0.7888565107185377,0.6139842537250579,1.761009018145241,0.7516914749661705,1478,climatology,18,0.0,0.0
ghcn_bangladesh,Tavg,1,0.6399789367573363,0.49526464180155655,1.4338553130633995,0.8349120433017592,1478,lightgbm,18,0.12313524783150631,0.14234369398312285
ghcn_bangladesh,Tavg,3,0.7284473855824226,0.572492667080486,1.619968710299308,0.7821380243572396,1478,lightgbm,18,0.06811919566129399,0.06489217647888368
ghcn_bangladesh,Tavg,7,0.7069894221454198,0.5539923467991182,1.5743252500382847,0.8078484438430311,1478,lightgbm,18,0.031961631037970895,0.039951715438789615
ghcn_bangladesh,Tavg,14,0.7162160546746482,0.558558470087242,1.6014878621315314,0.7841677943166441,1478,lightgbm,18,0.026602457651067946,0.03815121521509135
ghcn_bangladesh,Tavg,30,0.7684194716569998,0.5947803574938533,1.6982865809274084,0.7719891745602165,1478,lightgbm,18,0.025907169154150256,0.031277506083737694
ghcn_bangladesh,Tavg,1,0.5030438382136859,0.40384184191232764,1.2074152813009749,0.8552097428958051,1478,moirai2,18,0.31075636213885904,0.30066176117543697
ghcn_bangladesh,Tavg,3,0.700807273370262,0.5494618302064396,1.6213620819648629,0.8416779431664412,1478,moirai2,18,0.10347835887619972,0.10251067708429251
ghcn_bangladesh,Tavg,7,0.7835469825241773,0.6081851316456711,1.7738868547702855,0.8660351826792964,1478,moirai2,18,-0.07286406162355341,-0.05396237999616682
ghcn_bangladesh,Tavg,14,0.861693525229399,0.6702194773905816,1.9903695585176797,0.8626522327469553,1478,moirai2,18,-0.1711135965770949,-0.154131258212983
ghcn_bangladesh,Tavg,30,0.9752585046127491,0.7637396447613556,2.335042652695542,0.8423545331529093,1478,moirai2,18,-0.23629391576476344,-0.24390754343898546
ghcn_bangladesh,Tavg,1,0.5167944728040244,0.418865148239377,1.2479401160123467,0.847767253044655,1478,naive,18,0.2919159814642861,0.27464570365566787
ghcn_bangladesh,Tavg,3,0.8043973617692015,0.6348000475047044,1.8695461954698902,0.8179972936400541,1478,naive,18,-0.02904132176146068,-0.03688051380712465
ghcn_bangladesh,Tavg,7,0.9405849102257442,0.7327068121502338,2.115219672402116,0.8220568335588633,1478,naive,18,-0.2878867120842745,-0.2697538551849623
ghcn_bangladesh,Tavg,14,1.0544423459394248,0.8125054826758162,2.3442960459987816,0.8308525033829499,1478,naive,18,-0.43307537074456137,-0.39915058672504733
ghcn_bangladesh,Tavg,30,1.366329201469982,1.0729066729702383,3.0881665540842427,0.8193504736129905,1478,naive,18,-0.732037681004176,-0.7474498188852345
ghcn_bangladesh,Tavg,1,0.8517782157030436,0.6692701507211498,1.9189765977790567,0.8592692828146143,1478,seasonal_naive,18,-0.16706074390409875,-0.1589839385805636
ghcn_bangladesh,Tavg,3,0.9278044754215949,0.73135537161887,2.1349343969530103,0.8274695534506089,1478,seasonal_naive,18,-0.18691232604760133,-0.19459369368455293
ghcn_bangladesh,Tavg,7,0.8766436677647202,0.6862650652304114,1.9767556649780962,0.857916102841678,1478,seasonal_naive,18,-0.20033578964820498,-0.1892720223220823
ghcn_bangladesh,Tavg,14,0.8798652248262507,0.6913458860879881,2.0051073941588764,0.8552097428958051,1478,seasonal_naive,18,-0.19581045671089026,-0.19051135379956663
ghcn_bangladesh,Tavg,30,0.9586386717229611,0.7475433547312003,2.1605877307787633,0.8247631935047361,1478,seasonal_naive,18,-0.2152256572615161,-0.21752854441434932
ghcn_bangladesh,Tavg,1,0.4931922305426016,0.43181397858207843,1.1627574860375252,0.32476319350473615,1478,sundial,18,0.3242545056289191,0.2522220435321366
ghcn_bangladesh,Tavg,3,0.6827365084729704,0.5861407274211375,1.5634329227837775,0.37280108254397837,1478,sundial,18,0.12659574423690045,0.04259947521946761
ghcn_bangladesh,Tavg,7,0.7115963314108417,0.6032054303821135,1.615744176110966,0.38227334235453314,1478,sundial,18,0.025653665470789178,-0.045332741548400834
ghcn_bangladesh,Tavg,14,0.7478107137151643,0.6303434634062842,1.7098937089177093,0.4167794316644114,1478,sundial,18,-0.016337327432863757,-0.08546396974294734
ghcn_bangladesh,Tavg,30,0.8136139103716495,0.6863164438655079,1.891440134441561,0.428958051420839,1478,sundial,18,-0.03138390736049246,-0.11780789116595214
ghcn_bangladesh,Tavg,1,0.48985780098678366,0.3886566743959458,1.1685477330508722,0.8288227334235453,1478,timesfm25,18,0.32882316184266913,0.32695811584952217
ghcn_bangladesh,Tavg,3,0.680876446934725,0.5335733247194582,1.5743901765904322,0.7990527740189445,1478,timesfm25,18,0.12897526494997658,0.12846291479713934
ghcn_bangladesh,Tavg,7,0.72616292118664,0.5625123665741648,1.6555825868854677,0.8389715832205683,1478,timesfm25,18,0.005708504530315572,0.02518683571306468
ghcn_bangladesh,Tavg,14,0.7619853892496228,0.5908764776212629,1.7720120504421295,0.8416779431664412,1478,timesfm25,18,-0.03560189744463638,-0.017501035959995637
ghcn_bangladesh,Tavg,30,0.8346738977565424,0.658280260873213,1.993416713756809,0.8112313937753721,1478,timesfm25,18,-0.058080761729749186,-0.07214518430954886
ghcn_bangladesh,Tavg,1,0.4892870207830306,0.38814410581925696,1.1766774653388556,0.7861975642760487,1478,tirex,18,0.32960521420902134,0.3278457376075872
ghcn_bangladesh,Tavg,3,0.6832706451297883,0.5367475200282399,1.6017737472413691,0.7787550744248986,1478,tirex,18,0.12591243929651097,0.12327819359928949
ghcn_bangladesh,Tavg,7,0.7232296463722582,0.5619168045229609,1.6573896545540105,0.8031123139377537,1478,tirex,18,0.009724862453203365,0.02621892276067772
ghcn_bangladesh,Tavg,14,0.7492436508317649,0.5844845990019933,1.7310778983193797,0.8227334235453315,1478,tirex,18,-0.018284808864668767,-0.006494093962541303
ghcn_bangladesh,Tavg,30,0.8133701782177557,0.641368616947829,1.8995507069007294,0.8166441136671178,1478,tirex,18,-0.031074938428142573,-0.04460108391482254
ghcn_bangladesh,Tavg,1,0.5820493642728872,0.47171731163726915,2.370124812638465,0.8423545331529093,1478,toto2,18,0.20250723541156623,0.18312091589785517
ghcn_bangladesh,Tavg,3,0.7726572940835311,0.5993849662273811,2.443758785639553,0.8139377537212449,1478,toto2,18,0.011562791027054153,0.020966374856001835
ghcn_bangladesh,Tavg,7,0.7804882008979017,0.6271335806040755,1.8150889046422254,0.8382949932341002,1478,toto2,18,-0.06867585472291071,-0.08679934249703725
ghcn_bangladesh,Tavg,14,0.8220434776763273,0.6674736061277208,1.8944513511010574,0.8403247631935047,1478,toto2,18,-0.11722586452993955,-0.14940281333424732
ghcn_bangladesh,Tavg,30,0.971980891507216,0.7837866540434442,2.280017494453266,0.8274695534506089,1478,toto2,18,-0.23213902439859146,-0.2765582330299039
ghcn_bangladesh,Tavg,1,0.526038913425313,0.526038913425313,1.216126773233083,0.0,1478,ttm_r2,18,0.2792497456419091,0.08905148231789672
ghcn_bangladesh,Tavg,3,0.7013205190274723,0.7013205190274723,1.599784053906762,0.0,1478,ttm_r2,18,0.10282177916250912,-0.14553485459103666
ghcn_bangladesh,Tavg,7,0.768972339998971,0.768972339998971,1.705321843320667,0.0,1478,ttm_r2,18,-0.05290787453451462,-0.3326006760861031
ghcn_bangladesh,Tavg,14,0.8367953692708098,0.8367953692708098,1.874394861805673,0.0,1478,ttm_r2,18,-0.13727491946154102,-0.4409782541137608
ghcn_bangladesh,Tavg,30,0.9300390322617557,0.9300390322617557,2.187573698582747,0.0,1478,ttm_r2,18,-0.17897110516920312,-0.5147603975495876
ghcn_temperate,Rainfall,1,0.7786028377171077,0.6256485791899611,4.4512150765741865,0.9263318112633181,9855,AutoARIMA,32,-0.37504637428690213,-0.24730248960842505
ghcn_temperate,Rainfall,3,0.8557274785176704,0.6765205952759683,4.993681486601077,0.9252156265854896,9855,AutoARIMA,32,-0.36696458345744465,-0.21829872411024076
ghcn_temperate,Rainfall,7,0.8511928581923481,0.6732305112982733,4.985305233113949,0.9266362252663622,9855,AutoARIMA,32,-0.37620753774762505,-0.22836098612198907
ghcn_temperate,Rainfall,14,0.8502484422602528,0.6716682820091554,4.959739456494126,0.9271435819381025,9855,AutoARIMA,32,-0.37675207036439606,-0.22895851041047477
ghcn_temperate,Rainfall,30,0.8423433126011395,0.6637494649340753,4.785280612938014,0.9335362760020294,9855,AutoARIMA,32,-0.4256338218346656,-0.25953000560372486
ghcn_temperate,Rainfall,1,0.7695630838275185,0.6281740038800085,4.56332548720904,0.8775240994419077,9855,AutoARIMA_gapmatched,32,-0.35908177692328214,-0.25233721454505487
ghcn_temperate,Rainfall,3,0.8493323142847098,0.6786448107040778,5.084036266515617,0.8867579908675799,9855,AutoARIMA_gapmatched,32,-0.35674875747158974,-0.222124075420862
ghcn_temperate,Rainfall,7,0.8496608618333414,0.6756296485254993,5.058546577718145,0.8936580416032471,9855,AutoARIMA_gapmatched,32,-0.37373060796987256,-0.232738397009969
ghcn_temperate,Rainfall,14,0.8507821106208091,0.6746828115219834,5.031120974261718,0.8987316083206495,9855,AutoARIMA_gapmatched,32,-0.37761620487351744,-0.2344742267229849
ghcn_temperate,Rainfall,30,0.8409997579527465,0.6671008036462908,4.868053472062762,0.9099949264332826,9855,AutoARIMA_gapmatched,32,-0.4233599070073282,-0.26588950100067565
ghcn_temperate,Rainfall,1,0.8000671178763661,0.6394553326703745,4.56378364545814,0.928259766615931,9855,AutoETS,32,-0.412953223812655,-0.27482784259783966
ghcn_temperate,Rainfall,3,0.8607917234788691,0.6869759733952642,5.136482555856537,0.9211567732115677,9855,AutoETS,32,-0.375054359323826,-0.2371270848604885
ghcn_temperate,Rainfall,7,0.8652456851822189,0.6911441823889412,5.162779330235581,0.9197361745306951,9855,AutoETS,32,-0.398928130670825,-0.26104586049520173
ghcn_temperate,Rainfall,14,0.8643289797642606,0.6907212624214362,5.134804820050801,0.9221714865550482,9855,AutoETS,32,-0.3995517700721112,-0.26381994879240134
ghcn_temperate,Rainfall,30,0.85692377449846,0.6854535556503174,4.97399585554779,0.9331303906646372,9855,AutoETS,32,-0.4503106956316496,-0.30071565613252393
ghcn_temperate,Rainfall,1,0.7882116942781242,0.645190646324811,4.6829788481494,0.8740740740740741,9855,AutoETS_gapmatched,32,-0.39201603164649845,-0.28626185082195477
ghcn_temperate,Rainfall,3,0.8694012685319341,0.708136514285834,5.3405688296234,0.8662607813292745,9855,AutoETS_gapmatched,32,-0.388807503242504,-0.2752336261076884
ghcn_temperate,Rainfall,7,0.8857394154623149,0.719739946538734,5.405659765130673,0.8747843734145104,9855,AutoETS_gapmatched,32,-0.43206236789637,-0.31322103743751484
ghcn_temperate,Rainfall,14,0.8915039252110485,0.7255406940605599,5.392723744149823,0.8906139015728057,9855,AutoETS_gapmatched,32,-0.44355439394807816,-0.3275294285858412
ghcn_temperate,Rainfall,30,0.8882898891862603,0.7335412761584453,5.276498362400318,0.9143581938102486,9855,AutoETS_gapmatched,32,-0.5033966444241782,-0.3919668436375692
ghcn_temperate,Rainfall,1,0.7936368199731397,0.6705752061245072,4.5947946891477995,0.9299847792998478,9855,AutoTheta,32,-0.4015970388758765,-0.3368688939591238
ghcn_temperate,Rainfall,3,0.8645154565698852,0.674043888022238,5.199890078103901,0.9170979198376459,9855,AutoTheta,32,-0.38100276156806023,-0.21383859487207135
ghcn_temperate,Rainfall,7,0.877663021579466,0.7059276120205175,5.245735275978493,0.9040081177067478,9855,AutoTheta,32,-0.41900446447011275,-0.28801936792802607
ghcn_temperate,Rainfall,14,0.8745491430022637,0.6887564107559105,5.208005906578414,0.9092846270928463,9855,AutoTheta,32,-0.4161006165010188,-0.2602248390623143
ghcn_temperate,Rainfall,30,0.876827616460286,0.6859604684563223,5.102821418350228,0.9248097412480974,9855,AutoTheta,32,-0.4839971864730237,-0.3016775731254835
ghcn_temperate,Rainfall,1,0.7910307967597177,0.6692703512128098,4.705614368783281,0.8741755454084221,9855,AutoTheta_gapmatched,32,-0.3969946888749052,-0.3342675154311885
ghcn_temperate,Rainfall,3,0.8747830221673871,0.6927500435684028,5.364808558396202,0.8773211567732115,9855,AutoTheta_gapmatched,32,-0.3974044769300864,-0.24752520484970808
ghcn_temperate,Rainfall,7,0.8924804241606061,0.7260064614709986,5.4314215046301015,0.8687975646879756,9855,AutoTheta_gapmatched,32,-0.4429612222433297,-0.3246547771931605
ghcn_temperate,Rainfall,14,0.8960830632970656,0.7102109017148562,5.41230011769605,0.8807711821410451,9855,AutoTheta_gapmatched,32,-0.4509690947896925,-0.29948034651556266
ghcn_temperate,Rainfall,30,0.8975989389613392,0.7188620993187218,5.317321932823218,0.9060375443937088,9855,AutoTheta_gapmatched,32,-0.5191518549303475,-0.36411165931884226
ghcn_temperate,Rainfall,1,0.6713185156697287,0.5976126266909677,4.414789395487368,0.4526636225266362,9855,DLinear,32,-0.18557760933657952,-0.19140958980225364
ghcn_temperate,Rainfall,3,0.7446686277944758,0.6654062299569443,5.006070799220244,0.4080162354134957,9855,DLinear,32,-0.18955586464304797,-0.1982836393042291
ghcn_temperate,Rainfall,7,0.7478968951945295,0.6615059530635646,5.002497319196062,0.42820903094875695,9855,DLinear,32,-0.20919875527453025,-0.2069686254471017
ghcn_temperate,Rainfall,14,0.7337412547850023,0.6541546984099939,4.979208712700691,0.42293252156265854,9855,DLinear,32,-0.18809954999931122,-0.19691372254645367
ghcn_temperate,Rainfall,30,0.7281517710453248,0.6457832038594156,4.776968213591565,0.426078132927448,9855,DLinear,32,-0.23236900762643087,-0.22543725508935464
ghcn_temperate,Rainfall,1,0.6699232038423976,0.6006910335477039,4.409671250860131,0.41339421613394217,9855,DLinear_gapmatched,32,-0.1831134281440261,-0.19754674836721997
ghcn_temperate,Rainfall,3,0.743844809521218,0.6703231613014053,5.006691802925688,0.36245560629122275,9855,DLinear_gapmatched,32,-0.18823987277528742,-0.2071381977985658
ghcn_temperate,Rainfall,7,0.7459128768423716,0.6650423417557766,4.998166158720571,0.38711314053779805,9855,DLinear_gapmatched,32,-0.2059909969093252,-0.2134210393356215
ghcn_temperate,Rainfall,14,0.7317339883141973,0.6582074521029304,4.980748047103869,0.3797057331303907,9855,DLinear_gapmatched,32,-0.18484931379528202,-0.20432908854621967
ghcn_temperate,Rainfall,30,0.7263019560809422,0.6505476298396977,4.775636481713367,0.3800101471334348,9855,DLinear_gapmatched,32,-0.2292382665878201,-0.23447822280183228
ghcn_temperate,Rainfall,1,0.5614309569255463,0.49352316342671804,4.612934046000815,0.8062912227295789,9855,NHITS,32,0.008488584505532693,0.016104741708892756
ghcn_temperate,Rainfall,3,0.6351828763328947,0.564443445360747,5.251512494695469,0.7780821917808219,9855,NHITS,32,-0.014660061483309672,-0.01646680694897973
ghcn_temperate,Rainfall,7,0.6329817156540678,0.5624025929873367,5.26346668043075,0.7836631151699645,9855,NHITS,32,-0.02340403817474468,-0.02614690232513306
ghcn_temperate,Rainfall,14,0.6358975514152871,0.5619908297092011,5.217475009375638,0.7993911719939117,9855,NHITS,32,-0.029667597065320628,-0.028280523948207348
ghcn_temperate,Rainfall,30,0.6166040955617154,0.5464819907535677,4.986037645164468,0.7954337899543379,9855,NHITS,32,-0.04357883557009723,-0.037003419572684715
ghcn_temperate,Rainfall,1,0.5630921202644772,0.49616971523345393,4.603811377800831,0.7882293252156266,9855,NHITS_gapmatched,32,0.005554898015264542,0.01082853591666788
ghcn_temperate,Rainfall,3,0.6384361479484332,0.5683260554864125,5.2409900285502165,0.7606291222729579,9855,NHITS_gapmatched,32,-0.019856934542139104,-0.02345872854803499
ghcn_temperate,Rainfall,7,0.6349330194753597,0.5656503087044212,5.248621864700819,0.7682394723490614,9855,NHITS_gapmatched,32,-0.026558903727776473,-0.03207261010862106
ghcn_temperate,Rainfall,14,0.6378138532326383,0.5653434675865869,5.1992122744684135,0.7765601217656012,9855,NHITS_gapmatched,32,-0.03277054011508129,-0.03441488068664511
ghcn_temperate,Rainfall,30,0.6186954879285118,0.5508116598637606,4.968146776151175,0.7671232876712328,9855,NHITS_gapmatched,32,-0.04711843711762409,-0.04521939328976354
ghcn_temperate,Rainfall,1,0.5714858192837369,0.5063569752202948,4.534121290085885,0.8570268899036022,9855,PatchTST,32,-0.009268738432207657,-0.00948093998804267
ghcn_temperate,Rainfall,3,0.645242229639866,0.5795323803521908,5.187020244617793,0.8374429223744292,9855,PatchTST,32,-0.030729172325624887,-0.043639416883729076
ghcn_temperate,Rainfall,7,0.6550249756226396,0.5862285612595175,5.161435730048273,0.8027397260273973,9855,PatchTST,32,-0.059043553042976704,-0.06961921885114464
ghcn_temperate,Rainfall,14,0.6482471013636982,0.5755314313612656,5.154660417622591,0.8147133434804668,9855,PatchTST,32,-0.049664421069308906,-0.05305590501370183
ghcn_temperate,Rainfall,30,0.6305831579678479,0.5612801552004316,4.947485456676776,0.8116692034500254,9855,PatchTST,32,-0.0672378637425648,-0.06508439459921012
ghcn_temperate,Rainfall,1,0.5782835413333424,0.5121915604954529,4.518902127751359,0.8037544393708778,9855,PatchTST_gapmatched,32,-0.021273810344257793,-0.021112857619757897
ghcn_temperate,Rainfall,3,0.6548650522207652,0.5881447724916962,5.165808717380712,0.7820395738203957,9855,PatchTST_gapmatched,32,-0.04610095597311248,-0.059148872809186015
ghcn_temperate,Rainfall,7,0.6656165134237966,0.5950138304696933,5.145107229577201,0.7403348554033485,9855,PatchTST_gapmatched,32,-0.07616793797877852,-0.08564862002838503
ghcn_temperate,Rainfall,14,0.6597057664454551,0.5867123771750974,5.132762460973081,0.7226788432267884,9855,PatchTST_gapmatched,32,-0.06821869308065609,-0.07351379900751054
ghcn_temperate,Rainfall,30,0.6462583632367872,0.5751335776120123,4.915656308090134,0.7284627092846271,9855,PatchTST_gapmatched,32,-0.09376754880244076,-0.09137262853311179
ghcn_temperate,Rainfall,1,0.5605682491453364,0.4896424133733792,4.71715661783308,0.4243531202435312,9855,chronos2,32,0.01001216385533954,0.023841463830670095
ghcn_temperate,Rainfall,3,0.6273192928834346,0.5571800552080033,5.296432119600209,0.4382546930492136,9855,chronos2,32,-0.002098538867377764,-0.0033866745515427343
ghcn_temperate,Rainfall,7,0.6240006457982782,0.5559462514357215,5.308421508979148,0.4437341451040081,9855,chronos2,32,-0.00888345577838412,-0.014366809263413938
ghcn_temperate,Rainfall,14,0.6232415907010929,0.5545461490855559,5.286471415141142,0.49426686960933536,9855,chronos2,32,-0.009174622012760647,-0.014658913616469205
ghcn_temperate,Rainfall,30,0.5946608272570031,0.5339943947689144,5.076469421502192,0.48269913749365806,9855,chronos2,32,-0.0064406936880314625,-0.01330697585187579
ghcn_temperate,Rainfall,1,0.5622666907075408,0.4916822374078609,4.73782966219617,0.47965499746321666,9855,chronos2_gapmatched,32,0.007012642406259206,0.01977483972058869
ghcn_temperate,Rainfall,3,0.6278475661560624,0.5578680067543343,5.304304599819837,0.4791476407914764,9855,chronos2_gapmatched,32,-0.002942418340922792,-0.00462555847761581
ghcn_temperate,Rainfall,7,0.6246498094629926,0.5581894033351279,5.316006186935839,0.49751395230847284,9855,chronos2_gapmatched,32,-0.009933022771355882,-0.01845961289149467
ghcn_temperate,Rainfall,14,0.6233268691044841,0.5551536861320684,5.291380330569093,0.5447995941146626,9855,chronos2_gapmatched,32,-0.009312707791681918,-0.01577053053169375
ghcn_temperate,Rainfall,30,0.5950587728071661,0.535004627030862,5.0825027785256935,0.5235920852359208,9855,chronos2_gapmatched,32,-0.007114201303126233,-0.015223991102017331
ghcn_temperate,Rainfall,1,0.5603062213292681,0.49286282961895517,4.704375843604603,0.6736681887366819,9855,chronos_bolt,32,0.010474916340937224,0.01742119319586266
ghcn_temperate,Rainfall,3,0.627804610916235,0.5577460148272093,5.277899756588435,0.6026382546930492,9855,chronos_bolt,32,-0.0028738003603248075,-0.0044058717301525
ghcn_temperate,Rainfall,7,0.6251524541865948,0.5567935643474345,5.294844720057792,0.5836631151699645,9855,chronos_bolt,32,-0.010745698125445902,-0.015912797013996505
ghcn_temperate,Rainfall,14,0.623877185613612,0.5546638825290741,5.27335832030313,0.6201927955352613,9855,chronos_bolt,32,-0.010203799566320892,-0.014874331734678892
ghcn_temperate,Rainfall,30,0.5966029761197842,0.535710404397291,5.070878540396229,0.6264840182648402,9855,chronos_bolt,32,-0.009727706316253748,-0.01656327319150508
ghcn_temperate,Rainfall,1,0.5606414918926289,0.49423930343633227,4.706101560612617,0.641298833079655,9855,chronos_bolt_gapmatched,32,0.009882813987565298,0.014677034132130506
ghcn_temperate,Rainfall,3,0.6284291448745021,0.5594670066939804,5.2823576620442205,0.6054794520547945,9855,chronos_bolt_gapmatched,32,-0.003871449522645065,-0.00750508587105525
ghcn_temperate,Rainfall,7,0.625727640632624,0.5595656647580246,5.29820254324846,0.5784880771182142,9855,chronos_bolt_gapmatched,32,-0.011675658844708448,-0.020970707992236548
ghcn_temperate,Rainfall,14,0.624630511594988,0.557267165347308,5.2779959497134215,0.6110603754439371,9855,chronos_bolt_gapmatched,32,-0.011423611391863986,-0.01963758565059104
ghcn_temperate,Rainfall,30,0.5974920576528755,0.5373249337629897,5.073743436522086,0.6383561643835617,9855,chronos_bolt_gapmatched,32,-0.011232442787692642,-0.019627001734364047
ghcn_temperate,Rainfall,1,0.5662375118954737,0.5016013231773278,4.491288390188868,0.9145611364789447,9855,climatology,32,0.0,0.0
ghcn_temperate,Rainfall,3,0.6260055958094325,0.5552994367371197,4.971903843206595,0.899949264332826,9855,climatology,32,0.0,0.0
ghcn_temperate,Rainfall,7,0.6185061735568285,0.5480722026378445,4.952964694114377,0.9024860476915272,9855,climatology,32,0.0,0.0
ghcn_temperate,Rainfall,14,0.6175755682976461,0.5465345463817299,4.930801692082446,0.9029934043632674,9855,climatology,32,0.0,0.0
ghcn_temperate,Rainfall,30,0.5908553091965212,0.5269818598850475,4.7499978118197355,0.9097919837645865,9855,climatology,32,0.0,0.0
ghcn_temperate,Rainfall,1,0.784504142007227,0.6750933387186475,4.403292659867091,0.4789446981227803,9855,lightgbm,32,-0.3854683335639637,-0.3458763115742147
ghcn_temperate,Rainfall,3,0.8518325187304459,0.734604909396511,4.95713081746674,0.37270421106037543,9855,lightgbm,32,-0.3607426585844118,-0.32289871157257277
ghcn_temperate,Rainfall,7,0.8440012824180031,0.7300650744959258,4.947858378313249,0.36722475900558094,9855,lightgbm,32,-0.36458020712133776,-0.33206002964966763
ghcn_temperate,Rainfall,14,0.8420454945436757,0.7250622499618857,4.926288228170195,0.39989852866565195,9855,lightgbm,32,-0.3634695699908974,-0.32665401439319486
ghcn_temperate,Rainfall,30,0.8339875157524758,0.7200795964861755,4.74779240164648,0.3965499746321664,9855,lightgbm,32,-0.4114919554274288,-0.3664219801479487
ghcn_temperate,Rainfall,1,0.5585882844071904,0.4888689870922185,4.675989916815825,0.7078640284119736,9855,moirai2,32,0.013508867440939265,0.025383378186600414
ghcn_temperate,Rainfall,3,0.6278210788678058,0.5581242391673886,5.310409968693002,0.5525114155251142,9855,moirai2,32,-0.0029001067570744166,-0.005086989547238074
ghcn_temperate,Rainfall,7,0.6243502960118632,0.5573807319922598,5.311231879193228,0.5177067478437342,9855,moirai2,32,-0.009448769801968293,-0.016984129663233816
ghcn_temperate,Rainfall,14,0.6237844935394325,0.55713727132201,5.291958006268359,0.4622019279553526,9855,moirai2,32,-0.010053709311884429,-0.01939991718817069
ghcn_temperate,Rainfall,30,0.5958122246821612,0.5366329732235642,5.084878014803392,0.465246067985794,9855,moirai2,32,-0.008389389768504785,-0.01831393843541762
ghcn_temperate,Rainfall,1,0.5634784658280283,0.4933434355666646,4.666050531647441,0.7454084221207509,9855,moirai2_gapmatched,32,0.004872594996769952,0.016463049894594906
ghcn_temperate,Rainfall,3,0.6288734239966892,0.560473795979705,5.286137041172061,0.5816336884830036,9855,moirai2_gapmatched,32,-0.004581154236406704,-0.009318142429586063
ghcn_temperate,Rainfall,7,0.6270891017832263,0.5628782437223836,5.297658754039346,0.5424657534246575,9855,moirai2_gapmatched,32,-0.01387686751296302,-0.027014763772507333
ghcn_temperate,Rainfall,14,0.6268736257280587,0.5623109538852171,5.282542965814745,0.44941653982749874,9855,moirai2_gapmatched,32,-0.015055740394722461,-0.02886625851546465
ghcn_temperate,Rainfall,30,0.5985249711414387,0.5411073897180199,5.07482067549115,0.4767123287671233,9855,moirai2_gapmatched,32,-0.012980609339614979,-0.02680458457536572
ghcn_temperate,Rainfall,1,0.819538703022613,0.7457513949115799,5.9553198572138015,0.7970573313039067,9855,naive,32,-0.4473408875353675,-0.4867412832719731
ghcn_temperate,Rainfall,3,0.9716081140413776,0.8714129345691195,6.835525133880403,0.7950279046169457,9855,naive,32,-0.5520757650497949,-0.56926673596042
ghcn_temperate,Rainfall,7,1.0058127681612328,0.8974554909896164,6.982793231875576,0.791476407914764,9855,naive,32,-0.6261968128420281,-0.6374767533733829
ghcn_temperate,Rainfall,14,1.0122823579607598,0.8994435135193287,6.9625047832240705,0.797666159309995,9855,naive,32,-0.639123064325759,-0.6457212439250046
ghcn_temperate,Rainfall,30,1.0129341241013519,0.9000573811588798,6.932693741720391,0.7964485032978184,9855,naive,32,-0.714352242139954,-0.7079475588689383
ghcn_temperate,Rainfall,1,0.9591786201608123,0.8522356464679358,6.637226888084782,0.8088280060882801,9855,seasonal_naive,32,-0.6939510364651977,-0.699029901016929
ghcn_temperate,Rainfall,3,1.002103767397547,0.8921151154835815,7.004464295767728,0.7997970573313039,9855,seasonal_naive,32,-0.6007904307976917,-0.6065478487166398
ghcn_temperate,Rainfall,7,1.0033090224110341,0.8930498479161987,6.749797085671668,0.7996955859969559,9855,seasonal_naive,32,-0.6221487598762827,-0.6294383178311065
ghcn_temperate,Rainfall,14,1.002542894846271,0.8918734820830168,6.728398802545442,0.7994926433282598,9855,seasonal_naive,32,-0.6233525843805503,-0.631870277894717
ghcn_temperate,Rainfall,30,0.9687007271102087,0.863311395551809,6.721200850985502,0.8071029934043633,9855,seasonal_naive,32,-0.6394889104533956,-0.6382184307826577
ghcn_temperate,Rainfall,1,0.636284556459069,0.575751402999096,4.375873842335476,0.16996448503297817,9855,sundial,32,-0.12370611817841892,-0.14782672292822974
ghcn_temperate,Rainfall,3,0.7155511737689063,0.6522655268340447,4.968828694242313,0.16235413495687467,9855,sundial,32,-0.14304277559003342,-0.17461946416997542
ghcn_temperate,Rainfall,7,0.7144359353644019,0.6525895044706167,4.972953901053837,0.16154236428209032,9855,sundial,32,-0.15509911769499807,-0.19069987736968885
ghcn_temperate,Rainfall,14,0.7191730722856123,0.6501917246027701,4.94931136052782,0.17534246575342466,9855,sundial,32,-0.16451023842802082,-0.18966262774657294
ghcn_temperate,Rainfall,30,0.708669992207563,0.6358355640431393,4.766893649319239,0.17706747843734144,9855,sundial,32,-0.19939684247104927,-0.20656062844712797
ghcn_temperate,Rainfall,1,0.6410718485651683,0.5806869718325868,4.430789707405087,0.16884830035514967,9855,sundial_gapmatched,32,-0.13216068363112776,-0.15766634775662336
ghcn_temperate,Rainfall,3,0.7162652978190505,0.6534498387527321,5.006585224562293,0.16316590563165906,9855,sundial_gapmatched,32,-0.14418353863580258,-0.17675220884849763
ghcn_temperate,Rainfall,7,0.718371130830652,0.6558013581833857,5.003169359731012,0.16397767630644344,9855,sundial_gapmatched,32,-0.1614615367531944,-0.19656015216069345
ghcn_temperate,Rainfall,14,0.7229101035222281,0.6542374015301406,4.976965629473231,0.17382039573820396,9855,sundial_gapmatched,32,-0.17056137035170882,-0.19706504531405256
ghcn_temperate,Rainfall,30,0.711615460744447,0.6406660335946871,4.801494283293194,0.17595129375951293,9855,sundial_gapmatched,32,-0.2043819352527143,-0.21572692034302254
ghcn_temperate,Rainfall,1,0.5622405612055987,0.49762580208158874,4.429954762429672,0.8386605783866058,9855,timesfm25,32,0.007058788239753255,0.007925659108226846
ghcn_temperate,Rainfall,3,0.6291643353436215,0.5622244982265721,5.021452304995405,0.832470826991375,9855,timesfm25,32,-0.0050458646940763074,-0.012470859920448163
ghcn_temperate,Rainfall,7,0.6250302736915546,0.5581557495671351,5.0146947011499545,0.8492135971588026,9855,timesfm25,32,-0.010548156855425095,-0.01839820899647715
ghcn_temperate,Rainfall,14,0.6243987258488848,0.5558977969666662,4.974859804136249,0.7923896499238965,9855,timesfm25,32,-0.011048295790014429,-0.017132037941470557
ghcn_temperate,Rainfall,30,0.5960103943791127,0.5330416538163938,4.778627063448131,0.8750887874175546,9855,timesfm25,32,-0.008724784397049268,-0.011499056025700893
ghcn_temperate,Rainfall,1,0.5769466888400925,0.507450566427253,4.442408840069694,0.8019279553526129,9855,timesfm25_gapmatched,32,-0.018912870870688048,-0.011661139992362735
ghcn_temperate,Rainfall,3,0.6380849327055995,0.56829648264934,5.055887810220438,0.8046676813800101,9855,timesfm25_gapmatched,32,-0.019295892843494977,-0.02340547288970707
ghcn_temperate,Rainfall,7,0.6303197673154451,0.5628266650999973,5.034201236771434,0.8339928970065956,9855,timesfm25_gapmatched,32,-0.019100203463904952,-0.02692065459831805
ghcn_temperate,Rainfall,14,0.6303707982000557,0.5611884012691718,5.000139663284586,0.7893455098934551,9855,timesfm25_gapmatched,32,-0.020718484602102683,-0.026812312203237765
ghcn_temperate,Rainfall,30,0.6000955768711053,0.5372087525262396,4.803210896253054,0.867376966007103,9855,timesfm25_gapmatched,32,-0.015638799433230988,-0.019406536390878637
ghcn_temperate,Rainfall,1,0.5583224250839055,0.48612056047641083,4.647892876698633,0.6730593607305936,9855,tirex,32,0.013978386534428844,0.030862683142173664
ghcn_temperate,Rainfall,3,0.6260974449805586,0.5554466091060298,5.314270474041841,0.8175545408422121,9855,tirex,32,-0.0001467226039846281,-0.00026503244767339673
ghcn_temperate,Rainfall,7,0.6231763369763995,0.5541406326006133,5.3202346286940125,0.8093353627600203,9855,tirex,32,-0.007550714316583829,-0.01107231845286405
ghcn_temperate,Rainfall,14,0.6224394413456746,0.5520329238251913,5.301813113943755,0.7419583967529173,9855,tirex,32,-0.007875753669200014,-0.01006043896010378
ghcn_temperate,Rainfall,30,0.5936221855462845,0.5317427168267894,5.083128233534032,0.8073059360730593,9855,tirex,32,-0.00468283233931821,-0.009034195110208199
ghcn_temperate,Rainfall,1,0.5769451483914296,0.5020656934033001,4.649418238110005,0.6967021816336885,9855,tirex_gapmatched,32,-0.018910150371550305,-0.0009257755203491147
ghcn_temperate,Rainfall,3,0.6376118641358935,0.5669389392129014,5.316911213412425,0.7844748858447489,9855,tirex_gapmatched,32,-0.01854019900805204,-0.02096076766109145
ghcn_temperate,Rainfall,7,0.6324725325528427,0.5651869114628866,5.323489336359539,0.7928970065956368,9855,tirex_gapmatched,32,-0.022580791579974502,-0.031227106105125912
ghcn_temperate,Rainfall,14,0.6327994593901806,0.5644915687482631,5.31770661721348,0.7591070522577372,9855,tirex_gapmatched,32,-0.02465105790130151,-0.032856152434307395
ghcn_temperate,Rainfall,30,0.6020494295704539,0.544165241217573,5.090859564268222,0.8049720953830543,9855,tirex_gapmatched,32,-0.018945620356962012,-0.03260715907047307
ghcn_temperate,Rainfall,1,0.5570892674377158,0.48644029575146314,4.62076552242467,0.8712328767123287,9855,toto2,32,0.016156196411527435,0.030225254052021033
ghcn_temperate,Rainfall,3,0.623956574009027,0.5543607735886336,5.283308174354023,0.8746829020801623,9855,toto2,32,0.0032731685053966064,0.0016903729526570599
ghcn_temperate,Rainfall,7,0.6228600308859668,0.5562824408287206,5.309399032700753,0.8615930999492644,9855,toto2,32,-0.0070393110291862016,-0.01498021273722805
ghcn_temperate,Rainfall,14,0.6218655219500074,0.5549685656799792,5.2881711873784285,0.8531709791983765,9855,toto2,32,-0.0069464432736330295,-0.015431813696107133
ghcn_temperate,Rainfall,30,0.594591738630711,0.5344759306936564,5.078044342366959,0.8656519533231862,9855,toto2,32,-0.006323763831911577,-0.014220737712382636
ghcn_temperate,Rainfall,1,0.5609404055593487,0.48997148706881727,4.635183868710272,0.8687975646879756,9855,toto2_gapmatched,32,0.009354919490220603,0.02318541752410619
ghcn_temperate,Rainfall,3,0.6261847993339211,0.5578172808418643,5.268733181590181,0.8604769152714358,9855,toto2_gapmatched,32,-0.00028626505208295683,-0.004534209722126148
ghcn_temperate,Rainfall,7,0.6264572065395861,0.5600358798731505,5.2919898550960855,0.8544901065449011,9855,toto2_gapmatched,32,-0.012855220081367857,-0.0218286517318802
ghcn_temperate,Rainfall,14,0.6265444604579107,0.5590121194740261,5.270538346980701,0.8560121765601217,9855,toto2_gapmatched,32,-0.01452274445536661,-0.022830346544244096
ghcn_temperate,Rainfall,30,0.5992726768691535,0.5391606223385425,5.0597327359458655,0.8680872653475393,9855,toto2_gapmatched,32,-0.014246072670615062,-0.023110401667623792
ghcn_temperate,Rainfall,1,0.7583500108423479,0.7583500108423479,4.451142019033316,0.0007102993404363268,9855,ttm_r2,32,-0.3392790037943261,-0.5118580749322574
ghcn_temperate,Rainfall,3,0.8409421973015938,0.8409421973015938,5.007035091589473,0.0005073566717402334,9855,ttm_r2,32,-0.34334613449300844,-0.5143941118378952
ghcn_temperate,Rainfall,7,0.8415408784227042,0.8415408784227042,5.015087940185529,0.0,9855,ttm_r2,32,-0.36060222905015715,-0.5354562307163353
ghcn_temperate,Rainfall,14,0.8380169598372282,0.8380169598372282,4.967767311562384,0.00010147133434804668,9855,ttm_r2,32,-0.3569464254345929,-0.5333284334635835
ghcn_temperate,Rainfall,30,0.8325514747271412,0.8325514747271412,4.79323493993166,0.0,9855,ttm_r2,32,-0.4090615109463809,-0.5798484503977968
ghcn_temperate,Rainfall,1,0.7408856998054606,0.7408856998054606,4.51301056208693,0.0036529680365296802,9855,ttm_r2_gapmatched,32,-0.3084362731910044,-0.47704095976545147
ghcn_temperate,Rainfall,3,0.817250832685039,0.817250832685039,5.051755990873792,0.0014205986808726535,9855,ttm_r2_gapmatched,32,-0.3055008424139152,-0.471729986774555
ghcn_temperate,Rainfall,7,0.8161799988807376,0.8161799988807376,5.051427720789576,0.0007102993404363268,9855,ttm_r2_gapmatched,32,-0.3195987910470659,-0.4891833502091576
ghcn_temperate,Rainfall,14,0.810214265744549,0.810214265744549,5.000671554428433,0.0006088280060882801,9855,ttm_r2_gapmatched,32,-0.31192732895492226,-0.48245755205865914
ghcn_temperate,Rainfall,30,0.8006419102762534,0.8006419102762534,4.820660185639715,0.00010147133434804668,9855,ttm_r2_gapmatched,32,-0.3550557942265291,-0.5192969079635879
ghcn_temperate,Tavg,1,0.39834972527406726,0.31441207419302936,2.034784965753559,0.8320173401455334,12918,AutoARIMA,32,0.443332369227439,0.43367818799205615
ghcn_temperate,Tavg,3,0.6263011320804144,0.48974318675612466,3.1457959962184465,0.8027558445579811,12918,AutoARIMA,32,0.13762326803232217,0.13061945125953867
ghcn_temperate,Tavg,7,0.6804598200708001,0.5302880151476101,3.409034040402156,0.8052330082056046,12918,AutoARIMA,32,0.061712671127122865,0.05721763772540056
ghcn_temperate,Tavg,14,0.6940026789881394,0.5412023424033333,3.4665892459335343,0.8048459513856634,12918,AutoARIMA,32,0.04344690176128785,0.03785619411039309
ghcn_temperate,Tavg,30,0.6876727285076613,0.5415768980459721,3.456474224287462,0.8173091809877691,12918,AutoARIMA,32,0.054814427617821515,0.03703896953782182
ghcn_temperate,Tavg,1,0.4034111287892299,0.3203134149378454,2.0715785220377416,0.7511224647778294,12918,AutoARIMA_gapmatched,32,0.4362593895706034,0.42304864078888893
ghcn_temperate,Tavg,3,0.635314624380556,0.5009504397783057,3.2020565528853058,0.735407957888218,12918,AutoARIMA_gapmatched,32,0.12521226374818184,0.11072460015025976
ghcn_temperate,Tavg,7,0.6917514439138446,0.5423013955328546,3.4767124898780737,0.744697321566806,12918,AutoARIMA_gapmatched,32,0.04614262972008554,0.03585942706444223
ghcn_temperate,Tavg,14,0.7052472942786588,0.5525447440179678,3.538832442071181,0.7553800897971822,12918,AutoARIMA_gapmatched,32,0.027948299349073613,0.01769179236562024
ghcn_temperate,Tavg,30,0.705038136290986,0.5539248198367003,3.5464591465804562,0.7765133921659699,12918,AutoARIMA_gapmatched,32,0.03094619464172077,0.015083514025284961
ghcn_temperate,Tavg,1,0.43085638570860846,0.34259563088449557,2.230822217551437,0.827914537854157,12918,AutoETS,32,0.39790644195718805,0.3829137161272107
ghcn_temperate,Tavg,3,0.7322056522087802,0.5784812568880313,3.7208379745631754,0.8197089332714043,12918,AutoETS,32,-0.00820050473578915,-0.02690627690105174
ghcn_temperate,Tavg,7,0.8603732905131964,0.6931764513952975,4.324758609018558,0.9179439541724725,12918,AutoETS,32,-0.18637035248488276,-0.23237658338869172
ghcn_temperate,Tavg,14,0.908271263968872,0.79145997574972,4.547602089136044,0.9727511998761418,12918,AutoETS,32,-0.25188233114221714,-0.4070491821885387
ghcn_temperate,Tavg,30,0.9432545338751996,0.9747244519592378,4.746102866705284,0.9979098931723177,12918,AutoETS,32,-0.2964751102427685,-0.7331272180588362
ghcn_temperate,Tavg,1,0.43345143071734243,0.3461281621198354,2.250025317570015,0.7457036692986531,12918,AutoETS_gapmatched,32,0.39428003665273803,0.3765508895872093
ghcn_temperate,Tavg,3,0.7341331451267163,0.5832537347357046,3.728896414120219,0.7395881715435826,12918,AutoETS_gapmatched,32,-0.010854539605467783,-0.03537826696087065
ghcn_temperate,Tavg,7,0.8614363905937555,0.6846071465252639,4.329218551118636,0.8432419879238272,12918,AutoETS_gapmatched,32,-0.18783626319039448,-0.21714148612523076
ghcn_temperate,Tavg,14,0.9096619036596172,0.7578038465931789,4.554176435435097,0.9279300201269547,12918,AutoETS_gapmatched,32,-0.2537990682744937,-0.34721567139036513
ghcn_temperate,Tavg,30,0.9436262337772179,0.8955571856942678,4.747410624850796,0.9813438612788358,12918,AutoETS_gapmatched,32,-0.29698600062721914,-0.5923623653177987
ghcn_temperate,Tavg,1,0.4312735551765108,0.3455428489638186,2.232785138543829,0.8420034061000155,12918,AutoTheta,32,0.3973234749696546,0.3776051608265002
ghcn_temperate,Tavg,3,0.7316736048570754,0.5834578357578846,3.7181616498232195,0.8385973060845332,12918,AutoTheta,32,-0.007467909450688648,-0.03574058227930643
ghcn_temperate,Tavg,7,0.8598942401288028,0.6981661955409646,4.32188993275826,0.9215048769159313,12918,AutoTheta,32,-0.18570978900661372,-0.24124769236800447
ghcn_temperate,Tavg,14,0.908183735526722,0.8048030411403498,4.546840799318424,0.9708933271404242,12918,AutoTheta,32,-0.2517616895293566,-0.43077034285492566
ghcn_temperate,Tavg,30,0.9439086557028905,1.001581169593023,4.749250423996743,0.9965164886205294,12918,AutoTheta,32,-0.29737418110668856,-0.7808803119976147
ghcn_temperate,Tavg,1,0.43382659895426906,0.3468520182301986,2.2519343987120473,0.7673788512153584,12918,AutoTheta_gapmatched,32,0.39375576363247333,0.37524707355181663
ghcn_temperate,Tavg,3,0.733650027393138,0.5848394771363734,3.7265727736673706,0.7596377148165351,12918,AutoTheta_gapmatched,32,-0.010189317285247856,-0.038193239452036565
ghcn_temperate,Tavg,7,0.8610670727970362,0.6874721308455815,4.32648606524185,0.8478866697631212,12918,AutoTheta_gapmatched,32,-0.18732701018416553,-0.22223505152409584
ghcn_temperate,Tavg,14,0.9099150863989742,0.7681564942314293,4.554520787114788,0.9246013314754606,12918,AutoTheta_gapmatched,32,-0.2541480334025614,-0.3656204989738294
ghcn_temperate,Tavg,30,0.9450558586578468,0.9159666778546962,4.754360987553911,0.9772410589874594,12918,AutoTheta_gapmatched,32,-0.2989509772142964,-0.628651848257205
ghcn_temperate,Tavg,1,0.44885371477366126,0.3843900859553008,2.261853177906779,0.3820250812819322,12918,DLinear,32,0.3727563542447282,0.30763317358337805
ghcn_temperate,Tavg,3,0.6287924030944927,0.5563434686430728,3.146071522568074,0.29385353769933426,12918,DLinear,32,0.13419294666529835,0.012392202409669317
ghcn_temperate,Tavg,7,0.6766707725888802,0.600721921226139,3.3794175744304704,0.2765908035299582,12918,DLinear,32,0.0669373958440257,-0.06800458578357049
ghcn_temperate,Tavg,14,0.6934180493192132,0.6162804770751206,3.4556717156448675,0.2750425762501935,12918,DLinear,32,0.04425270458894981,-0.09561692042090297
ghcn_temperate,Tavg,30,0.6932825021777138,0.6120552638639917,3.4527486255016284,0.2870413376683697,12918,DLinear,32,0.04710396169783404,-0.08827641968627598
ghcn_temperate,Tavg,1,0.45121922312120133,0.38668799698424894,2.2762034639680695,0.3810961449140734,12918,DLinear_gapmatched,32,0.36945071137904806,0.30349415589111217
ghcn_temperate,Tavg,3,0.6304713546682879,0.5584073826567306,3.1550560505397818,0.2895185013159932,12918,DLinear_gapmatched,32,0.13188113738190788,0.008728390954461762
ghcn_temperate,Tavg,7,0.6789728097534816,0.6038155997048008,3.3893805671931414,0.2724880012385818,12918,DLinear_gapmatched,32,0.06376311245736632,-0.07350473932450807
ghcn_temperate,Tavg,14,0.6973155466858022,0.6199968568791016,3.4734964838067612,0.2703204830469113,12918,DLinear_gapmatched,32,0.03888073226915478,-0.102223861168526
ghcn_temperate,Tavg,30,0.6980910000922289,0.6171596232834317,3.4743979636401763,0.28131289673324045,12918,DLinear_gapmatched,32,0.040494825308940774,-0.09735232234041025
ghcn_temperate,Tavg,1,0.40928970265714887,0.3232636517455872,2.092636716706679,0.7872735717603344,12918,NHITS,32,0.4280444679081761,0.41773464812782113
ghcn_temperate,Tavg,3,0.6319927429035227,0.4936219446800478,3.1769448406735057,0.7611859420962998,12918,NHITS,32,0.12978628277099935,0.12373397171939982
ghcn_temperate,Tavg,7,0.715562925937811,0.5560716711612205,3.5728818593502587,0.7433039170150179,12918,NHITS,32,0.013308932261729578,0.011377687678970072
ghcn_temperate,Tavg,14,0.7339966495363576,0.5714895116382951,3.6741062387012304,0.7154358259792537,12918,NHITS,32,-0.011677318356340338,-0.015988015336194206
ghcn_temperate,Tavg,30,0.7276881280728543,0.5632977300915613,3.653572892182299,0.7365691283480414,12918,NHITS,32,-0.00018554078896282356,-0.001582166047139788
ghcn_temperate,Tavg,1,0.411551035416055,0.3260004978262326,2.1101387463686767,0.7870413376683697,12918,NHITS_gapmatched,32,0.42488440359930124,0.41280501673387415
ghcn_temperate,Tavg,3,0.633358020375812,0.49577658168305794,3.1903249821240465,0.7583217216287351,12918,NHITS_gapmatched,32,0.12790638272855337,0.11990911095426937
ghcn_temperate,Tavg,7,0.7133310437951251,0.555303043633404,3.565130706007767,0.7486453011302059,12918,NHITS_gapmatched,32,0.01638647875639543,0.012744206355018939
ghcn_temperate,Tavg,14,0.7354356292578917,0.5721443572322373,3.6810292527750645,0.7216287350983124,12918,NHITS_gapmatched,32,-0.01366068319427316,-0.017152192913896025
ghcn_temperate,Tavg,30,0.7356616092740431,0.5703382574195149,3.676296592958598,0.7327759715126181,12918,NHITS_gapmatched,32,-0.011144851927241017,-0.014100708612720059
ghcn_temperate,Tavg,1,0.4110486818484561,0.32474835385502787,2.1163421677007017,0.8138256696082985,12918,PatchTST,32,0.4255864097826695,0.4150603895419557
ghcn_temperate,Tavg,3,0.6232397763483043,0.4862967474684927,3.129770450696333,0.8114259173246633,12918,PatchTST,32,0.14183855971298398,0.13673748895788485
ghcn_temperate,Tavg,7,0.6779362178273446,0.5278799283011578,3.38789971741245,0.8094132218609692,12918,PatchTST,32,0.06519247101876535,0.06149889949411835
ghcn_temperate,Tavg,14,0.6932854332174728,0.5363959945189114,3.464029170451243,0.8074005263972751,12918,PatchTST,32,0.044435491121101345,0.046400868594637656
ghcn_temperate,Tavg,30,0.6821226587195766,0.5303830572138438,3.41057914699321,0.8327914537854157,12918,PatchTST,32,0.0624428323399282,0.05694238960878062
ghcn_temperate,Tavg,1,0.41233084451883134,0.32670211965231116,2.1240045405243664,0.7730298807864995,12918,PatchTST_gapmatched,32,0.4237946714916696,0.41154124928820923
ghcn_temperate,Tavg,3,0.6244757838784236,0.48885282921452244,3.135591306251675,0.7701656603189349,12918,PatchTST_gapmatched,32,0.1401366561399039,0.1321999929577713
ghcn_temperate,Tavg,7,0.676422221777346,0.5278490995051146,3.3770941529688288,0.7736491716984053,12918,PatchTST_gapmatched,32,0.06728012302668185,0.061553709039741666
ghcn_temperate,Tavg,14,0.6909183342825082,0.5360393791533963,3.4474045191188614,0.7667595603034525,12918,PatchTST_gapmatched,32,0.0476980949821979,0.04703485562339238
ghcn_temperate,Tavg,30,0.6854824267709453,0.5337365357369616,3.422722719368872,0.7921504876915931,12918,PatchTST_gapmatched,32,0.057824931764467236,0.05097967379518975
ghcn_temperate,Tavg,1,0.4035366911278706,0.3151824524141144,2.0573436463754753,0.8409196470041802,12918,chronos2,32,0.4360839244324832,0.43229057591889997
ghcn_temperate,Tavg,3,0.6196246823267709,0.4809241294354106,3.11969713695321,0.7858027558445579,12918,chronos2,32,0.14681631371718007,0.14627483371343275
ghcn_temperate,Tavg,7,0.6708937567347495,0.5199357063598208,3.369756982290071,0.7894410899520049,12918,chronos2,32,0.0749033338975974,0.07562268150379214
ghcn_temperate,Tavg,14,0.6844404399337649,0.5290549883437714,3.4226537023404644,0.7920730763276049,12918,chronos2,32,0.05662666269088146,0.05945163180649471
ghcn_temperate,Tavg,30,0.676876622211481,0.5248530649341889,3.4009739563299934,0.8026010218300046,12918,chronos2,32,0.06965335242322801,0.06677509680747717
ghcn_temperate,Tavg,1,0.4106125770687363,0.3198921313211753,2.0977322728361147,0.835191206069051,12918,chronos2_gapmatched,32,0.4261958376273308,0.423807460569504
ghcn_temperate,Tavg,3,0.6222582800720573,0.48307770752336043,3.135789126545618,0.7841771172008051,12918,chronos2_gapmatched,32,0.14319001751465954,0.14245185270933025
ghcn_temperate,Tavg,7,0.6753253002866364,0.523436414553745,3.3897819895040797,0.7866542808484286,12918,chronos2_gapmatched,32,0.06879267013841883,0.06939888265028948
ghcn_temperate,Tavg,14,0.6886959260831368,0.5330682549825903,3.44156183545813,0.7892088558600403,12918,chronos2_gapmatched,32,0.05076126968313599,0.05231688878085339
ghcn_temperate,Tavg,30,0.6855967199608166,0.5323991847922461,3.4434825816370305,0.7978789286267224,12918,chronos2_gapmatched,32,0.057667839197597104,0.05335757589636725
ghcn_temperate,Tavg,1,0.4020946262567856,0.31523419378865675,2.0620152393669824,0.8318625174175569,12918,chronos_bolt,32,0.4380991155679984,0.43219737889692866
ghcn_temperate,Tavg,3,0.6223607516908816,0.4830537966048869,3.127974126775313,0.7902152035918872,12918,chronos_bolt,32,0.14304892062813857,0.14249429880758246
ghcn_temperate,Tavg,7,0.672147551757178,0.5209464140248323,3.368818387126584,0.8008979718222635,12918,chronos_bolt,32,0.07317447357719498,0.07382577617542385
ghcn_temperate,Tavg,14,0.686803838004116,0.5307660972122282,3.426472156413085,0.8046137172936987,12918,chronos_bolt,32,0.05336915978057288,0.056409640540016515
ghcn_temperate,Tavg,30,0.6811403498734793,0.5287576195219237,3.422493204088546,0.8148320173401455,12918,chronos_bolt,32,0.06379298643280529,0.05983252979092446
ghcn_temperate,Tavg,1,0.41040066966971,0.322064305036002,2.1205912598602783,0.8274500696702276,12918,chronos_bolt_gapmatched,32,0.42649196432775216,0.4198949220407786
ghcn_temperate,Tavg,3,0.6292333149864031,0.4881294846540909,3.163778110521967,0.7902152035918872,12918,chronos_bolt_gapmatched,32,0.1335858390984186,0.1334840571528073
ghcn_temperate,Tavg,7,0.6809815661487637,0.5286175137264606,3.4118620192076605,0.80236878773804,12918,chronos_bolt_gapmatched,32,0.06099323447648941,0.060187569594549184
ghcn_temperate,Tavg,14,0.6955416959448432,0.5391845056500331,3.4748647205102343,0.809335810496981,12918,chronos_bolt_gapmatched,32,0.04132565427514945,0.041443482969607426
ghcn_temperate,Tavg,30,0.6977664950403263,0.541865173936107,3.4957996560556746,0.8261340764824276,12918,chronos_bolt_gapmatched,32,0.04094084778519791,0.03652639514769673
ghcn_temperate,Tavg,1,0.7155970695138585,0.5551827027079421,3.618639919611801,0.8204830469112866,12918,climatology,32,0.0,0.0
ghcn_temperate,Tavg,3,0.7262500353544886,0.5633242973582206,3.6548411085969996,0.8075553491252516,12918,climatology,32,0.0,0.0
ghcn_temperate,Tavg,7,0.725214760054584,0.562471293871274,3.647308421402658,0.8111162718687104,12918,climatology,32,0.0,0.0
ghcn_temperate,Tavg,14,0.7255244693326454,0.5624963119758721,3.6442875310579814,0.811348505960675,12918,climatology,32,0.0,0.0
ghcn_temperate,Tavg,30,0.7275531372897491,0.5624079073958366,3.652866680680772,0.8115807400526397,12918,climatology,32,0.0,0.0
ghcn_temperate,Tavg,1,0.42587931263285467,0.3358676636127204,2.1551081127676834,0.8137482582443103,12918,lightgbm,32,0.4048615753524869,0.39503219035012693
ghcn_temperate,Tavg,3,0.6339944058452137,0.5005862103357611,3.1711275537246637,0.787815451308252,12918,lightgbm,32,0.12703012050697415,0.11137117166200283
ghcn_temperate,Tavg,7,0.6854775084913362,0.54040410231794,3.4236984999177045,0.7975692831707695,12918,lightgbm,32,0.054793771103413436,0.03923256492158744
ghcn_temperate,Tavg,14,0.7027708955779726,0.5502185344027515,3.5025256659193915,0.8015172627341693,12918,lightgbm,32,0.03136155252710093,0.021827303240429585
ghcn_temperate,Tavg,30,0.7110171143113464,0.5556250724894738,3.537495939106753,0.8154513082520514,12918,lightgbm,32,0.02272826839837716,0.012060347689224149
ghcn_temperate,Tavg,1,0.4005628017522204,0.31541368441578,2.0486958214987454,0.8536151106982505,12918,moirai2,32,0.4402397399079022,0.431874078790049
ghcn_temperate,Tavg,3,0.6220318568643435,0.4839647399580614,3.1378385711873356,0.8135160241523456,12918,moirai2,32,0.14350178783712608,0.1408772136624069
ghcn_temperate,Tavg,7,0.6791796351669601,0.5269359709543319,3.410643088378353,0.8130515559684162,12918,moirai2,32,0.06347792050476053,0.06317713153388893
ghcn_temperate,Tavg,14,0.6942733539153406,0.5375753544777319,3.471318265207581,0.8200185787273572,12918,moirai2,32,0.043073826918684444,0.04430421492116243
ghcn_temperate,Tavg,30,0.6912836185268849,0.5366230074039879,3.4685326259802545,0.8252051401145688,12918,moirai2,32,0.04985136741760732,0.04584732834081684
ghcn_temperate,Tavg,1,0.42002927886002706,0.330598526469331,2.189846560475489,0.838519894720545,12918,moirai2_gapmatched,32,0.41303661410271797,0.40452300682853803
ghcn_temperate,Tavg,3,0.6484760475656359,0.5065798105981262,3.2832957008768364,0.8107292150487692,12918,moirai2_gapmatched,32,0.1070898230674654,0.10073147390624693
ghcn_temperate,Tavg,7,0.725946044791018,0.5663299200655043,3.6573549897839897,0.8248954946586159,12918,moirai2_gapmatched,32,-0.001008369901874362,-0.006860129994675557
ghcn_temperate,Tavg,14,0.7634375854380462,0.5958211055620714,3.837816137344353,0.8434742220157919,12918,moirai2_gapmatched,32,-0.05225615083702717,-0.059244465922167144
ghcn_temperate,Tavg,30,0.8154670728262464,0.6356276389340092,4.13003872739567,0.8499767765908035,12918,moirai2_gapmatched,32,-0.12083507173646546,-0.13018972630951775
ghcn_temperate,Tavg,1,0.4310948987559736,0.34235593167048783,2.232668189790787,0.815296485524075,12918,naive,32,0.3975731356071115,0.3833454644739055
ghcn_temperate,Tavg,3,0.7370121017823005,0.580617805751068,3.7361984242580166,0.8034525468338752,12918,naive,32,-0.014818679385755651,-0.030699028026924147
ghcn_temperate,Tavg,7,0.8791895575048176,0.687833446701084,4.409000685114221,0.8228827991949218,12918,naive,32,-0.21231613851687836,-0.22287742360501706
ghcn_temperate,Tavg,14,0.9725731083523627,0.7585356750410397,4.842441594332271,0.8246632605666512,12918,naive,32,-0.3405104162054775,-0.3485167082723495
ghcn_temperate,Tavg,30,1.2100426039510581,0.9304795708212775,5.883516299812771,0.8224957423749807,12918,naive,32,-0.6631673233637048,-0.6544567716512972
ghcn_temperate,Tavg,1,0.9466587912494527,0.7410261359531225,4.78643739947719,0.8256696082984982,12918,seasonal_naive,32,-0.3228936109151008,-0.33474283751766065
ghcn_temperate,Tavg,3,0.9346408899271145,0.7297417943667445,4.690961216729837,0.8300046446818393,12918,seasonal_naive,32,-0.2869409217596919,-0.2954204137633676
ghcn_temperate,Tavg,7,0.9697555615684533,0.7593708261176475,4.918804537544312,0.8147546059761573,12918,seasonal_naive,32,-0.33719777227846803,-0.3500614776110431
ghcn_temperate,Tavg,14,0.9714619586830991,0.7605444433383028,4.919747694624978,0.8133612014243691,12918,seasonal_naive,32,-0.3389789038771813,-0.35208787532624
ghcn_temperate,Tavg,30,0.9238359567981843,0.724311996681484,4.666239990378861,0.8344170924291686,12918,seasonal_naive,32,-0.26978485755641146,-0.287876623277445
ghcn_temperate,Tavg,1,0.4020005998702915,0.3506744354279799,2.0443432749133117,0.31831552871961605,12918,sundial,32,0.43823051128005464,0.3683621018494614
ghcn_temperate,Tavg,3,0.6306111328383383,0.539362225922863,3.1702564708943712,0.3688651494039325,12918,sundial,32,0.13168867175265364,0.042536903783008784
ghcn_temperate,Tavg,7,0.6823152588643199,0.5817282135248624,3.4486223978038306,0.38442483356556745,12918,sundial,32,0.059154203076389744,-0.034236271012250796
ghcn_temperate,Tavg,14,0.6976716516231808,0.5937796786765609,3.503020346799701,0.3817928471899675,12918,sundial,32,0.03838990811031395,-0.05561523877516672
ghcn_temperate,Tavg,30,0.6954806826032697,0.5911239050653151,3.49412264118546,0.38659235175723794,12918,sundial,32,0.044082628529311885,-0.0510590219160405
ghcn_temperate,Tavg,1,0.40573776650052457,0.35564107004871903,2.071934167041992,0.3062393559374516,12918,sundial_gapmatched,32,0.43300806587125507,0.3594161555933658
ghcn_temperate,Tavg,3,0.6360561634592815,0.5460631927081729,3.21122544173527,0.3644527016566032,12918,sundial_gapmatched,32,0.12419121171014158,0.030641505667331925
ghcn_temperate,Tavg,7,0.6923276248728588,0.5884657891461569,3.4961422516888656,0.39464313361201425,12918,sundial_gapmatched,32,0.0453481327093368,-0.04621479452928656
ghcn_temperate,Tavg,14,0.7129850537353097,0.6029926503065379,3.5794777822053203,0.4026165041028023,12918,sundial_gapmatched,32,0.01728324285033378,-0.07199396239313094
ghcn_temperate,Tavg,30,0.7245850397650185,0.6115606286212553,3.662847075170236,0.4171698405325902,12918,sundial_gapmatched,32,0.0040795611655077835,-0.08739692415246192
ghcn_temperate,Tavg,1,0.4002111610257935,0.31369492551310374,2.0417639661429927,0.8400681220003097,12918,timesfm25,32,0.44073113477438175,0.4349699225443534
ghcn_temperate,Tavg,3,0.6213077859345828,0.48329174383482487,3.129182591417921,0.7788357330856169,12918,timesfm25,32,0.1444987873476421,0.142071900499798
ghcn_temperate,Tavg,7,0.6739757172805292,0.5232628779778182,3.377331337475149,0.8053104195695928,12918,timesfm25,32,0.07065361269011983,0.0697074078636073
ghcn_temperate,Tavg,14,0.689382059418522,0.5334079295056985,3.445152542061283,0.8080972286731692,12918,timesfm25,32,0.04981556300557022,0.05171301900272973
ghcn_temperate,Tavg,30,0.6837922487707244,0.5299122595455783,3.42767322289489,0.8231924446508747,12918,timesfm25,32,0.060148030811936204,0.05777950029316892
ghcn_temperate,Tavg,1,0.40573784363169446,0.3192786030316095,2.0774683538555747,0.8177736491716984,12918,timesfm25_gapmatched,32,0.43300795808550074,0.42491255315717513
ghcn_temperate,Tavg,3,0.636450814800461,0.496716903167851,3.2080858712981515,0.7681529648552408,12918,timesfm25_gapmatched,32,0.1236478019724927,0.11823987444307538
ghcn_temperate,Tavg,7,0.6950814133000813,0.5406315355683939,3.485016838498084,0.8087939309490634,12918,timesfm25_gapmatched,32,0.04155092865489196,0.03882821850794449
ghcn_temperate,Tavg,14,0.7166842147388762,0.5566536033927181,3.5899105471458785,0.8122000309645456,12918,timesfm25_gapmatched,32,0.012184640170579741,0.010387105584089062
ghcn_temperate,Tavg,30,0.7335555177843381,0.5703229332607546,3.7075534540847026,0.8224183310109924,12918,timesfm25_gapmatched,32,-0.008250092243363705,-0.014073461202861681
ghcn_temperate,Tavg,1,0.39730301351173986,0.31043539232582174,2.0337365271882195,0.8178510605356867,12918,tirex,32,0.4447950803073467,0.44084102258292346
ghcn_temperate,Tavg,3,0.6188344215014993,0.48075524979878775,3.118287732486885,0.8039170150178047,12918,tirex,32,0.1479044524941867,0.1465746248593407
ghcn_temperate,Tavg,7,0.6734176691407951,0.521690212999418,3.374997339087535,0.8010527945502399,12918,tirex,32,0.07142310632217452,0.07250339940226203
ghcn_temperate,Tavg,14,0.684717263017722,0.5294710610102169,3.424746774222635,0.8108840377767457,12918,tirex,32,0.056245113762267485,0.05871194221638176
ghcn_temperate,Tavg,30,0.680854264819591,0.5291177258530558,3.425844842453759,0.82559219693451,12918,tirex,32,0.0641862017723116,0.059192235928770986
ghcn_temperate,Tavg,1,0.40449286588377575,0.31769561508791555,2.0849969764117184,0.7753522217061465,12918,tirex_gapmatched,32,0.4347477328846968,0.4277638450579725
ghcn_temperate,Tavg,3,0.6333063809067233,0.4928293981575206,3.2008562807349863,0.785493110388605,12918,tirex_gapmatched,32,0.12797748698545497,0.1251408816046009
ghcn_temperate,Tavg,7,0.6931308840054375,0.5375052704244446,3.4763382232317444,0.7923053104195696,12918,tirex_gapmatched,32,0.04424051717691402,0.04438630685487588
ghcn_temperate,Tavg,14,0.7096706576987577,0.5495948531372277,3.544277393649315,0.8074779377612633,12918,tirex_gapmatched,32,0.021851518872231024,0.022936077204356642
ghcn_temperate,Tavg,30,0.7149646639065425,0.5573802752200128,3.583478290727401,0.8346493265211333,12918,tirex_gapmatched,32,0.01730247969254961,0.008939476329740237
ghcn_temperate,Tavg,1,0.40005229656971986,0.3126187585813775,2.0491808298231073,0.8102647468648397,12918,toto2,32,0.4409531374387884,0.4369083239507322
ghcn_temperate,Tavg,3,0.6290014610211323,0.4892300943333777,3.1768260985175156,0.7862672240284874,12918,toto2,32,0.13390508722782846,0.131530280821042
ghcn_temperate,Tavg,7,0.6915612245693543,0.5361562238658216,3.4756356929675327,0.7889766217680756,12918,toto2,32,0.046404923532853526,0.04678473424721086
ghcn_temperate,Tavg,14,0.7119791437016999,0.5508929878536442,3.5620281137512224,0.7964855240749342,12918,toto2,32,0.018669701992828358,0.0206282670218213
ghcn_temperate,Tavg,30,0.7062967518328224,0.548521615164595,3.5450486498664646,0.8228827991949218,12918,toto2,32,0.02921626526979204,0.024690784124178577
ghcn_temperate,Tavg,1,0.42275187312055945,0.33384557191903697,2.25570788567352,0.8203282241833101,12918,toto2_gapmatched,32,0.40923196707924425,0.3986743998134631
ghcn_temperate,Tavg,3,0.6529632406413413,0.5130428939073488,3.305354050188369,0.8124322650565103,12918,toto2_gapmatched,32,0.10091124426228149,0.08925836092402317
ghcn_temperate,Tavg,7,0.7251621444900797,0.5686957472390224,3.6498648331513435,0.82164421737111,12918,toto2_gapmatched,32,7.255170109932152e-05,-0.011066259621727248
ghcn_temperate,Tavg,14,0.7594789734822234,0.596101018823474,3.8161064020557545,0.834571915157145,12918,toto2_gapmatched,32,-0.04679994346821981,-0.05974209276067799
ghcn_temperate,Tavg,30,0.819532262207112,0.644228211441043,4.139594423342406,0.8488156061309801,12918,toto2_gapmatched,32,-0.12642255280487102,-0.14548213666494436
ghcn_temperate,Tavg,1,0.44817261167001365,0.4481726116700136,2.2591060321554153,0.0,12918,ttm_r2,32,0.3737081511883774,0.19274752350168578
ghcn_temperate,Tavg,3,0.6303460164280703,0.6303460164280703,3.1665436869624655,0.0,12918,ttm_r2,32,0.1320537201483326,-0.11897537419237247
ghcn_temperate,Tavg,7,0.685133948055698,0.685133948055698,3.433578700026018,0.0,12918,ttm_r2,32,0.05526750723588303,-0.21807806997612977
ghcn_temperate,Tavg,14,0.6947148443142663,0.6947148443142663,3.4662461028219855,0.0,12918,ttm_r2,32,0.042465314845574365,-0.23505670974793103
ghcn_temperate,Tavg,30,0.6970279145776532,0.6970279145776532,3.4830694122748276,0.0,12918,ttm_r2,32,0.04195600451371451,-0.23936364587254588
ghcn_temperate,Tavg,1,0.44693180684261674,0.44693180684261674,2.2564780555033956,0.0,12918,ttm_r2_gapmatched,32,0.37544209460466316,0.1949824721435378
ghcn_temperate,Tavg,3,0.63679613290073,0.63679613290073,3.2009689554824154,0.0,12918,ttm_r2_gapmatched,32,0.12317232096256692,-0.1304254687523061
ghcn_temperate,Tavg,7,0.6940893364761718,0.6940893364761718,3.479102988856995,0.0,12918,ttm_r2_gapmatched,32,0.04291890525789832,-0.23399957302535612
ghcn_temperate,Tavg,14,0.7081289874847811,0.7081289874847811,3.5376623378428333,0.0,12918,ttm_r2_gapmatched,32,0.023976423378063272,-0.2589042317403778
ghcn_temperate,Tavg,30,0.7149220342858456,0.7149220342858456,3.5823693003786476,0.0,12918,ttm_r2_gapmatched,32,0.017361072829616853,-0.27118062332410586
nasa_power_bmd,PRECTOTCORR,1,1.4023771916017151,1.2090998547932992,15.624942339568697,0.9162180814354728,14490,AutoARIMA,18,0.1375609563011202,0.13123960956955993
nasa_power_bmd,PRECTOTCORR,3,1.8717485176441544,1.5326457652026324,20.896408593996934,0.9173222912353347,14490,AutoARIMA,18,-0.12940067974622482,-0.07907898151316539
nasa_power_bmd,PRECTOTCORR,7,1.9066370731095943,1.5326494366202992,19.6566531202526,0.9208419599723947,14490,AutoARIMA,18,-0.19924400832061773,-0.13122196377252449
nasa_power_bmd,PRECTOTCORR,14,1.9292849249557285,1.541878569895435,19.680660012218006,0.9221532091097309,14490,AutoARIMA,18,-0.21349225110309833,-0.13803746599623978
nasa_power_bmd,PRECTOTCORR,30,2.083564193535085,1.6794566375233309,22.168621576396223,0.916839199447895,14490,AutoARIMA,18,-0.17944990755210877,-0.10275088770375995
nasa_power_bmd,PRECTOTCORR,1,1.4216774024366705,1.3056055510121019,17.34390770305661,0.8984817115251897,14490,AutoETS,18,0.12569164219977313,0.06189849932673286
nasa_power_bmd,PRECTOTCORR,3,1.903514398959647,1.6969677611843712,23.9160844373206,0.8905452035886818,14490,AutoETS,18,-0.14856800249939606,-0.19477199818407365
nasa_power_bmd,PRECTOTCORR,7,2.068919160223548,1.8650712296937395,25.01304436775885,0.9140786749482401,14490,AutoETS,18,-0.30131682719839636,-0.3765767230386401
nasa_power_bmd,PRECTOTCORR,14,2.010862488743905,1.9334092548804107,24.750144696744652,0.9477570738440304,14490,AutoETS,18,-0.26480335618680817,-0.4270203971425566
nasa_power_bmd,PRECTOTCORR,30,2.22563301866722,2.281067782420304,26.64080094951793,0.9645272601794341,14490,AutoETS,18,-0.25987126590912535,-0.49777580782671027
nasa_power_bmd,PRECTOTCORR,1,1.417112910900319,1.3540455677123262,17.331694350708695,0.905728088336784,14490,AutoTheta,18,0.12849872986431676,0.02709346014480507
nasa_power_bmd,PRECTOTCORR,3,1.901432158826104,1.6452731217884076,23.92097812031036,0.9072463768115943,14490,AutoTheta,18,-0.14731159257036452,-0.15837572182616944
nasa_power_bmd,PRECTOTCORR,7,2.0688687458592954,1.8641910173340799,25.021275053420318,0.9175293305728088,14490,AutoTheta,18,-0.30128511737531793,-0.3759270535641732
nasa_power_bmd,PRECTOTCORR,14,2.0105485571343427,1.824199301136221,24.777003947281415,0.9447895100069013,14490,AutoTheta,18,-0.26460589775511023,-0.346414166893807
nasa_power_bmd,PRECTOTCORR,30,2.2284556959257076,2.2073656784839253,26.66623442273813,0.9646652864044168,14490,AutoTheta,18,-0.2614691079347766,-0.44938214363462303
nasa_power_bmd,PRECTOTCORR,1,1.2613097611690018,1.1281420959011113,15.792154400974699,0.5903381642512078,14490,DLinear,18,0.2243151195376828,0.18940924208148702
nasa_power_bmd,PRECTOTCORR,3,1.5349760125259309,1.3985032310857988,20.684501195221106,0.5293305728088337,14490,DLinear,18,0.0738056231384614,0.015365796516316421
nasa_power_bmd,PRECTOTCORR,7,1.4963561157258978,1.3557563934661385,19.25026638711324,0.5444444444444444,14490,DLinear,18,0.058816105378935224,-0.000660277014066013
nasa_power_bmd,PRECTOTCORR,14,1.4776294358647613,1.3415115317101591,19.196939492096462,0.5507246376811594,14490,DLinear,18,0.07059250438870424,0.00985044220719733
nasa_power_bmd,PRECTOTCORR,30,1.6405966230712767,1.490096369658417,21.79399809992179,0.5483091787439613,14490,DLinear,18,0.07130217469868616,0.02158528080357036
nasa_power_bmd,PRECTOTCORR,1,1.224591493276961,1.0155928489775723,17.283320467763332,0.810351966873706,14490,NHITS,18,0.24689625394056225,0.2702779373445936
nasa_power_bmd,PRECTOTCORR,3,1.6134153780252578,1.351483293142889,22.916185505711752,0.7276052449965493,14490,NHITS,18,0.026475828628831466,0.04847078913640768
nasa_power_bmd,PRECTOTCORR,7,1.496995242082101,1.260535860651411,20.317103418018338,0.6770186335403726,14490,NHITS,18,0.05841410519544643,0.06962034655740756
nasa_power_bmd,PRECTOTCORR,14,1.544999457156924,1.318099025035122,20.93956497917523,0.6664596273291925,14490,NHITS,18,0.028217737584072533,0.027130862526474564
nasa_power_bmd,PRECTOTCORR,30,1.7041390057794092,1.4416325015200908,22.85221484250082,0.6690821256038647,14490,NHITS,18,0.03533253304171757,0.05340722393507613
nasa_power_bmd,PRECTOTCORR,1,1.2568234973526475,1.0344631923702678,15.862471025515504,0.8192546583850931,14490,PatchTST,18,0.2270740984334665,0.2567192500050792
nasa_power_bmd,PRECTOTCORR,3,1.6897853085926646,1.3567354467517068,21.2231192927401,0.7766735679779158,14490,PatchTST,18,-0.01960528252575955,0.04477294277449606
nasa_power_bmd,PRECTOTCORR,7,1.601098042131133,1.3765963701561967,19.702821222707374,0.7738440303657695,14490,PatchTST,18,-0.007064879226370113,-0.01604190231794922
nasa_power_bmd,PRECTOTCORR,14,1.5904742570204056,1.3604633277071954,19.7767810455981,0.7379572118702553,14490,PatchTST,18,-0.00038525233254915747,-0.004137594408427647
nasa_power_bmd,PRECTOTCORR,30,1.737455192756057,1.4954215036963834,22.26807303057489,0.7230503795721187,14490,PatchTST,18,0.016473131554822995,0.018088735458899552
nasa_power_bmd,PRECTOTCORR,1,1.16658659083839,0.9555019479250392,15.905145973979876,0.683367839889579,14490,chronos2,18,0.2825683205489985,0.3134543503205427
nasa_power_bmd,PRECTOTCORR,3,1.477513019739627,1.2205295996756393,20.92811557885714,0.7357487922705314,14490,chronos2,18,0.1084784130465779,0.1406704228549952
nasa_power_bmd,PRECTOTCORR,7,1.4388174720234843,1.2035015725489884,19.645899170938126,0.6904761904761905,14490,chronos2,18,0.09500698547887743,0.11171636528681927
nasa_power_bmd,PRECTOTCORR,14,1.4417481884476457,1.2012881670215398,19.65815429126276,0.6971704623878537,14490,chronos2,18,0.09316128888360298,0.11334720631004436
nasa_power_bmd,PRECTOTCORR,30,1.5906207087943032,1.3475144538887405,22.329797840681366,0.7153899240855762,14490,chronos2,18,0.09959220178626094,0.11520623574372402
nasa_power_bmd,PRECTOTCORR,1,1.2214733082603146,1.0033521312580032,17.030994096778453,0.8655624568668047,14490,chronos_bolt,18,0.2488138867428764,0.2790731172158373
nasa_power_bmd,PRECTOTCORR,3,1.4965359553021853,1.2384028144224015,21.503069377316933,0.8594893029675639,14490,chronos_bolt,18,0.09700009950573785,0.12808655592162566
nasa_power_bmd,PRECTOTCORR,7,1.4578700532466513,1.2219286684257422,20.352647605786228,0.8478260869565217,14490,chronos_bolt,18,0.08302321877404761,0.09811564545731122
nasa_power_bmd,PRECTOTCORR,14,1.471187562648638,1.215877371586094,20.48316808061139,0.8608005521048999,14490,chronos_bolt,18,0.07464434926098695,0.10257913305335986
nasa_power_bmd,PRECTOTCORR,30,1.638985972032044,1.370247592690135,23.29682995066866,0.8066942719116632,14490,chronos_bolt,18,0.07221392113069725,0.10027939069549496
nasa_power_bmd,PRECTOTCORR,1,1.626059490056383,1.3917529713736523,20.913094982509744,0.782608695652174,14490,climatology,18,0.0,0.0
nasa_power_bmd,PRECTOTCORR,3,1.6572935993492888,1.4203276974716361,22.361896579418623,0.7712215320910973,14490,climatology,18,0.0,0.0
nasa_power_bmd,PRECTOTCORR,7,1.5898658320416266,1.3548618093561848,20.626944363662993,0.7756383712905452,14490,climatology,18,0.0,0.0
nasa_power_bmd,PRECTOTCORR,14,1.5898617590692934,1.354857476986201,20.626949344790283,0.7758454106280194,14490,climatology,18,0.0,0.0
nasa_power_bmd,PRECTOTCORR,30,1.7665559005040083,1.5229701070750763,23.314147291994054,0.7690131124913734,14490,climatology,18,0.0,0.0
nasa_power_bmd,PRECTOTCORR,1,1.4259465398195583,1.2808760522653264,19.200024165347937,0.7086956521739131,14490,lightgbm,18,0.12306619251051254,0.07966709709905706
nasa_power_bmd,PRECTOTCORR,3,1.5311877122225412,1.3689465832676078,21.27061651898516,0.7570048309178744,14490,lightgbm,18,0.07609145849369181,0.0361755349103543
nasa_power_bmd,PRECTOTCORR,7,1.4891106237692309,1.3286481227902596,19.966110597723468,0.7750862663906142,14490,lightgbm,18,0.06337340311478412,0.019347867350679615
nasa_power_bmd,PRECTOTCORR,14,1.4928279126327904,1.3295545842835848,19.85923801818784,0.76783988957902,14490,lightgbm,18,0.06103288281699837,0.01867568591709068
nasa_power_bmd,PRECTOTCORR,30,1.6611240981196305,1.4993580418539494,22.80486933079881,0.7396135265700483,14490,lightgbm,18,0.059682120647468695,0.015503958424026298
nasa_power_bmd,PRECTOTCORR,1,1.1764086350554102,0.9674709438953315,16.15324626285118,0.8089717046238786,14490,moirai2,18,0.27652792394783865,0.30485440750276027
nasa_power_bmd,PRECTOTCORR,3,1.4935209877586115,1.2389055049901303,21.38345126989251,0.7506556245686681,14490,moirai2,18,0.09881931098688856,0.12773263015602698
nasa_power_bmd,PRECTOTCORR,7,1.4561224432501352,1.2188620449683716,20.193905052728493,0.6434092477570739,14490,moirai2,18,0.08412243731267866,0.10037906703742638
nasa_power_bmd,PRECTOTCORR,14,1.4753595793453258,1.224235498891257,20.366848007137605,0.7271221532091098,14490,moirai2,18,0.07202021123584812,0.09641012454350906
nasa_power_bmd,PRECTOTCORR,30,1.6662203441771268,1.392334376722569,23.2257922475213,0.7420289855072464,14490,moirai2,18,0.056797272194021864,0.08577694975471206
nasa_power_bmd,PRECTOTCORR,1,1.282488473986519,1.2126298955670873,16.842552563052887,0.670600414078675,14490,naive,18,0.21129055743092817,0.1287032106206114
nasa_power_bmd,PRECTOTCORR,3,1.9579513776932582,1.830544963380714,25.262951747309486,0.6643892339544514,14490,naive,18,-0.1814149155357978,-0.28881874699713084
nasa_power_bmd,PRECTOTCORR,7,2.2025510756135667,2.05948112594567,27.207506183388375,0.6634230503795722,14490,naive,18,-0.3853691495370777,-0.5200672952205452
nasa_power_bmd,PRECTOTCORR,14,2.136928887614935,1.995246464683646,26.980546832951827,0.6636991028295376,14490,naive,18,-0.3440972936325579,-0.47266151501186093
nasa_power_bmd,PRECTOTCORR,30,2.412859382146311,2.2466288954950357,29.006560847531,0.634575569358178,14490,naive,18,-0.36585509774013314,-0.47516283153434613
nasa_power_bmd,PRECTOTCORR,1,2.172208234411674,2.0298712892134168,26.238599594657313,0.6467908902691512,14490,seasonal_naive,18,-0.33587254814173706,-0.4584996985563792
nasa_power_bmd,PRECTOTCORR,3,2.472088075251884,2.3226491588020233,30.808667359784526,0.6301587301587301,14490,seasonal_naive,18,-0.49164159942602326,-0.635291040889109
nasa_power_bmd,PRECTOTCORR,7,2.1552417983981456,2.0131420204428845,26.475266620292928,0.6514837819185645,14490,seasonal_naive,18,-0.35561237619056896,-0.4858652052488712
nasa_power_bmd,PRECTOTCORR,14,2.1552378720588656,2.0131403796515848,26.475266543264905,0.6514837819185645,14490,seasonal_naive,18,-0.35561337944284155,-0.485868745493212
nasa_power_bmd,PRECTOTCORR,30,2.37416874045048,2.2260395906416703,28.65676080848124,0.636231884057971,14490,seasonal_naive,18,-0.34395336132477694,-0.4616436529518406
nasa_power_bmd,PRECTOTCORR,1,1.1922919399997856,1.0269824472122102,15.252851169489881,0.34154589371980676,14490,sundial,18,0.26675995110213135,0.26209430241159504
nasa_power_bmd,PRECTOTCORR,3,1.5493165931882198,1.349840778927353,20.268769743314547,0.2977225672877847,14490,sundial,18,0.06515261158521612,0.04962722241477002
nasa_power_bmd,PRECTOTCORR,7,1.5245136538656323,1.3317391541837755,18.957409947357757,0.28322981366459626,14490,sundial,18,0.04110546742933163,0.01706643069627667
nasa_power_bmd,PRECTOTCORR,14,1.5185699846419352,1.3217546254657802,18.935025207889357,0.34886128364389235,14490,sundial,18,0.0448414926773838,0.02443271863108154
nasa_power_bmd,PRECTOTCORR,30,1.6533931008283846,1.4518591942180827,21.598392135314345,0.4595583160800552,14490,sundial,18,0.06405843123522881,0.04669225779720976
nasa_power_bmd,PRECTOTCORR,1,1.1723452435404025,0.9805799328952136,15.519574936254294,0.8051069703243616,14490,timesfm25,18,0.2790268432923374,0.29543535881415306
nasa_power_bmd,PRECTOTCORR,3,1.4806355161569347,1.2342205543973856,20.43295716408757,0.8003450655624569,14490,timesfm25,18,0.10659431935398544,0.1310311299325817
nasa_power_bmd,PRECTOTCORR,7,1.4513081285782148,1.2237943557202753,19.163147958749683,0.8597653554175293,14490,timesfm25,18,0.08715056369598362,0.09673861402750095
nasa_power_bmd,PRECTOTCORR,14,1.4642765731032406,1.2270476237660368,19.160493987529975,0.7810904071773637,14490,timesfm25,18,0.07899126150412628,0.09433453731566621
nasa_power_bmd,PRECTOTCORR,30,1.614745531045495,1.3663615897723613,21.67758972764246,0.7973084886128364,14490,timesfm25,18,0.08593578579381556,0.10283098570036131
nasa_power_bmd,PRECTOTCORR,1,1.1491144947265177,0.9367834909322463,15.686452561707487,0.8204278812974465,14490,tirex,18,0.2933133739856758,0.32690390449991547
nasa_power_bmd,PRECTOTCORR,3,1.4741710282623255,1.2187187964063517,21.06063177386705,0.8352657004830918,14490,tirex,18,0.11049494860709264,0.14194534220812127
nasa_power_bmd,PRECTOTCORR,7,1.4254625069922946,1.202277510336036,19.87310458942374,0.834920634920635,14490,tirex,18,0.10340704337183815,0.11261982437356854
nasa_power_bmd,PRECTOTCORR,14,1.434161052812166,1.1983752047112568,19.917194258644674,0.8389924085576259,14490,tirex,18,0.09793348721606765,0.11549722013789199
nasa_power_bmd,PRECTOTCORR,30,1.5884478110517901,1.3432973890086872,22.71046630502286,0.8394064872325742,14490,tirex,18,0.10082222102419913,0.1179752099083925
nasa_power_bmd,PRECTOTCORR,1,1.154433956365061,0.9367240671135112,15.531116743842565,0.8336783988957902,14490,toto2,18,0.2900419920521903,0.3269466016020287
nasa_power_bmd,PRECTOTCORR,3,1.4853068644143577,1.2268657413256554,21.169433295318825,0.8356107660455486,14490,toto2,18,0.10377565870190963,0.13620938075795297
nasa_power_bmd,PRECTOTCORR,7,1.441927810512281,1.2063317833961695,19.852204538211453,0.8284334023464458,14490,toto2,18,0.09305063266839997,0.10962743575346268
nasa_power_bmd,PRECTOTCORR,14,1.4528709400439388,1.206790727529541,19.930794082824253,0.8196687370600414,14490,toto2,18,0.08616523936367215,0.10928584885992987
nasa_power_bmd,PRECTOTCORR,30,1.5998979973654885,1.3520547992883085,22.657410517666428,0.8399585921325051,14490,toto2,18,0.09434057710314825,0.11222499180566148
nasa_power_bmd,PRECTOTCORR,1,1.4169377632898756,1.4169377632898756,16.368814032693603,0.010628019323671498,14490,ttm_r2,18,0.1286064427810425,-0.018095734253303686
nasa_power_bmd,PRECTOTCORR,3,1.7233809957622472,1.7233809957622472,20.582939366447054,0.013043478260869565,14490,ttm_r2,18,-0.03987669803280891,-0.2133685760195232
nasa_power_bmd,PRECTOTCORR,7,1.7513162948323948,1.7513162948323948,19.573956789644576,0.010766045548654244,14490,ttm_r2,18,-0.10154974057366939,-0.2926161788150192
nasa_power_bmd,PRECTOTCORR,14,1.7504001963285052,1.7504001963285052,19.28497281620668,0.007246376811594203,14490,ttm_r2,18,-0.10097634988918225,-0.29194415358150083
nasa_power_bmd,PRECTOTCORR,30,1.9338496849086702,1.9338496849086702,21.836980710033213,0.0036576949620427883,14490,ttm_r2,18,-0.09470053246372334,-0.2697883405096533
nasa_power_bmd,T2M,1,0.36252483950973624,0.28916050822087835,0.6925670269169302,0.8306418219461698,14490,AutoARIMA,18,0.5433615541352892,0.530333925202819
nasa_power_bmd,T2M,3,0.615834100523404,0.48598427294186275,1.1498439635424975,0.8230503795721187,14490,AutoARIMA,18,0.24661996544846454,0.2410614807900301
nasa_power_bmd,T2M,7,0.7007395092002443,0.5525728693854338,1.3017593566040409,0.8313319530710835,14490,AutoARIMA,18,0.11085774495498901,0.09953577199332375
nasa_power_bmd,T2M,14,0.7565292565761526,0.5963593676482811,1.3999240899353171,0.8236714975845411,14490,AutoARIMA,18,0.04324180065559158,0.030872501708754885
nasa_power_bmd,T2M,30,0.8339410796682336,0.6580092909646967,1.5468520780004684,0.8123533471359559,14490,AutoARIMA,18,-0.04234005472267577,-0.05140686751700407
nasa_power_bmd,T2M,1,0.37651262992905027,0.3017261832008633,0.7204364013853445,0.8340924775707385,14490,AutoETS,18,0.5257424500573593,0.5099242527985961
nasa_power_bmd,T2M,3,0.657639544527014,0.5211431943491345,1.229532234779139,0.8256038647342995,14490,AutoETS,18,0.19547731709379612,0.1861554658518747
nasa_power_bmd,T2M,7,0.811366361110816,0.6606026253914671,1.5219914735058766,0.8923395445134575,14490,AutoETS,18,-0.029512545694896142,-0.07650785271795235
nasa_power_bmd,T2M,14,0.8924952771657734,0.7713600382817359,1.6709805224488739,0.9453416149068323,14490,AutoETS,18,-0.1287100490588362,-0.2535163606630946
nasa_power_bmd,T2M,30,0.9923104197289435,0.9627356510970861,1.8719597602690325,0.9821946169772257,14490,AutoETS,18,-0.24028534199758256,-0.5383169950122151
nasa_power_bmd,T2M,1,0.37698279740457,0.3053218390876879,0.7213090569267181,0.8506556245686681,14490,AutoTheta,18,0.5251502243064071,0.5040840445451361
nasa_power_bmd,T2M,3,0.6573489645673823,0.5278957492693317,1.2290252111129034,0.8420289855072464,14490,AutoTheta,18,0.19583279779848795,0.17561032207387528
nasa_power_bmd,T2M,7,0.8112232740408403,0.6656785362450337,1.5213926177854802,0.8957211870255348,14490,AutoTheta,18,-0.02933098784294752,-0.08477947878108338
nasa_power_bmd,T2M,14,0.8927277532647556,0.7817477524223886,1.671116930342675,0.945479641131815,14490,AutoTheta,18,-0.12900405409819116,-0.2703971542989758
nasa_power_bmd,T2M,30,0.9941867753358907,0.9836672429173136,1.8746122906642486,0.9804692891649414,14490,AutoTheta,18,-0.24263059234404905,-0.5717627528305962
nasa_power_bmd,T2M,1,0.43583766249966294,0.37496423972098364,0.8241097364025404,0.3958592132505176,14490,DLinear,18,0.451016285884572,0.3909680691094177
nasa_power_bmd,T2M,3,0.6214601146645549,0.5526115523008547,1.1768890943060202,0.30448585231193925,14490,DLinear,18,0.23973738664283284,0.13701282829021677
nasa_power_bmd,T2M,7,0.6723697973740247,0.6017535327283675,1.2608404440091916,0.282815734989648,14490,DLinear,18,0.14685501529148115,0.01939172131055167
nasa_power_bmd,T2M,14,0.713638521987411,0.6370812502036812,1.3334083928464682,0.2781228433402346,14490,DLinear,18,0.09748433210692165,-0.03530352956958693
nasa_power_bmd,T2M,30,0.7517469684944602,0.6761537351077707,1.441418171743435,0.29703243616287095,14490,DLinear,18,0.06039407893199,-0.08039915294710465
nasa_power_bmd,T2M,1,0.4075012734496445,0.321619932248296,0.7770199549682324,0.7296756383712906,14490,NHITS,18,0.48670897021129855,0.4776120290942071
nasa_power_bmd,T2M,3,0.6894882891596051,0.5624523002403488,1.31160189337636,0.5707384403036577,14490,NHITS,18,0.15651518701471867,0.12164500038930925
nasa_power_bmd,T2M,7,0.7827110939565879,0.6478431837639721,1.456454882487548,0.48743961352657006,14490,NHITS,18,0.006847055158074711,-0.05571526337552424
nasa_power_bmd,T2M,14,0.8062088694420969,0.6708365011546499,1.4996215902787033,0.4810213940648723,14490,NHITS,18,-0.0195864066299567,-0.09015827602441062
nasa_power_bmd,T2M,30,0.8423917498049895,0.6967952098875515,1.6081543962505904,0.524775707384403,14490,NHITS,18,-0.05290251793205947,-0.11338134428869306
nasa_power_bmd,T2M,1,0.3789966841670093,0.299537776297401,0.7206536417902747,0.8389924085576259,14490,PatchTST,18,0.5226135205522824,0.5134787509101539
nasa_power_bmd,T2M,3,0.6141655326998781,0.48430989250553286,1.1613538630211433,0.805728088336784,14490,PatchTST,18,0.24866120623631827,0.24367628106175487
nasa_power_bmd,T2M,7,0.6907036594047078,0.5501237120579162,1.2909762183345421,0.8029675638371291,14490,PatchTST,18,0.12359186084447349,0.10352688101147522
nasa_power_bmd,T2M,14,0.7354369054027908,0.5755186406648556,1.3724115550316631,0.8044168391994478,14490,PatchTST,18,0.06991661825603179,0.06474020413735149
nasa_power_bmd,T2M,30,0.7801221124555462,0.613070350226517,1.484355055110857,0.7933747412008282,14490,PatchTST,18,0.02492808519424472,0.0203992780190122
nasa_power_bmd,T2M,1,0.37234901524863356,0.2924720216475359,0.708107147207468,0.8464458247066943,14490,chronos2,18,0.5309869638937523,0.5249552325095954
nasa_power_bmd,T2M,3,0.6049054360661358,0.4683214864674524,1.1504242730355867,0.778191856452726,14490,chronos2,18,0.25998953624589394,0.26864461415124996
nasa_power_bmd,T2M,7,0.6655528870291645,0.5195736735820125,1.2709328934227198,0.7882677708764665,14490,chronos2,18,0.15550473884337046,0.15331075267056415
nasa_power_bmd,T2M,14,0.7056300417166855,0.5527579227787157,1.3598026761525608,0.7894409937888198,14490,chronos2,18,0.1076123993253415,0.10172803191524404
nasa_power_bmd,T2M,30,0.7500355267719758,0.5854414210316002,1.464891011156822,0.7856452726017943,14490,chronos2,18,0.06253320398789775,0.06454644477875182
nasa_power_bmd,T2M,1,0.37062153003861165,0.29144266286507775,0.7039629007941843,0.8093857832988268,14490,chronos_bolt,18,0.5331629145475765,0.5266271582573046
nasa_power_bmd,T2M,3,0.6160671553633619,0.47624958454902766,1.1534512160621897,0.7944789510006901,14490,chronos_bolt,18,0.2463348580417285,0.2562636805425159
nasa_power_bmd,T2M,7,0.7116601074683881,0.5523520291249676,1.3361064754306269,0.8201518288474811,14490,chronos_bolt,18,0.09700100469260531,0.0998956498767144
nasa_power_bmd,T2M,14,0.7830571137072151,0.6141319966073228,1.4852154186881608,0.8314699792960663,14490,chronos_bolt,18,0.009692873630551602,0.0019906824978712656
nasa_power_bmd,T2M,30,0.8985461918605088,0.7022261297889715,1.7347412662912314,0.8440993788819876,14490,chronos_bolt,18,-0.12308975973139269,-0.12205919513319441
nasa_power_bmd,T2M,1,0.7938990744050101,0.6156725463846806,1.5033470800629556,0.8169772256728779,14490,climatology,18,0.0,0.0
nasa_power_bmd,T2M,3,0.8174282198624916,0.6403473544177946,1.569925453691286,0.8024844720496894,14490,climatology,18,0.0,0.0
nasa_power_bmd,T2M,7,0.7881073081660829,0.6136533270273752,1.480422106082384,0.8061421670117322,14490,climatology,18,0.0,0.0
nasa_power_bmd,T2M,14,0.7907214770613337,0.6153569769713225,1.484322233045573,0.8048999309868875,14490,climatology,18,0.0,0.0
nasa_power_bmd,T2M,30,0.8000662316388785,0.6258369726256853,1.5365273301593154,0.813871635610766,14490,climatology,18,0.0,0.0
nasa_power_bmd,T2M,1,0.4424008211335067,0.35409201964263254,0.8492713289186707,0.8208419599723947,14490,lightgbm,18,0.4427492922005668,0.4248695646380324
nasa_power_bmd,T2M,3,0.6207376380619734,0.5009027588251752,1.2052346185498617,0.8138026224982746,14490,lightgbm,18,0.2406212276762425,0.21776399110667477
nasa_power_bmd,T2M,7,0.690014107122811,0.5512542967738477,1.3095463575624375,0.8072463768115942,14490,lightgbm,18,0.12446680804360732,0.10168449759051634
nasa_power_bmd,T2M,14,0.7267573834377714,0.5793395429960041,1.3743664292148203,0.8226363008971704,14490,lightgbm,18,0.08089333030548351,0.05853095897699867
nasa_power_bmd,T2M,30,0.7603515046390338,0.6124561791462471,1.4646746093044394,0.7992408557625948,14490,lightgbm,18,0.049639299134637827,0.021380637553737647
nasa_power_bmd,T2M,1,0.36394857482993187,0.29017435970074407,0.7005821888557349,0.8746031746031746,14490,moirai2,18,0.5415682086508362,0.5286871870368585
nasa_power_bmd,T2M,3,0.608230647002158,0.4718221339107072,1.1426413491858185,0.8318150448585231,14490,moirai2,18,0.255921642753568,0.26317781957623754
nasa_power_bmd,T2M,7,0.7080312905002717,0.5534229347612541,1.3350748144997513,0.8214630779848171,14490,moirai2,18,0.10160547534084818,0.09815051856377233
nasa_power_bmd,T2M,14,0.7807450381207911,0.6110753074429618,1.4655810726645035,0.8283643892339545,14490,moirai2,18,0.012616881202745844,0.006958025485360286
nasa_power_bmd,T2M,30,0.8715124190457857,0.6827426477668757,1.6583892636354634,0.8183574879227054,14490,moirai2,18,-0.08930034112370278,-0.090927314349045
nasa_power_bmd,T2M,1,0.38067064041649934,0.3034826791774578,0.7257240310339405,0.8115251897860594,14490,naive,18,0.5205049952957886,0.5070712817072118
nasa_power_bmd,T2M,3,0.6667574433073961,0.527776102899826,1.2431698197865637,0.8031746031746032,14490,naive,18,0.18432294468674137,0.1757971681171676
nasa_power_bmd,T2M,7,0.8667249740898406,0.6937981337458273,1.63880019738726,0.8046928916494134,14490,naive,18,-0.09975502715068107,-0.13060274130132243
nasa_power_bmd,T2M,14,1.0929407575530525,0.8800479581972968,2.06806975512851,0.8050379572118702,14490,naive,18,-0.38220699609032716,-0.4301421632183908
nasa_power_bmd,T2M,30,1.6704606369437873,1.3619146857473134,3.156511411767047,0.7674258109040718,14490,naive,18,-1.087902939637845,-1.1761492933749667
nasa_power_bmd,T2M,1,0.9623351122294918,0.7691768746515111,1.8242003249086503,0.8065562456866805,14490,seasonal_naive,18,-0.21216303590064833,-0.24932787594351957
nasa_power_bmd,T2M,3,1.0207507711258,0.8205973815784995,1.9812234040293306,0.7936507936507936,14490,seasonal_naive,18,-0.24873444092438035,-0.2814878923402264
nasa_power_bmd,T2M,7,0.9882828737633196,0.7849195041093654,1.845823033448075,0.7992408557625948,14490,seasonal_naive,18,-0.25399531703752753,-0.2790927214745631
nasa_power_bmd,T2M,14,0.9890330779712071,0.7855836107765567,1.8469472434487173,0.7988267770876466,14490,seasonal_naive,18,-0.25079829834252876,-0.27663070408831536
nasa_power_bmd,T2M,30,0.9752757610994962,0.7844463711070446,1.8908638522274563,0.8100069013112491,14490,seasonal_naive,18,-0.2189937814294618,-0.2534356476510442
nasa_power_bmd,T2M,1,0.3568193246491829,0.31754502644804505,0.6859447962036915,0.2761214630779848,14490,sundial,18,0.5505482546171222,0.4842306542451569
nasa_power_bmd,T2M,3,0.6051256286131409,0.5235252970584356,1.1512035958072449,0.3289855072463768,14490,sundial,18,0.2597201639124527,0.1824354493750877
nasa_power_bmd,T2M,7,0.6777379877669115,0.5761692272551429,1.291489098802676,0.3893719806763285,14490,sundial,18,0.14004351851018815,0.061083511033519056
nasa_power_bmd,T2M,14,0.7302945388090449,0.6202787879747204,1.3951250539233502,0.39806763285024155,14490,sundial,18,0.07642000376271763,-0.007998302103637611
nasa_power_bmd,T2M,30,0.774449227271961,0.6584264234135886,1.5267580684838749,0.42132505175983437,14490,sundial,18,0.032018604652820915,-0.05207338686171736
nasa_power_bmd,T2M,1,0.35656634020910594,0.2831402083390211,0.685396506679343,0.8596273291925466,14490,timesfm25,18,0.5508669153237953,0.540112337310374
nasa_power_bmd,T2M,3,0.6023997561703381,0.46781799440739247,1.1431309165733639,0.7986197377501726,14490,timesfm25,18,0.26305485725502076,0.2694308937487002
nasa_power_bmd,T2M,7,0.6694870534279487,0.5243457537312521,1.2739965992585032,0.83567977915804,14490,timesfm25,18,0.15051282167927393,0.14553424443853624
nasa_power_bmd,T2M,14,0.7107535525354607,0.5597811514805244,1.359968335949455,0.8369910282953761,14490,timesfm25,18,0.10113286011032441,0.09031477267769417
nasa_power_bmd,T2M,30,0.7546261216392925,0.5953668781919137,1.486676146591713,0.8455486542443064,14490,timesfm25,18,0.05679543543102061,0.0486869516608055
nasa_power_bmd,T2M,1,0.35900104457153,0.28278040375917196,0.6903182041128492,0.8095238095238095,14490,tirex,18,0.5478001472157096,0.5406967463147416
nasa_power_bmd,T2M,3,0.6076269652955996,0.47111066021508385,1.1488326744985433,0.7944099378881988,14490,tirex,18,0.2566601561690456,0.26428889419958823
nasa_power_bmd,T2M,7,0.6841091272021497,0.5332837850355985,1.303118992813853,0.8164941338854382,14490,tirex,18,0.1319594170569689,0.13096896643761113
nasa_power_bmd,T2M,14,0.7263750457822675,0.5709815760504647,1.399801221350964,0.8229813664596274,14490,tirex,18,0.08137686043157144,0.07211326527776707
nasa_power_bmd,T2M,30,0.7753883047077582,0.6119279045187018,1.5289932464718727,0.8454106280193237,14490,tirex,18,0.03084485503227563,0.022224746563994535
nasa_power_bmd,T2M,1,0.3571760559648363,0.28194861297660495,0.6862390885812464,0.8053830227743272,14490,toto2,18,0.5500989137283943,0.5420477742068434
nasa_power_bmd,T2M,3,0.6131556843905479,0.47512744305667465,1.1550949745492782,0.7694271911663216,14490,toto2,18,0.24989660316144524,0.2580160755272243
nasa_power_bmd,T2M,7,0.6818338244175832,0.5334480734651675,1.304404185239155,0.7987577639751553,14490,toto2,18,0.13484646398698785,0.13070124454589593
nasa_power_bmd,T2M,14,0.7298966166311242,0.5741043239525663,1.406637518262822,0.8111111111111111,14490,toto2,18,0.07692324313266574,0.067038572020089
nasa_power_bmd,T2M,30,0.7938436614385762,0.6298170832064623,1.565418825251418,0.8104209799861973,14490,toto2,18,0.007777568848963634,-0.006359660350647944
nasa_power_bmd,T2M,1,0.3906498924736541,0.3906498924736541,0.7435519727124144,0.0,14490,ttm_r2,18,0.5079350700006449,0.36549080388981525
nasa_power_bmd,T2M,3,0.6311933901460052,0.6311933901460052,1.1793547225309964,0.0,14490,ttm_r2,18,0.22783019376039526,0.01429531051957289
nasa_power_bmd,T2M,7,0.782458789355355,0.782458789355355,1.4363867777615031,0.0,14490,ttm_r2,18,0.007167195066204779,-0.2750827786523993
nasa_power_bmd,T2M,14,0.8693855262460398,0.8693855262460398,1.5936826113640885,0.0,14490,ttm_r2,18,-0.0994838909359792,-0.4128149330897337
nasa_power_bmd,T2M,30,1.0150592833251377,1.0150592833251377,1.8591748005899154,0.0,14490,ttm_r2,18,-0.26871906747752794,-0.621922845284258
nasa_power_bmd,RH2M,1,0.35505779222139827,0.28693648329149796,4.277572436829438,0.8338854382332643,14490,AutoARIMA,18,0.6200096807043349,0.6080380914327448
nasa_power_bmd,RH2M,3,0.5030508050587442,0.40787750268924033,6.044325953475725,0.8407867494824016,14490,AutoARIMA,18,0.4628675520158825,0.44161671818243886
nasa_power_bmd,RH2M,7,0.5861844646086682,0.4732295129929281,7.0729538693419265,0.8238785369220152,14490,AutoARIMA,18,0.37483269388703866,0.3548148490744034
nasa_power_bmd,RH2M,14,0.6392169388603102,0.5114311253562625,7.578601584132746,0.8238095238095238,14490,AutoARIMA,18,0.31830031474285736,0.3027386085561079
nasa_power_bmd,RH2M,30,0.739275519325101,0.5873466271040303,8.556457323192063,0.8105590062111802,14490,AutoARIMA,18,0.22952273452326888,0.21922087609841812
nasa_power_bmd,RH2M,1,0.3707713801146773,0.30404560167475153,4.598038051430523,0.840855762594893,14490,AutoETS,18,0.6031926683427971,0.5846666378675651
nasa_power_bmd,RH2M,3,0.55692839774301,0.46641244197607296,6.987589011443645,0.874672187715666,14490,AutoETS,18,0.4053397576878097,0.3614825325887908
nasa_power_bmd,RH2M,7,0.6842980954441259,0.5918884019301086,8.376699084926043,0.9198757763975155,14490,AutoETS,18,0.2701942430483373,0.19303932352990416
nasa_power_bmd,RH2M,14,0.7333715325809002,0.689946234682569,8.871319052929795,0.9644582470669427,14490,AutoETS,18,0.21788814947815238,0.059359417592882546
nasa_power_bmd,RH2M,30,0.825400810449271,0.8796620281528503,9.746325555689152,0.9911663216011042,14490,AutoETS,18,0.1397624529244449,-0.16936356825119203
nasa_power_bmd,RH2M,1,0.37064670259488375,0.3078392195366042,4.597153325148476,0.8542443064182195,14490,AutoTheta,18,0.6033261008475702,0.5794844676518801
nasa_power_bmd,RH2M,3,0.5564094895254482,0.4750227001398735,6.981321254081645,0.8855072463768116,14490,AutoTheta,18,0.4058938218864456,0.34969511068123227
nasa_power_bmd,RH2M,7,0.6841087035389758,0.5989117565713601,8.373538133210648,0.9213940648723258,14490,AutoTheta,18,0.2703962300239241,0.1834639187848338
nasa_power_bmd,RH2M,14,0.7341082292347103,0.7016015491790512,8.874291902076573,0.9605244996549345,14490,AutoTheta,18,0.2171024915168227,0.043469104311945284
nasa_power_bmd,RH2M,30,0.828883560130678,0.9047943353402429,9.776062215534099,0.9897860593512767,14490,AutoTheta,18,0.1361327108584286,-0.20277276800117572
nasa_power_bmd,RH2M,1,0.3989084762989322,0.34630360372829444,4.789859524187367,0.40262249827467217,14490,DLinear,18,0.5730797560300857,0.5269412243992513
nasa_power_bmd,RH2M,3,0.5127837165201271,0.45610462522582107,6.112142180201495,0.3432712215320911,14490,DLinear,18,0.45247523675330215,0.3755939079586771
nasa_power_bmd,RH2M,7,0.5705448192321169,0.5113748450882301,6.889897380668648,0.31214630779848174,14490,DLinear,18,0.39151241769232226,0.3028087903453863
nasa_power_bmd,RH2M,14,0.6091943341095184,0.5470213285445357,7.244784050753612,0.2875086266390614,14490,DLinear,18,0.3503182400589556,0.2542165820964558
nasa_power_bmd,RH2M,30,0.6602057618232128,0.5964602620268553,7.893174448807072,0.2951000690131125,14490,DLinear,18,0.3119296977588153,0.20710582246188491
nasa_power_bmd,RH2M,1,0.3762549224389473,0.2963731743488234,4.525569122983409,0.8262939958592133,14490,NHITS,18,0.597324065979125,0.5951473520086081
nasa_power_bmd,RH2M,3,0.5453995747190092,0.42427863319915593,6.4792858617192275,0.7253278122843341,14490,NHITS,18,0.4176496573460242,0.4191636115039312
nasa_power_bmd,RH2M,7,0.6176669241395636,0.4945908497063109,7.5064213723522215,0.6369910282953761,14490,NHITS,18,0.34125656622920386,0.32569152334555707
nasa_power_bmd,RH2M,14,0.6745994486276964,0.5395842963461424,8.0673401254676,0.594824016563147,14490,NHITS,18,0.2805662618639708,0.26435588563464485
nasa_power_bmd,RH2M,30,0.7220063510092513,0.57229679098543,8.658821064424385,0.6122153209109731,14490,NHITS,18,0.2475207626376047,0.2392271165657902
nasa_power_bmd,RH2M,1,0.3570577796558801,0.2841456420281172,4.392016339679756,0.8170462387853692,14490,PatchTST,18,0.6178692520742199,0.6118504454964546
nasa_power_bmd,RH2M,3,0.506268060260369,0.39292551671237513,6.065548970144815,0.8427191166321601,14490,PatchTST,18,0.459432328088477,0.4620859496168903
nasa_power_bmd,RH2M,7,0.5745085184483814,0.45645646394854494,6.91688684641389,0.8,14490,PatchTST,18,0.3872851218308935,0.3776826582073146
nasa_power_bmd,RH2M,14,0.6212034128793442,0.48535352833947915,7.37178599155831,0.7785369220151829,14490,PatchTST,18,0.3375110306126372,0.33829159053147995
nasa_power_bmd,RH2M,30,0.6824292213555212,0.5284437003173172,8.035664397426695,0.7657004830917874,14490,PatchTST,18,0.28876827839311336,0.29752246744070243
nasa_power_bmd,RH2M,1,0.35156857248079165,0.27589861905040447,4.259411844520757,0.8030365769496204,14490,chronos2,18,0.6237439170804207,0.6231160706594228
nasa_power_bmd,RH2M,3,0.4891603047881812,0.378983601557159,5.96112948069069,0.8057971014492754,14490,chronos2,18,0.4776991323235221,0.48117239662086464
nasa_power_bmd,RH2M,7,0.5584870490163382,0.433985468970012,6.80703663862382,0.7799861973775017,14490,chronos2,18,0.40437206201701426,0.4083188545742342
nasa_power_bmd,RH2M,14,0.5918379534396974,0.4573949354956462,7.180656091639503,0.7766735679779158,14490,chronos2,18,0.36882813634067135,0.37640903466537845
nasa_power_bmd,RH2M,30,0.6360753231454537,0.490778878811885,7.7195168224401325,0.7692201518288475,14490,chronos2,18,0.33707858193148044,0.34759154927389424
nasa_power_bmd,RH2M,1,0.35609492830273504,0.27974697651266767,4.327846638607711,0.8017253278122843,14490,chronos_bolt,18,0.618899715849784,0.617859124876668
nasa_power_bmd,RH2M,3,0.4910398188489775,0.38185214748283625,6.002504557299609,0.8236714975845411,14490,chronos_bolt,18,0.47569228136862063,0.4772453644176582
nasa_power_bmd,RH2M,7,0.5662549930299098,0.4390129626258892,6.887281830798506,0.8001380262249828,14490,chronos_bolt,18,0.39608752886030074,0.401464539354902
nasa_power_bmd,RH2M,14,0.5998770291063011,0.46336199424770147,7.2818642224495544,0.8035886818495515,14490,chronos_bolt,18,0.36025477881755386,0.3682738245031357
nasa_power_bmd,RH2M,30,0.6548246502542956,0.5072186948465947,8.065047047704383,0.7912353347135955,14490,chronos_bolt,18,0.3175379236752227,0.32573756294222445
nasa_power_bmd,RH2M,1,0.9343864151053091,0.732051959692567,11.651810763544491,0.7028985507246377,14490,climatology,18,0.0,0.0
nasa_power_bmd,RH2M,3,0.9365489032485688,0.7304615234209411,11.622695898507548,0.7132505175983437,14490,climatology,18,0.0,0.0
nasa_power_bmd,RH2M,7,0.9376441456181183,0.7334786182137373,11.680828382730905,0.7046928916494134,14490,climatology,18,0.0,0.0
nasa_power_bmd,RH2M,14,0.9376811412479857,0.7334855072029566,11.68318274462297,0.704623878536922,14490,climatology,18,0.0,0.0
nasa_power_bmd,RH2M,30,0.9595033525975305,0.7522570841405668,11.951923750445888,0.6979986197377501,14490,climatology,18,0.0,0.0
nasa_power_bmd,RH2M,1,0.43619177295034955,0.350390181609625,5.277858945274796,0.7931677018633541,14490,lightgbm,18,0.53317838755052,0.5213588639844977
nasa_power_bmd,RH2M,3,0.5577452096490039,0.4464042717038374,6.685336836559695,0.792063492063492,14490,lightgbm,18,0.4044676068549373,0.3888736676872312
nasa_power_bmd,RH2M,7,0.606958900721537,0.4965156391594372,7.3666899686231355,0.7743271221532091,14490,lightgbm,18,0.3526767019684054,0.3230673303488836
nasa_power_bmd,RH2M,14,0.6281578494214967,0.5128205862133408,7.567229942589842,0.7567287784679089,14490,lightgbm,18,0.33009439798963636,0.3008442822968518
nasa_power_bmd,RH2M,30,0.6837711503735061,0.5565930822545487,8.232118396382207,0.7391994478951001,14490,lightgbm,18,0.2873697121303149,0.2601025713297985
nasa_power_bmd,RH2M,1,0.3526521606890501,0.27844299341730716,4.295965651967114,0.8339544513457557,14490,moirai2,18,0.6225842381823319,0.6196403961076175
nasa_power_bmd,RH2M,3,0.48847651444468115,0.3789371996508076,5.9323202190779964,0.8355417529330573,14490,moirai2,18,0.4784292493960297,0.48123592071469246
nasa_power_bmd,RH2M,7,0.5631432136572363,0.43641275718301786,6.837964277041287,0.8015182884748102,14490,moirai2,18,0.3994062499201141,0.40500957172299434
nasa_power_bmd,RH2M,14,0.5952958563744886,0.46002790389214465,7.216944276645082,0.7878536922015182,14490,moirai2,18,0.36514041907444905,0.37281936810667726
nasa_power_bmd,RH2M,30,0.6256534004167148,0.48387494227920186,7.660319935442164,0.7879227053140097,14490,moirai2,18,0.34794037068972195,0.3567691784092458
nasa_power_bmd,RH2M,1,0.3692909687470874,0.30037138679340913,4.581872054650783,0.834023464458247,14490,naive,18,0.6047770357347642,0.5896857008352887
nasa_power_bmd,RH2M,3,0.5571810660333153,0.45854735542393954,6.999347543289019,0.8636991028295377,14490,naive,18,0.40506997114550647,0.3722498164223036
nasa_power_bmd,RH2M,7,0.6923761245120794,0.5647938438456063,8.491027261436118,0.8530020703933747,14490,naive,18,0.2615790033481754,0.22997912983330604
nasa_power_bmd,RH2M,14,0.7622399900257653,0.6196649607074417,9.292486338243702,0.8571428571428571,14490,naive,18,0.1871010767996475,0.155177635246746
nasa_power_bmd,RH2M,30,0.9269490676302455,0.7578354670258558,11.22823628211044,0.8532091097308488,14490,naive,18,0.033928265992146156,-0.007415527221870111
nasa_power_bmd,RH2M,1,0.843989784909109,0.693618891098792,10.490876878562602,0.8480331262939959,14490,seasonal_naive,18,0.09674437549053194,0.05250046541766695
nasa_power_bmd,RH2M,3,0.8752873872944672,0.714198867496138,10.807712731144875,0.8433402346445825,14490,seasonal_naive,18,0.06541197767848139,0.022263535317563088
nasa_power_bmd,RH2M,7,0.8501558037741969,0.6902839357674491,10.31139953042517,0.8461697722567287,14490,seasonal_naive,18,0.09330655158759293,0.05889017262900109
nasa_power_bmd,RH2M,14,0.8501128792678064,0.6902777210013975,10.310188084787072,0.8461007591442374,14490,seasonal_naive,18,0.09338810191237534,0.058907484575020264
nasa_power_bmd,RH2M,30,0.8606005242801742,0.7098070903247328,10.833125869330566,0.8466528640441684,14490,seasonal_naive,18,0.10307710551465021,0.05643016823740776
nasa_power_bmd,RH2M,1,0.3480832633371587,0.3033969365558573,4.233838361649281,0.3204968944099379,14490,sundial,18,0.6274739682533501,0.5855527295039658
nasa_power_bmd,RH2M,3,0.49159305543882814,0.4139046063803419,5.95363717460633,0.38164251207729466,14490,sundial,18,0.4751015630538251,0.4333656282922075
nasa_power_bmd,RH2M,7,0.563791223410383,0.4755296425300569,6.826304215518851,0.389095928226363,14490,sundial,18,0.3987151457777003,0.35167893007143325
nasa_power_bmd,RH2M,14,0.5919033254697587,0.499768861520767,7.14158107923561,0.37839889579020014,14490,sundial,18,0.3687584196457464,0.31863839624239476
nasa_power_bmd,RH2M,30,0.6316269785425509,0.535202321673395,7.765633984901099,0.3880607315389924,14490,sundial,18,0.3417146726661927,0.2885380105328632
nasa_power_bmd,RH2M,1,0.34951269425292236,0.27519662782033294,4.255512559045129,0.817736369910283,14490,timesfm25,18,0.6259441612135052,0.6240750070037314
nasa_power_bmd,RH2M,3,0.48727597408991224,0.37765998842186843,5.913219217494944,0.8134575569358178,14490,timesfm25,18,0.4797111262426147,0.48298441969511463
nasa_power_bmd,RH2M,7,0.5588933028902275,0.4333040222438312,6.771492879003596,0.80351966873706,14490,timesfm25,18,0.4039387911692327,0.4092479160482283
nasa_power_bmd,RH2M,14,0.5865638977665604,0.4537980833596153,7.093229999384007,0.7987577639751553,14490,timesfm25,18,0.37445270896044014,0.3813128154500145
nasa_power_bmd,RH2M,30,0.6248557115532891,0.48418155411264524,7.630689868539482,0.7867494824016563,14490,timesfm25,18,0.3487717266837017,0.3563615892486949
nasa_power_bmd,RH2M,1,0.3496916148668902,0.27517951798332974,4.262482001616897,0.7925465838509317,14490,tirex,18,0.6257526766081263,0.6240983794389481
nasa_power_bmd,RH2M,3,0.488916068157707,0.38103530245055567,5.969344332710434,0.8265010351966874,14490,tirex,18,0.47795991596186393,0.47836362322539816
nasa_power_bmd,RH2M,7,0.5657221462471819,0.43862677556294327,6.839531914086487,0.7936507936507936,14490,tirex,18,0.3966558113854123,0.4019910537663056
nasa_power_bmd,RH2M,14,0.6035555394252861,0.46594788361089406,7.263588680949263,0.7899240855762595,14490,tirex,18,0.35633179246625635,0.364748343307122
nasa_power_bmd,RH2M,30,0.6536255091484614,0.5062565018977614,7.982943687219279,0.7919944789510007,14490,tirex,18,0.3187876755417356,0.3270166375685971
nasa_power_bmd,RH2M,1,0.3487820626339453,0.27420008968851456,4.255525382259664,0.8011732229123534,14490,toto2,18,0.6267260985438918,0.6254363012651891
nasa_power_bmd,RH2M,3,0.48830645142206164,0.37862192378430276,5.965404120920805,0.8173913043478261,14490,toto2,18,0.4786108341718269,0.48166753258800277
nasa_power_bmd,RH2M,7,0.5558581004657928,0.43307745461773706,6.869453538195677,0.7935127674258109,14490,toto2,18,0.4071758427080485,0.40955681070509764
nasa_power_bmd,RH2M,14,0.586449784226695,0.45525900223640203,7.231492360974016,0.8055210489993099,14490,toto2,18,0.3745744065555453,0.3793210666527441
nasa_power_bmd,RH2M,30,0.6392456008812818,0.4930435940685928,7.850532591709208,0.8077984817115252,14490,toto2,18,0.33377449995277164,0.344580989048602
nasa_power_bmd,RH2M,1,0.3895520313902218,0.3895520313902218,4.682203100252462,0.0,14490,ttm_r2,18,0.583093220221617,0.4678628665186303
nasa_power_bmd,RH2M,3,0.49619941395727835,0.49619941395727835,6.028611405483443,0.0,14490,ttm_r2,18,0.4701831241955099,0.3207042423898694
nasa_power_bmd,RH2M,7,0.5820698795672008,0.5820698795672008,6.992003714129345,0.0,14490,ttm_r2,18,0.3792209098863557,0.20642556563580106
nasa_power_bmd,RH2M,14,0.6220050645292848,0.6220050645292848,7.417370292826824,0.0,14490,ttm_r2,18,0.336656100706642,0.15198724661757346
nasa_power_bmd,RH2M,30,0.6715501689962299,0.6715501689962299,8.076395799720402,0.0,14490,ttm_r2,18,0.3001064903231082,0.10728634777370338
nasa_power_bmd,ALLSKY_SFC_SW_DWN,1,0.6050298109410723,0.4914124718247169,3.4460519939106087,0.8276052449965493,14490,AutoARIMA,18,0.21372474732314573,0.1812915704511947
nasa_power_bmd,ALLSKY_SFC_SW_DWN,3,0.7546213291648728,0.5958176208538104,4.087558410237642,0.8085576259489303,14490,AutoARIMA,18,0.018712685057785117,-0.0012958853707616402
nasa_power_bmd,ALLSKY_SFC_SW_DWN,7,0.7581520308326831,0.5998347573930458,4.123728646042179,0.8121463077984817,14490,AutoARIMA,18,0.01880278852142958,-0.00014979437517359528
nasa_power_bmd,ALLSKY_SFC_SW_DWN,14,0.7598627227075131,0.6013461421151235,4.132682127066659,0.8130434782608695,14490,AutoARIMA,18,0.016717622740750393,-0.0025454021459114795
nasa_power_bmd,ALLSKY_SFC_SW_DWN,30,0.7877089710327123,0.6243626950486654,4.319128395561944,0.8066942719116632,14490,AutoARIMA,18,-0.004719144445164192,-0.010779258569905803
nasa_power_bmd,ALLSKY_SFC_SW_DWN,1,0.6370496245912132,0.5255013672098002,3.681985766145283,0.8283643892339545,14490,AutoETS,18,0.17211293479233747,0.12449841275590134
nasa_power_bmd,ALLSKY_SFC_SW_DWN,3,0.8713665633395211,0.7001096310985069,4.798592185866309,0.8091097308488613,14490,AutoETS,18,-0.13309937345151135,-0.17656287493279432
nasa_power_bmd,ALLSKY_SFC_SW_DWN,7,0.9513701563052273,0.7836344125273901,5.3000458892141635,0.8797101449275362,14490,AutoETS,18,-0.2312593074839775,-0.306612841111207
nasa_power_bmd,ALLSKY_SFC_SW_DWN,14,0.9306857059211134,0.8343003276079529,5.23541405094652,0.9522429261559696,14490,AutoETS,18,-0.20433181685577506,-0.39091930399721986
nasa_power_bmd,ALLSKY_SFC_SW_DWN,30,0.9735149802936656,0.9847843742584955,5.373681559074429,0.9920634920634921,14490,AutoETS,18,-0.2417138487363797,-0.5942650442730972
nasa_power_bmd,ALLSKY_SFC_SW_DWN,1,0.637337696215995,0.5316617602468191,3.683039784775373,0.8452035886818495,14490,AutoTheta,18,0.17173856714058144,0.11423500676212728
nasa_power_bmd,ALLSKY_SFC_SW_DWN,3,0.8713858177824696,0.7129496350623289,4.7989097856536915,0.8370600414078675,14490,AutoTheta,18,-0.1331244113611112,-0.19814102684897228
nasa_power_bmd,ALLSKY_SFC_SW_DWN,7,0.9515819006939473,0.7905200982964549,5.300979561666067,0.8932367149758454,14490,AutoTheta,18,-0.23153334619298183,-0.3180938650451861
nasa_power_bmd,ALLSKY_SFC_SW_DWN,14,0.9310256170146688,0.8400150302823908,5.237042171758726,0.9452726017943409,14490,AutoTheta,18,-0.204771670763777,-0.4004466768190309
nasa_power_bmd,ALLSKY_SFC_SW_DWN,30,0.9746501321371194,1.0021273505404507,5.379030219707373,0.9939268461007591,14490,AutoTheta,18,-0.24316172965549,-0.6223415466757651
nasa_power_bmd,ALLSKY_SFC_SW_DWN,1,0.610217258487732,0.5403816250883875,3.5028172681374072,0.3554175293305728,14490,DLinear,18,0.20698332474075498,0.09970744130614773
nasa_power_bmd,ALLSKY_SFC_SW_DWN,3,0.7452695190655304,0.6639118431655457,4.100284939906681,0.304071773636991,14490,DLinear,18,0.03087350303040859,-0.11573101154335896
nasa_power_bmd,ALLSKY_SFC_SW_DWN,7,0.7416260297395973,0.6595889873433318,4.110971507364372,0.3135265700483092,14490,DLinear,18,0.04019067054242509,-0.09978253499454581
nasa_power_bmd,ALLSKY_SFC_SW_DWN,14,0.7469631809272611,0.6609096013901475,4.133450787960331,0.31766735679779157,14490,DLinear,18,0.03340996956630127,-0.1018477307881871
nasa_power_bmd,ALLSKY_SFC_SW_DWN,30,0.7666985016160981,0.6817270464081405,4.323073657385923,0.32111801242236027,14490,DLinear,18,0.022079611990193482,-0.1036462683949475
nasa_power_bmd,ALLSKY_SFC_SW_DWN,1,0.6335130426016655,0.4982037018042202,3.679444908570249,0.7741890959282264,14490,NHITS,18,0.1767089511326213,0.16997717053257178
nasa_power_bmd,ALLSKY_SFC_SW_DWN,3,0.7932044281475895,0.6306699160100799,4.46255489191521,0.6374051069703244,14490,NHITS,18,-0.031459638648993815,-0.05986659310795783
nasa_power_bmd,ALLSKY_SFC_SW_DWN,7,0.7936383316174468,0.6332447293834139,4.4822913008756045,0.643064182194617,14490,NHITS,18,-0.027123434662933432,-0.05585676401039863
nasa_power_bmd,ALLSKY_SFC_SW_DWN,14,0.7878197237779002,0.6262909449664803,4.429557030473366,0.6645272601794341,14490,NHITS,18,-0.01945947300567563,-0.0441325940385906
nasa_power_bmd,ALLSKY_SFC_SW_DWN,30,0.8198266744314828,0.6509235197638888,4.661041588907297,0.6837819185645273,14490,NHITS,18,-0.04568512638396349,-0.05377851353110463
nasa_power_bmd,ALLSKY_SFC_SW_DWN,1,0.6413916344198448,0.4947374513043506,3.7370148299253754,0.8049689440993789,14490,PatchTST,18,0.1664702130397968,0.1757520514439851
nasa_power_bmd,ALLSKY_SFC_SW_DWN,3,0.7351719225177374,0.581064419232486,4.164319435024324,0.7846790890269151,14490,PatchTST,18,0.0440041196997244,0.023497473473356734
nasa_power_bmd,ALLSKY_SFC_SW_DWN,7,0.7421100033464013,0.575010991392529,4.206662740374783,0.8276052449965493,14490,PatchTST,18,0.03956431390930537,0.04124074552774504
nasa_power_bmd,ALLSKY_SFC_SW_DWN,14,0.7432884048153345,0.5779069607894016,4.184120743407968,0.8069013112491373,14490,PatchTST,18,0.03816522664531119,0.036531664825057986
nasa_power_bmd,ALLSKY_SFC_SW_DWN,30,0.7662892514853028,0.6049174066480894,4.379384489465416,0.7951000690131125,14490,PatchTST,18,0.022601608636667603,0.020700671842464824
nasa_power_bmd,ALLSKY_SFC_SW_DWN,1,0.5863731331862033,0.46231792763008184,3.5224820137718655,0.7945479641131815,14490,chronos2,18,0.237970303080148,0.22976398405840248
nasa_power_bmd,ALLSKY_SFC_SW_DWN,3,0.720058553029247,0.5644298014349638,4.143900224451948,0.7594893029675638,14490,chronos2,18,0.06365709953466103,0.051452629165975816
nasa_power_bmd,ALLSKY_SFC_SW_DWN,7,0.7369081578922092,0.5752682109420031,4.252802556686538,0.7830917874396135,14490,chronos2,18,0.04629652070507162,0.04081186394603431
nasa_power_bmd,ALLSKY_SFC_SW_DWN,14,0.7355287958052711,0.5735610092345365,4.24274839588854,0.7905452035886819,14490,chronos2,18,0.0482063650852006,0.04377709876756897
nasa_power_bmd,ALLSKY_SFC_SW_DWN,30,0.7544461561914636,0.5926822253123537,4.373611546340532,0.7769496204278813,14490,chronos2,18,0.03770742183517506,0.04050817734700063
nasa_power_bmd,ALLSKY_SFC_SW_DWN,1,0.5898156365925178,0.46488203567580016,3.4939926410809043,0.7939268461007591,14490,chronos_bolt,18,0.23349654792512387,0.22549210047451917
nasa_power_bmd,ALLSKY_SFC_SW_DWN,3,0.7323632181699757,0.572700548602877,4.150845777739555,0.7783298826777088,14490,chronos_bolt,18,0.047656475976125656,0.037553300213089225
nasa_power_bmd,ALLSKY_SFC_SW_DWN,7,0.7481006240377417,0.5857115017567396,4.224283234910028,0.7852311939268461,14490,chronos_bolt,18,0.031811277475553124,0.02339897642622224
nasa_power_bmd,ALLSKY_SFC_SW_DWN,14,0.7492617251043119,0.5856392630301559,4.199162984042881,0.7988267770876466,14490,chronos_bolt,18,0.030435592859686778,0.023640613371390118
nasa_power_bmd,ALLSKY_SFC_SW_DWN,30,0.7735632810902677,0.6054207266705433,4.330428777751939,0.8060041407867495,14490,chronos_bolt,18,0.013323617563660517,0.019885848274122542
nasa_power_bmd,ALLSKY_SFC_SW_DWN,1,0.7694885587219789,0.6002289143346637,4.2599017679224,0.8388543823326432,14490,climatology,18,0.0,0.0
nasa_power_bmd,ALLSKY_SFC_SW_DWN,3,0.7690116010613163,0.595046508788149,4.180287926399621,0.8244996549344376,14490,climatology,18,0.0,0.0
nasa_power_bmd,ALLSKY_SFC_SW_DWN,7,0.7726805803801873,0.599744918977644,4.187652378804953,0.8226363008971704,14490,climatology,18,0.0,0.0
nasa_power_bmd,ALLSKY_SFC_SW_DWN,14,0.7727817972549402,0.5998193606274232,4.187806237673498,0.8226363008971704,14490,climatology,18,0.0,0.0
nasa_power_bmd,ALLSKY_SFC_SW_DWN,30,0.7840091187549816,0.6177043006719792,4.372762435963709,0.8179434092477571,14490,climatology,18,0.0,0.0
nasa_power_bmd,ALLSKY_SFC_SW_DWN,1,0.6623055207957463,0.533750207573849,3.7567583190181555,0.7619737750172533,14490,lightgbm,18,0.13929126913108325,0.11075558869819613
nasa_power_bmd,ALLSKY_SFC_SW_DWN,3,0.7380711382674813,0.5887381292587317,4.0964167723693405,0.7866804692891649,14490,lightgbm,18,0.04023406506629279,0.01060148986045606
nasa_power_bmd,ALLSKY_SFC_SW_DWN,7,0.7397174329259695,0.5900691968283968,4.133712921728027,0.7817805383022775,14490,lightgbm,18,0.04266076861670154,0.016133062312125968
nasa_power_bmd,ALLSKY_SFC_SW_DWN,14,0.738321141070529,0.589409250762079,4.12804247739889,0.7728088336783989,14490,lightgbm,18,0.04459299676418571,0.017355408225661617
nasa_power_bmd,ALLSKY_SFC_SW_DWN,30,0.7623234605021069,0.6107725272853638,4.3226251274385925,0.764872325741891,14490,lightgbm,18,0.027659956669014107,0.011221831188603648
nasa_power_bmd,ALLSKY_SFC_SW_DWN,1,0.5868690034167235,0.4640876486138119,3.4904011147999463,0.8050379572118702,14490,moirai2,18,0.2373258877410248,0.22681557397440688
nasa_power_bmd,ALLSKY_SFC_SW_DWN,3,0.7231197947510499,0.564037861222848,4.157273729061096,0.7638371290545204,14490,moirai2,18,0.05967635110696756,0.052111300725807275
nasa_power_bmd,ALLSKY_SFC_SW_DWN,7,0.7314302178678769,0.5705181506311617,4.21091037050624,0.7877156659765355,14490,moirai2,18,0.05338604794754087,0.048731998257365405
nasa_power_bmd,ALLSKY_SFC_SW_DWN,14,0.7230227606519967,0.5659814349476762,4.16105488068492,0.7877156659765355,14490,moirai2,18,0.06438950397084486,0.0564135269731072
nasa_power_bmd,ALLSKY_SFC_SW_DWN,30,0.7522445948029847,0.5921628886284864,4.336257167333591,0.7515527950310559,14490,moirai2,18,0.04051550319011532,0.041348930249809124
nasa_power_bmd,ALLSKY_SFC_SW_DWN,1,0.6379305036683476,0.528614922299494,3.819693870317353,0.8273982056590752,14490,naive,18,0.17096817563100897,0.11931113334410381
nasa_power_bmd,ALLSKY_SFC_SW_DWN,3,0.928393654775855,0.7481846685776002,5.192123357745151,0.8082125603864734,14490,naive,18,-0.20725572084292998,-0.2573549420554153
nasa_power_bmd,ALLSKY_SFC_SW_DWN,7,1.034774317991032,0.8356940938725915,5.8091195433451945,0.8066252587991718,14490,naive,18,-0.33920062735611256,-0.39341587969958725
nasa_power_bmd,ALLSKY_SFC_SW_DWN,14,1.0349124910450742,0.8329426493636909,5.783689605436644,0.8086266390614216,14490,naive,18,-0.3392040220425343,-0.3886558254678807
nasa_power_bmd,ALLSKY_SFC_SW_DWN,30,1.1053167989888033,0.8758297386636681,6.02857495576189,0.7989648033126294,14490,naive,18,-0.40982645806985407,-0.4178786479402572
nasa_power_bmd,ALLSKY_SFC_SW_DWN,1,1.0156454028924427,0.8258982122653915,5.767026462883839,0.8019323671497585,14490,seasonal_naive,18,-0.31989669161462064,-0.3759720542301359
nasa_power_bmd,ALLSKY_SFC_SW_DWN,3,1.0822479496476762,0.8720322918901844,6.043979823336602,0.782608695652174,14490,seasonal_naive,18,-0.40732330715695464,-0.4654859393531019
nasa_power_bmd,ALLSKY_SFC_SW_DWN,7,0.9987832873329892,0.8057233936321632,5.587980814741701,0.8102139406487232,14490,seasonal_naive,18,-0.29262118486470956,-0.3434434676089304
nasa_power_bmd,ALLSKY_SFC_SW_DWN,14,0.999090512743301,0.8058192545580212,5.588278798609362,0.8102139406487232,14490,seasonal_naive,18,-0.29284943860252644,-0.34343655349023394
nasa_power_bmd,ALLSKY_SFC_SW_DWN,30,1.0446830068936896,0.842517172031241,5.8354704567871725,0.7951000690131125,14490,seasonal_naive,18,-0.33248833706508685,-0.3639490143013342
nasa_power_bmd,ALLSKY_SFC_SW_DWN,1,0.5920142489490178,0.5010925200055162,3.430094514713813,0.38247066942719116,14490,sundial,18,0.23063930939756006,0.1651643097517842
nasa_power_bmd,ALLSKY_SFC_SW_DWN,3,0.7352140346387563,0.6189014333555353,4.073473169569825,0.3960662525879917,14490,sundial,18,0.04394935833986868,-0.04008917658548805
nasa_power_bmd,ALLSKY_SFC_SW_DWN,7,0.7406861250556428,0.6200177557348404,4.1136378519035866,0.42084195997239476,14490,sundial,18,0.041407091283181985,-0.03380243186012222
nasa_power_bmd,ALLSKY_SFC_SW_DWN,14,0.7427992683532467,0.6200134086290278,4.105911228089709,0.42698412698412697,14490,sundial,18,0.038798182110651225,-0.03366688261025974
nasa_power_bmd,ALLSKY_SFC_SW_DWN,30,0.7761892000652895,0.6483586270402545,4.265559051851195,0.41835748792270533,14490,sundial,18,0.009974270072407143,-0.04962621489752861
nasa_power_bmd,ALLSKY_SFC_SW_DWN,1,0.588413185790052,0.46566327593650786,3.4225574327891244,0.7922705314009661,14490,timesfm25,18,0.23531912317535908,0.22419052995358946
nasa_power_bmd,ALLSKY_SFC_SW_DWN,3,0.7244947864754477,0.5678983077426712,4.076114516481849,0.7772256728778468,14490,timesfm25,18,0.05788835243113455,0.04562366242727289
nasa_power_bmd,ALLSKY_SFC_SW_DWN,7,0.7363671132323151,0.5764881804646544,4.120359377020555,0.8189786059351277,14490,timesfm25,18,0.04699673845821861,0.03877771662098317
nasa_power_bmd,ALLSKY_SFC_SW_DWN,14,0.7355205376715256,0.5740383616571507,4.109575506932284,0.8274672187715666,14490,timesfm25,18,0.04821705132777887,0.04298127180040512
nasa_power_bmd,ALLSKY_SFC_SW_DWN,30,0.7579567596796328,0.5953846912645228,4.269601751953208,0.805175983436853,14490,timesfm25,18,0.033229663344630844,0.03613316174612313
nasa_power_bmd,ALLSKY_SFC_SW_DWN,1,0.5851669641831242,0.4608561373961813,3.5000900677794515,0.7908902691511387,14490,tirex,18,0.23953779747549342,0.2321993719562362
nasa_power_bmd,ALLSKY_SFC_SW_DWN,3,0.7235150571545388,0.568201875241639,4.197312573278193,0.7573498964803312,14490,tirex,18,0.05916236353780291,0.04511350482701071
nasa_power_bmd,ALLSKY_SFC_SW_DWN,7,0.7375459792520386,0.5777682818616211,4.27429270444956,0.7854382332643203,14490,tirex,18,0.045471054948554746,0.03664330688034079
nasa_power_bmd,ALLSKY_SFC_SW_DWN,14,0.7381661110356782,0.576845190598009,4.255842217241791,0.7886128364389234,14490,tirex,18,0.044793609712629356,0.03830181474199634
nasa_power_bmd,ALLSKY_SFC_SW_DWN,30,0.7634597997842335,0.5985606657358665,4.422337375381214,0.7964113181504486,14490,tirex,18,0.02621056117737597,0.030991584347538126
nasa_power_bmd,ALLSKY_SFC_SW_DWN,1,0.58366676006034,0.45750550010461744,3.4564573240409007,0.7768806073153899,14490,toto2,18,0.2414874094687839,0.23778163767443805
nasa_power_bmd,ALLSKY_SFC_SW_DWN,3,0.7304703466014385,0.5721407062144646,4.168203650905644,0.7709454796411318,14490,toto2,18,0.050117910323702275,0.03849413824867842
nasa_power_bmd,ALLSKY_SFC_SW_DWN,7,0.73985812419746,0.5771087319718788,4.228340408335286,0.8016563146997929,14490,toto2,18,0.042478686557098966,0.037743024224952126
nasa_power_bmd,ALLSKY_SFC_SW_DWN,14,0.7393193302791421,0.5757741350187328,4.221726041378403,0.8089026915113872,14490,toto2,18,0.04330131363686729,0.04008744496599559
nasa_power_bmd,ALLSKY_SFC_SW_DWN,30,0.7607731772698119,0.5967651772914776,4.384371260913577,0.8121463077984817,14490,toto2,18,0.02963733575199834,0.033898296252305005
nasa_power_bmd,ALLSKY_SFC_SW_DWN,1,0.615478584217791,0.615478584217791,3.5149288628591595,0.0,14490,ttm_r2,18,0.20014589269524496,-0.025406423314396687
nasa_power_bmd,ALLSKY_SFC_SW_DWN,3,0.7586021646629536,0.7586021646629536,4.164237159741614,0.0,14490,ttm_r2,18,0.013536124011648942,-0.2748619703826114
nasa_power_bmd,ALLSKY_SFC_SW_DWN,7,0.7813001491115575,0.7813001491115575,4.290381536789313,0.0,14490,ttm_r2,18,-0.011155410075311067,-0.3027207474194227
nasa_power_bmd,ALLSKY_SFC_SW_DWN,14,0.7720979073673248,0.7720979073673248,4.20651401596007,0.0,14490,ttm_r2,18,0.0008849715275964787,-0.28721738251278617
nasa_power_bmd,ALLSKY_SFC_SW_DWN,30,0.7881873827211556,0.7881873827211556,4.335682968118772,0.0,14490,ttm_r2,18,-0.0053293563381113795,-0.275994649646625
nasa_power_ghcn_bangladesh,PRECTOTCORR,1,1.3038461746146404,1.1210593562164453,16.063732762831414,0.9094202898550725,4140,AutoARIMA,18,0.13776421018047758,0.12860744507532829
nasa_power_ghcn_bangladesh,PRECTOTCORR,3,1.6970059646836086,1.3825292826216888,20.501640600599533,0.9154589371980676,4140,AutoARIMA,18,-0.12926034484266435,-0.08721494867990232
nasa_power_ghcn_bangladesh,PRECTOTCORR,7,1.7262287143143404,1.3833240010030268,19.200094942402902,0.9202898550724637,4140,AutoARIMA,18,-0.19717016239965268,-0.13580707593695185
nasa_power_ghcn_bangladesh,PRECTOTCORR,14,1.7476096038018967,1.3918858272375287,19.254222014670884,0.9214975845410628,4140,AutoARIMA,18,-0.21199843072059776,-0.1428376593555365
nasa_power_ghcn_bangladesh,PRECTOTCORR,30,1.890517477195709,1.5198064857317655,21.12125503019271,0.9089371980676328,4140,AutoARIMA,18,-0.16939129161752375,-0.09986515804085916
nasa_power_ghcn_bangladesh,PRECTOTCORR,1,1.3220103563109609,1.2076307374368334,17.6403067184445,0.8934782608695652,4140,AutoETS,18,0.12575220458021485,0.061316041951418376
nasa_power_ghcn_bangladesh,PRECTOTCORR,3,1.725726111792653,1.5297437804791905,23.34934947166687,0.8874396135265701,4140,AutoETS,18,-0.14837195900504496,-0.2029837824723928
nasa_power_ghcn_bangladesh,PRECTOTCORR,7,1.8924617224551146,1.6936466885583685,24.438558714552368,0.9103864734299517,4140,AutoETS,18,-0.31245569536630824,-0.3906040028272253
nasa_power_ghcn_bangladesh,PRECTOTCORR,14,1.821097882128639,1.7373001101183316,23.921823412120236,0.9497584541062802,4140,AutoETS,18,-0.26296386248213355,-0.4264474517901158
nasa_power_ghcn_bangladesh,PRECTOTCORR,30,2.02395906271025,2.047323822950858,25.49183431934486,0.9642512077294686,4140,AutoETS,18,-0.25193241060882166,-0.4816229310973503
nasa_power_ghcn_bangladesh,PRECTOTCORR,1,1.3168497600242661,1.2483719817082273,17.611405533496743,0.9002415458937199,4140,AutoTheta,18,0.12916491606553493,0.02964812290716956
nasa_power_ghcn_bangladesh,PRECTOTCORR,3,1.7246285181217653,1.484521406426626,23.358441193054283,0.9031400966183575,4140,AutoTheta,18,-0.14764157323559068,-0.1674211063665325
nasa_power_ghcn_bangladesh,PRECTOTCORR,7,1.8927095927544753,1.6930482565542921,24.447127161278885,0.91256038647343,4140,AutoTheta,18,-0.3126275978054689,-0.3901126477258867
nasa_power_ghcn_bangladesh,PRECTOTCORR,14,1.821199188824637,1.640925107601655,23.949870146193994,0.9446859903381642,4140,AutoTheta,18,-0.26303412048272135,-0.34731669254160824
nasa_power_ghcn_bangladesh,PRECTOTCORR,30,2.0270075223062967,1.9820014956729861,25.509231205167556,0.9644927536231884,4140,AutoTheta,18,-0.2538180541680406,-0.43434997069773695
nasa_power_ghcn_bangladesh,PRECTOTCORR,1,1.1903182744813512,1.068121656961828,16.418666257106032,0.5927536231884057,4140,DLinear,18,0.21284041206979154,0.16975559369878845
nasa_power_ghcn_bangladesh,PRECTOTCORR,3,1.4071262838099112,1.2750511726440434,20.442525773751058,0.5415458937198068,4140,DLinear,18,0.06363799211005483,-0.0026946355896995122
nasa_power_ghcn_bangladesh,PRECTOTCORR,7,1.3824760780258365,1.2445396311138925,18.89090209797414,0.543719806763285,4140,DLinear,18,0.04122837424748993,-0.02185526910411051
nasa_power_ghcn_bangladesh,PRECTOTCORR,14,1.369961789009234,1.237793604603818,18.867081330482613,0.5557971014492754,4140,DLinear,18,0.04990706459027294,-0.01631694077827217
nasa_power_ghcn_bangladesh,PRECTOTCORR,30,1.5194224873949844,1.3775152470363121,20.857134824871846,0.5497584541062802,4140,DLinear,18,0.06015181214661958,0.0031092516651575197
nasa_power_ghcn_bangladesh,PRECTOTCORR,1,1.1482093661633455,0.9449774117847797,17.47448222486655,0.8260869565217391,4140,NHITS,18,0.24068710789090297,0.26547485943977234
nasa_power_ghcn_bangladesh,PRECTOTCORR,3,1.424867746864099,1.191312654592568,22.015539608885575,0.7640096618357488,4140,NHITS,18,0.05183206384372696,0.06315696679605498
nasa_power_ghcn_bangladesh,PRECTOTCORR,7,1.4147159709134796,1.194096586406894,20.34283971319998,0.7294685990338164,4140,NHITS,18,0.01886943798140095,0.019562046773059394
nasa_power_ghcn_bangladesh,PRECTOTCORR,14,1.3945381076926135,1.169540341825734,20.22200237493818,0.7306763285024155,4140,NHITS,18,0.03286294923845445,0.03972386195875621
nasa_power_ghcn_bangladesh,PRECTOTCORR,30,1.5667324388597272,1.320561134102899,22.026115951532763,0.717391304347826,4140,NHITS,18,0.030887948724535597,0.044326238834694554
nasa_power_ghcn_bangladesh,PRECTOTCORR,1,1.116914072911705,0.9208946446876457,16.658292958303097,0.8241545893719807,4140,PatchTST,18,0.26138274087263635,0.2841942464499778
nasa_power_ghcn_bangladesh,PRECTOTCORR,3,1.3768675644376818,1.1725787256286309,20.60849458201138,0.7971014492753623,4140,PatchTST,18,0.08377343805655857,0.07788924615760051
nasa_power_ghcn_bangladesh,PRECTOTCORR,7,1.4396857269030892,1.235370833912177,20.295340790266245,0.8057971014492754,4140,PatchTST,18,0.0015524703135133544,-0.014327036577248764
nasa_power_ghcn_bangladesh,PRECTOTCORR,14,1.3896965130129981,1.1920763882070664,19.776800630695316,0.7968599033816425,4140,PatchTST,18,0.03622068150378033,0.021220158570464887
nasa_power_ghcn_bangladesh,PRECTOTCORR,30,1.6301306284444066,1.399883068871697,22.641160347207407,0.7973429951690821,4140,PatchTST,18,-0.008327394005123834,-0.013078064370778408
nasa_power_ghcn_bangladesh,PRECTOTCORR,1,1.1093565651282777,0.9048287795730477,16.48042384189345,0.6847826086956522,4140,chronos2,18,0.26638053418566776,0.29668214476834454
nasa_power_ghcn_bangladesh,PRECTOTCORR,3,1.3588854267414747,1.1153330849381977,20.6429463896555,0.7405797101449275,4140,chronos2,18,0.09573952152263121,0.1229069662795027
nasa_power_ghcn_bangladesh,PRECTOTCORR,7,1.3305084323095373,1.1067131830211527,19.338800242108835,0.693719806763285,4140,chronos2,18,0.07726885622175772,0.0913100160217768
nasa_power_ghcn_bangladesh,PRECTOTCORR,14,1.3327508948194744,1.1039050537024104,19.34968845980245,0.701207729468599,4140,chronos2,18,0.07571348340691564,0.09361512055347754
nasa_power_ghcn_bangladesh,PRECTOTCORR,30,1.4745720129353472,1.2369000949502258,21.4122096263184,0.7227053140096619,4140,chronos2,18,0.08789435083809571,0.1048706982203993
nasa_power_ghcn_bangladesh,PRECTOTCORR,1,1.163425155573164,0.9550834819323218,17.617425752105195,0.8647342995169082,4140,chronos_bolt,18,0.23062487934359743,0.25761947315957046
nasa_power_ghcn_bangladesh,PRECTOTCORR,3,1.3761120756223215,1.1313900338514051,21.24793139252722,0.8625603864734299,4140,chronos_bolt,18,0.08427617262432874,0.110279852258797
nasa_power_ghcn_bangladesh,PRECTOTCORR,7,1.3395360586901122,1.1178089494934753,19.976507835869576,0.8458937198067633,4140,chronos_bolt,18,0.07100803756517027,0.08219960511076096
nasa_power_ghcn_bangladesh,PRECTOTCORR,14,1.3541760061157433,1.1132392816217522,20.140032536724824,0.8625603864734299,4140,chronos_bolt,18,0.06085478658320809,0.08595105287028015
nasa_power_ghcn_bangladesh,PRECTOTCORR,30,1.5165303123362002,1.256521382391474,22.389715029635934,0.798792270531401,4140,chronos_bolt,18,0.0619407849375998,0.09067101515868181
nasa_power_ghcn_bangladesh,PRECTOTCORR,1,1.5121689333813817,1.2865147285007,21.184563428447724,0.7939613526570048,4140,climatology,18,0.0,0.0
nasa_power_ghcn_bangladesh,PRECTOTCORR,3,1.5027588389460769,1.2716246077193452,21.84025604041052,0.7785024154589372,4140,climatology,18,0.0,0.0
nasa_power_ghcn_bangladesh,PRECTOTCORR,7,1.4419242715289722,1.2179216262250285,20.08070505597176,0.7884057971014493,4140,climatology,18,0.0,0.0
nasa_power_ghcn_bangladesh,PRECTOTCORR,14,1.441923982329622,1.2179208620255253,20.080710595005648,0.788647342995169,4140,climatology,18,0.0,0.0
nasa_power_ghcn_bangladesh,PRECTOTCORR,30,1.616667997057435,1.381811647201307,22.242795829913117,0.7753623188405797,4140,climatology,18,0.0,0.0
nasa_power_ghcn_bangladesh,PRECTOTCORR,1,1.309126905375373,1.1693415725244771,19.425991403987656,0.7169082125603865,4140,lightgbm,18,0.13427205355421745,0.09107797476425006
nasa_power_ghcn_bangladesh,PRECTOTCORR,3,1.3958818715396977,1.2405798240045274,20.83196255181405,0.7557971014492754,4140,lightgbm,18,0.07112050492501831,0.02441348140509525
nasa_power_ghcn_bangladesh,PRECTOTCORR,7,1.364256326141202,1.2106070073510258,19.476576568060906,0.7702898550724637,4140,lightgbm,18,0.05386409461393804,0.006005820667356554
nasa_power_ghcn_bangladesh,PRECTOTCORR,14,1.3632007638415768,1.2054716124149853,19.323862127668164,0.7814009661835749,4140,lightgbm,18,0.05459595613414869,0.01022172293677237
nasa_power_ghcn_bangladesh,PRECTOTCORR,30,1.5288406148867468,1.3731384864996818,21.623757419995844,0.7285024154589372,4140,lightgbm,18,0.05432617106947524,0.006276659137438467
nasa_power_ghcn_bangladesh,PRECTOTCORR,1,1.1205885193763758,0.9188427950038786,16.697238054813706,0.8111111111111111,4140,moirai2,18,0.2589528229027874,0.2857891366119881
nasa_power_ghcn_bangladesh,PRECTOTCORR,3,1.372727719460245,1.1318314036270365,21.083148438091584,0.753864734299517,4140,moirai2,18,0.0865282679535101,0.10993276100800486
nasa_power_ghcn_bangladesh,PRECTOTCORR,7,1.3430781602057371,1.1195305212985251,19.857817597033804,0.6504830917874396,4140,moirai2,18,0.06855152747961002,0.0807860726075359
nasa_power_ghcn_bangladesh,PRECTOTCORR,14,1.3637911016204298,1.1252591311395435,20.038558857700412,0.7297101449275363,4140,moirai2,18,0.054186546355209364,0.07608189807330834
nasa_power_ghcn_bangladesh,PRECTOTCORR,30,1.54708860825081,1.2834681041876272,22.335449792749866,0.7427536231884058,4140,moirai2,18,0.04303876178242494,0.07117000584910593
nasa_power_ghcn_bangladesh,PRECTOTCORR,1,1.201488849433207,1.1308779043266226,17.251077081825695,0.6770531400966183,4140,naive,18,0.20545329102447485,0.12097554790954934
nasa_power_ghcn_bangladesh,PRECTOTCORR,3,1.7952667847263324,1.6689250201745298,24.94041355093751,0.6719806763285024,4140,naive,18,-0.19464729682468462,-0.3124352973695135
nasa_power_ghcn_bangladesh,PRECTOTCORR,7,2.033995167177653,1.888145259423355,26.760199847339802,0.6659420289855073,4140,naive,18,-0.41061164399491457,-0.5503011185339548
nasa_power_ghcn_bangladesh,PRECTOTCORR,14,1.936461149121128,1.7947812165058483,26.2234226827481,0.6681159420289855,4140,naive,18,-0.34297034576851604,-0.47364354488595106
nasa_power_ghcn_bangladesh,PRECTOTCORR,30,2.220069935281239,2.0526153015751842,28.21672858866486,0.6432367149758454,4140,naive,18,-0.3732380051575719,-0.485452308737236
nasa_power_ghcn_bangladesh,PRECTOTCORR,1,1.976303114744378,1.834871918822538,25.81013023417964,0.6589371980676328,4140,seasonal_naive,18,-0.3069327580518,-0.4262346774380825
nasa_power_ghcn_bangladesh,PRECTOTCORR,3,2.2288232018181087,2.0798427826310744,29.656747135792365,0.642512077294686,4140,seasonal_naive,18,-0.4831542786873504,-0.6355792189027123
nasa_power_ghcn_bangladesh,PRECTOTCORR,7,1.9927363901935375,1.850306285981361,26.465586607758265,0.6570048309178744,4140,seasonal_naive,18,-0.3819979520009751,-0.5192326387342516
nasa_power_ghcn_bangladesh,PRECTOTCORR,14,1.9927361009941873,1.8503061895815776,26.465586607301926,0.6570048309178744,4140,seasonal_naive,18,-0.3819980286163591,-0.5192335128444483
nasa_power_ghcn_bangladesh,PRECTOTCORR,30,2.1789863063711272,2.031068636162669,27.75445286770228,0.648792270531401,4140,seasonal_naive,18,-0.34782547210508996,-0.46985925344916146
nasa_power_ghcn_bangladesh,PRECTOTCORR,1,1.135979001880369,0.9764776378451965,15.748227615020971,0.33768115942028987,4140,sundial,18,0.24877506950219452,0.24098992711635692
nasa_power_ghcn_bangladesh,PRECTOTCORR,3,1.422934000484545,1.2377567764753996,19.974839329712072,0.29492753623188406,4140,sundial,18,0.053118861385313854,0.026633513568668166
nasa_power_ghcn_bangladesh,PRECTOTCORR,7,1.40331259704061,1.2203094208488432,18.596949294699563,0.2753623188405797,4140,sundial,18,0.026777879567433605,-0.0019605486694702634
nasa_power_ghcn_bangladesh,PRECTOTCORR,14,1.399036476335124,1.2174938255388537,18.71280009388132,0.34009661835748795,4140,sundial,18,0.029743250351663808,0.0003506274504251339
nasa_power_ghcn_bangladesh,PRECTOTCORR,30,1.5282243596534189,1.3389145537105847,20.602158879832754,0.44420289855072465,4140,sundial,18,0.05470735955990713,0.03104409604420777
nasa_power_ghcn_bangladesh,PRECTOTCORR,1,1.1153883586421913,0.9299703097008162,16.002970399346413,0.8060386473429951,4140,timesfm25,18,0.262391698427466,0.27713978775462556
nasa_power_ghcn_bangladesh,PRECTOTCORR,3,1.3590082356269202,1.1261272329070329,20.090433554721553,0.8055555555555556,4140,timesfm25,18,0.09565779923808182,0.1144184957801826
nasa_power_ghcn_bangladesh,PRECTOTCORR,7,1.335233153827237,1.1217114385097577,18.824878863110555,0.8584541062801933,4140,timesfm25,18,0.0739921782359646,0.07899538496042324
nasa_power_ghcn_bangladesh,PRECTOTCORR,14,1.3467198962605083,1.1235277480834698,18.829440930972588,0.7816425120772947,4140,timesfm25,18,0.06602573175549709,0.07750348720118827
nasa_power_ghcn_bangladesh,PRECTOTCORR,30,1.4952532983697875,1.254947946876805,20.6679090076645,0.7896135265700484,4140,timesfm25,18,0.07510181367395119,0.09180969098172609
nasa_power_ghcn_bangladesh,PRECTOTCORR,1,1.0888999215543762,0.885798922952539,16.20991354413949,0.8243961352657004,4140,tirex,18,0.2799085488950813,0.3114739354870455
nasa_power_ghcn_bangladesh,PRECTOTCORR,3,1.3549852775156186,1.1135680305668985,20.7941525301321,0.836231884057971,4140,tirex,18,0.09833484761540023,0.12429499727590254
nasa_power_ghcn_bangladesh,PRECTOTCORR,7,1.3144673706313954,1.1031094422394905,19.567572533648338,0.8376811594202899,4140,tirex,18,0.08839361637378185,0.09426894269165798
nasa_power_ghcn_bangladesh,PRECTOTCORR,14,1.3252984435052637,1.10117407843953,19.62607840377118,0.8408212560386473,4140,tirex,18,0.08088189131575019,0.09585744626447534
nasa_power_ghcn_bangladesh,PRECTOTCORR,30,1.4719508855573735,1.2325779976591824,21.80961211307673,0.8381642512077294,4140,tirex,18,0.08951566540778133,0.10799854657787789
nasa_power_ghcn_bangladesh,PRECTOTCORR,1,1.0919062857951785,0.8855780431986545,15.911821899632313,0.8376811594202899,4140,toto2,18,0.2779204348858353,0.3116456239636648
nasa_power_ghcn_bangladesh,PRECTOTCORR,3,1.363182586587242,1.1202354251501943,20.838267819559835,0.835024154589372,4140,toto2,18,0.0928800075843994,0.11905178749306133
nasa_power_ghcn_bangladesh,PRECTOTCORR,7,1.325753003509428,1.1033751379365646,19.483199105604566,0.8304347826086956,4140,toto2,18,0.08056683025132771,0.09405078768779473
nasa_power_ghcn_bangladesh,PRECTOTCORR,14,1.3406887932908191,1.1070320671264302,19.592935129851913,0.8188405797101449,4140,toto2,18,0.07020840923614002,0.09104761923092097
nasa_power_ghcn_bangladesh,PRECTOTCORR,30,1.4818622445849507,1.2403946608143228,21.6887925612593,0.8335748792270531,4140,toto2,18,0.08338493291006555,0.10234172412239195
nasa_power_ghcn_bangladesh,PRECTOTCORR,1,1.3310691488888484,1.3310691488888484,16.73632867155008,0.00821256038647343,4140,ttm_r2,18,0.11976160896757315,-0.0346318774290848
nasa_power_ghcn_bangladesh,PRECTOTCORR,3,1.5674425266155063,1.5674425266155063,20.23776950140961,0.014251207729468598,4140,ttm_r2,18,-0.04304329210586699,-0.2326299106673546
nasa_power_ghcn_bangladesh,PRECTOTCORR,7,1.608671439154822,1.608671439154822,19.238200940433394,0.01038647342995169,4140,ttm_r2,18,-0.11564211166862193,-0.3208332987245903
nasa_power_ghcn_bangladesh,PRECTOTCORR,14,1.5973261581919587,1.5973261581919587,18.960999889963393,0.008695652173913044,4140,ttm_r2,18,-0.10777418072432887,-0.3115188416556427
nasa_power_ghcn_bangladesh,PRECTOTCORR,30,1.7770025034057564,1.7770025034057564,20.897147283757583,0.004347826086956522,4140,ttm_r2,18,-0.09917590169419643,-0.28599473524836827
nasa_power_ghcn_bangladesh,T2M,1,0.36201116337181877,0.2884619481111135,0.7062900273374478,0.8236714975845411,4140,AutoARIMA,18,0.5355000442618858,0.5253820661594648
nasa_power_ghcn_bangladesh,T2M,3,0.6092085395434292,0.47922682353397283,1.1613014932871284,0.822463768115942,4140,AutoARIMA,18,0.23781516896845745,0.23675984087978752
nasa_power_ghcn_bangladesh,T2M,7,0.6929397156984717,0.5460647931722657,1.3182898179290625,0.8251207729468599,4140,AutoARIMA,18,0.1050396423889256,0.09904751504748988
nasa_power_ghcn_bangladesh,T2M,14,0.744620707201265,0.5849690713694695,1.408548811863141,0.8205314009661836,4140,AutoARIMA,18,0.04125076850018494,0.03734110959956605
nasa_power_ghcn_bangladesh,T2M,30,0.8142553207088535,0.6414983727815361,1.549677218565491,0.8082125603864734,4140,AutoARIMA,18,-0.04186908531040734,-0.04614481966607764
nasa_power_ghcn_bangladesh,T2M,1,0.3760751097164322,0.30132409017412337,0.7357414279801662,0.8311594202898551,4140,AutoETS,18,0.5174544613750773,0.5042194714717324
nasa_power_ghcn_bangladesh,T2M,3,0.6556932014652668,0.5181601612401356,1.247138424922143,0.8243961352657004,4140,AutoETS,18,0.17965790114846425,0.1747526964407491
nasa_power_ghcn_bangladesh,T2M,7,0.8083602461864131,0.6579507647133745,1.551527334492342,0.893719806763285,4140,AutoETS,18,-0.04403075565721104,-0.08555318683201674
nasa_power_ghcn_bangladesh,T2M,14,0.8817187195119126,0.76320495077411,1.6931985391734503,0.9458937198067633,4140,AutoETS,18,-0.1352721413138953,-0.25597414806957963
nasa_power_ghcn_bangladesh,T2M,30,0.9756798493170189,0.9505724123567972,1.8885729264053868,0.9845410628019323,4140,AutoETS,18,-0.24841759864556168,-0.5501775952956438
nasa_power_ghcn_bangladesh,T2M,1,0.3764868353693774,0.30473901714519736,0.7365400813698664,0.8471014492753624,4140,AutoTheta,18,0.5169261722864537,0.4986007560957857
nasa_power_ghcn_bangladesh,T2M,3,0.6553391964272788,0.5247603227215223,1.2465591002197927,0.840096618357488,4140,AutoTheta,18,0.1801007991916621,0.16424095533634997
nasa_power_ghcn_bangladesh,T2M,7,0.8082478830771519,0.6627969853911,1.5508699316383856,0.8963768115942029,4140,AutoTheta,18,-0.04388563404537593,-0.09354896794960199
nasa_power_ghcn_bangladesh,T2M,14,0.8820380492093705,0.7734342940498031,1.6934443948412263,0.9471014492753623,4140,AutoTheta,18,-0.13568329977225124,-0.27280814618891647
nasa_power_ghcn_bangladesh,T2M,30,0.9774829043838645,0.9713325556877258,1.891264079956188,0.9830917874396136,4140,AutoTheta,18,-0.2507246727112531,-0.584032889903807
nasa_power_ghcn_bangladesh,T2M,1,0.4324603520619675,0.37121486131096426,0.8385733839068696,0.40507246376811595,4140,DLinear,18,0.4451060223660751,0.3892254016864457
nasa_power_ghcn_bangladesh,T2M,3,0.6105525507973705,0.540169554752082,1.1826357107603478,0.3115942028985507,4140,DLinear,18,0.23613366760398646,0.1396994561352084
nasa_power_ghcn_bangladesh,T2M,7,0.6672051777077153,0.5961375162357441,1.2814909376251447,0.28840579710144926,4140,DLinear,18,0.13827686461964728,0.0164325125121626
nasa_power_ghcn_bangladesh,T2M,14,0.7109987787544985,0.6329136581074346,1.3576350117334572,0.29347826086956524,4140,DLinear,18,0.08454126223495873,-0.04155927151259298
nasa_power_ghcn_bangladesh,T2M,30,0.7407196316188213,0.6635723139155182,1.4498804891062669,0.30628019323671496,4140,DLinear,18,0.05222248422727194,-0.08214263376309572
nasa_power_ghcn_bangladesh,T2M,1,0.41371106212867853,0.32666724279824766,0.7989474379505205,0.7053140096618358,4140,NHITS,18,0.46916341403051054,0.46252137293835505
nasa_power_ghcn_bangladesh,T2M,3,0.6889444180840748,0.5620793776108814,1.3221201196732468,0.5239130434782608,4140,NHITS,18,0.13805708422755714,0.10480479693869471
nasa_power_ghcn_bangladesh,T2M,7,0.7634138052780182,0.6354296062104624,1.458667490659031,0.47632850241545893,4140,NHITS,18,0.014019435315283157,-0.0483955198831294
nasa_power_ghcn_bangladesh,T2M,14,0.7844035322063396,0.6549159113573283,1.4884742934310915,0.4628019323671498,4140,NHITS,18,-0.00997229383428433,-0.07776745026342158
nasa_power_ghcn_bangladesh,T2M,30,0.8315430261491221,0.6939609980730743,1.6270350586251485,0.503864734299517,4140,NHITS,18,-0.06398932867398566,-0.13169999174991398
nasa_power_ghcn_bangladesh,T2M,1,0.3730972358646292,0.2980520550177406,0.7249244124510473,0.8297101449275363,4140,PatchTST,18,0.521275399545803,0.5096030812530051
nasa_power_ghcn_bangladesh,T2M,3,0.605023923787309,0.47402727912701526,1.1694262758711849,0.8202898550724638,4140,PatchTST,18,0.24305056940358727,0.24504089049060418
nasa_power_ghcn_bangladesh,T2M,7,0.6714348769816102,0.5347829604511334,1.2818351098555234,0.8041062801932367,4140,PatchTST,18,0.132814032732552,0.1176614146286632
nasa_power_ghcn_bangladesh,T2M,14,0.7226828738680946,0.5664340249386554,1.3705712506915173,0.797584541062802,4140,PatchTST,18,0.0694972040955667,0.06784345255051227
nasa_power_ghcn_bangladesh,T2M,30,0.7740627501752392,0.6094121964515896,1.491160256370577,0.7915458937198068,4140,PatchTST,18,0.009558760026453395,0.006180780171253564
nasa_power_ghcn_bangladesh,T2M,1,0.3716363665001043,0.2922433164650229,0.7217216340318535,0.8420289855072464,4140,chronos2,18,0.5231498548770714,0.5191604301794874
nasa_power_ghcn_bangladesh,T2M,3,0.5966183876992556,0.4631133064397446,1.1611326544152838,0.7797101449275362,4140,chronos2,18,0.2535667911686399,0.26242301903891496
nasa_power_ghcn_bangladesh,T2M,7,0.6628953154652995,0.5162700815329881,1.2893735532991184,0.7903381642512077,4140,chronos2,18,0.14384323030246715,0.14820581974958835
nasa_power_ghcn_bangladesh,T2M,14,0.7001092858359741,0.5470497724181578,1.3753415373726126,0.7920289855072464,4140,chronos2,18,0.0985622166162824,0.09974329809095794
nasa_power_ghcn_bangladesh,T2M,30,0.7368917572111954,0.5759746757435413,1.4741474329832138,0.7862318840579711,4140,chronos2,18,0.05712038775498163,0.0607101298242021
nasa_power_ghcn_bangladesh,T2M,1,0.36917676012027,0.29116280042131815,0.7186867802286073,0.8057971014492754,4140,chronos_bolt,18,0.5263057991411237,0.5209382462675461
nasa_power_ghcn_bangladesh,T2M,3,0.6088333864930426,0.4715376747121107,1.1636635017781993,0.7973429951690821,4140,chronos_bolt,18,0.2382845254297674,0.24900595666900738
nasa_power_ghcn_bangladesh,T2M,7,0.7035922134205407,0.5462725328804666,1.3519421946016885,0.8229468599033817,4140,chronos_bolt,18,0.09128150015113468,0.09870476523342553
nasa_power_ghcn_bangladesh,T2M,14,0.7691497958193217,0.6025395560920717,1.4940777760924875,0.8355072463768116,4140,chronos_bolt,18,0.009667917480174038,0.008426105106662307
nasa_power_ghcn_bangladesh,T2M,30,0.8685168479327658,0.681489542799586,1.7242190712834289,0.8437198067632851,4140,chronos_bolt,18,-0.11129866875741246,-0.11136175102845192
nasa_power_ghcn_bangladesh,T2M,1,0.779356723073449,0.6077771772695647,1.5206782163138681,0.8183574879227054,4140,climatology,18,0.0,0.0
nasa_power_ghcn_bangladesh,T2M,3,0.7992923956764203,0.6278847068089001,1.5742313967923105,0.811352657004831,4140,climatology,18,0.0,0.0
nasa_power_ghcn_bangladesh,T2M,7,0.7742686140290524,0.6060972163266182,1.4967120609473805,0.8089371980676329,4140,climatology,18,0.0,0.0
nasa_power_ghcn_bangladesh,T2M,14,0.7766584657767297,0.6076597611082591,1.5001392657994084,0.8077294685990338,4140,climatology,18,0.0,0.0
nasa_power_ghcn_bangladesh,T2M,30,0.7815332388581814,0.6132022648511494,1.5401098439871392,0.8231884057971014,4140,climatology,18,0.0,0.0
nasa_power_ghcn_bangladesh,T2M,1,0.42587072221001104,0.34173960185550356,0.8392126829404999,0.8246376811594203,4140,lightgbm,18,0.45356123890154,0.43772222018805207
nasa_power_ghcn_bangladesh,T2M,3,0.6046937670490213,0.48836008920656887,1.2016252706913741,0.8258454106280193,4140,lightgbm,18,0.24346363068137944,0.22221375371831797
nasa_power_ghcn_bangladesh,T2M,7,0.678941553322439,0.5439302979229371,1.318966484195654,0.8079710144927537,4140,lightgbm,18,0.12311884916858651,0.10256921947349795
nasa_power_ghcn_bangladesh,T2M,14,0.7170423637161192,0.5723533395391311,1.38513499554587,0.8231884057971014,4140,lightgbm,18,0.07675974020445264,0.05810228655709504
nasa_power_ghcn_bangladesh,T2M,30,0.741912679831705,0.6003495917074844,1.4678958024274802,0.8091787439613527,4140,lightgbm,18,0.05069593595835031,0.020959924449699963
nasa_power_ghcn_bangladesh,T2M,1,0.363375205912703,0.29019752686756844,0.7142798488763287,0.866183574879227,4140,moirai2,18,0.5337498283459892,0.5225264492963044
nasa_power_ghcn_bangladesh,T2M,3,0.6005874394163928,0.4661327103683239,1.1506776832793104,0.8314009661835748,4140,moirai2,18,0.24860108432768047,0.25761416815301774
nasa_power_ghcn_bangladesh,T2M,7,0.6999762455601715,0.5461599394548525,1.3481757736978288,0.8285024154589372,4140,moirai2,18,0.09595167248519432,0.09889053316401675
nasa_power_ghcn_bangladesh,T2M,14,0.7643735403233386,0.5968790826837413,1.4667900971487606,0.8289855072463768,4140,moirai2,18,0.01581766760387404,0.01774130708417454
nasa_power_ghcn_bangladesh,T2M,30,0.8346431921225016,0.655020521619079,1.630598239679546,0.8195652173913044,4140,moirai2,18,-0.0679561029827902,-0.06819651388287151
nasa_power_ghcn_bangladesh,T2M,1,0.3806204068927244,0.3031788213761435,0.7408773360369043,0.808695652173913,4140,naive,18,0.5116223474768773,0.5011678083435569
nasa_power_ghcn_bangladesh,T2M,3,0.664402495824783,0.5247984584816897,1.261014142135871,0.8060386473429951,4140,naive,18,0.1687616454019728,0.16418021845304342
nasa_power_ghcn_bangladesh,T2M,7,0.8641934149882726,0.6903056803307979,1.6666932026873027,0.8091787439613527,4140,naive,18,-0.1161416068401373,-0.13893557293422854
nasa_power_ghcn_bangladesh,T2M,14,1.0762518546776496,0.8662159071239154,2.088028708827752,0.8057971014492754,4140,naive,18,-0.385746633948423,-0.4254949275300006
nasa_power_ghcn_bangladesh,T2M,30,1.6482413021973712,1.337479951975495,3.175152269162402,0.77487922705314,4140,naive,18,-1.1089842635553784,-1.1811399413212524
nasa_power_ghcn_bangladesh,T2M,1,0.9501606072177546,0.7590921824386118,1.8454802341629104,0.8099033816425121,4140,seasonal_naive,18,-0.2191600830371081,-0.24896460549708177
nasa_power_ghcn_bangladesh,T2M,3,1.0063265719749566,0.8076226479376029,1.999590495516133,0.7995169082125604,4140,seasonal_naive,18,-0.25902182657865613,-0.28625946639500954
nasa_power_ghcn_bangladesh,T2M,7,0.9795371611295703,0.7752329942592973,1.8621533558686691,0.8043478260869565,4140,seasonal_naive,18,-0.26511283472071057,-0.27905717659909857
nasa_power_ghcn_bangladesh,T2M,14,0.9797944308234523,0.7754504572647919,1.8623379286226422,0.8038647342995169,4140,seasonal_naive,18,-0.2615512145915617,-0.2761260608247509
nasa_power_ghcn_bangladesh,T2M,30,0.9666586298434737,0.7754050965308033,1.9151977294773428,0.8154589371980676,4140,seasonal_naive,18,-0.23687462257620706,-0.2645176656662016
nasa_power_ghcn_bangladesh,T2M,1,0.357550158148822,0.3184297891617146,0.7002270311586655,0.27898550724637683,4140,sundial,18,0.5412240023556898,0.4760747835378444
nasa_power_ghcn_bangladesh,T2M,3,0.5978220501468324,0.517139361156572,1.1592597779464076,0.3277777777777778,4140,sundial,18,0.25206088112359526,0.1763784727536516
nasa_power_ghcn_bangladesh,T2M,7,0.6734632777074466,0.5727344552432216,1.3069360460959605,0.3789855072463768,4140,sundial,18,0.13019426914006793,0.05504523067371714
nasa_power_ghcn_bangladesh,T2M,14,0.722350705869027,0.6137836905648963,1.4043775619380157,0.39444444444444443,4140,sundial,18,0.06992489273053881,-0.010077892018830248
nasa_power_ghcn_bangladesh,T2M,30,0.755772006644804,0.643324757014516,1.5257211928069938,0.4289855072463768,4140,sundial,18,0.032962426845740356,-0.049123256533761595
nasa_power_ghcn_bangladesh,T2M,1,0.35686968741830394,0.2834273121536976,0.6992908161072507,0.8521739130434782,4140,timesfm25,18,0.5420971208011618,0.5336657532502403
nasa_power_ghcn_bangladesh,T2M,3,0.5951604783124638,0.4625033046099098,1.1518734577455647,0.7980676328502415,4140,timesfm25,18,0.2553907912400505,0.2633945378913727
nasa_power_ghcn_bangladesh,T2M,7,0.6654604968356772,0.5205874534502523,1.291851059028005,0.8357487922705314,4140,timesfm25,18,0.1405301922638601,0.14108258637882565
nasa_power_ghcn_bangladesh,T2M,14,0.7050806758285401,0.5537556965004228,1.3744443114144698,0.8359903381642512,4140,timesfm25,18,0.09216121770668562,0.08870764210143733
nasa_power_ghcn_bangladesh,T2M,30,0.7402709646060849,0.5847848342405144,1.4918176087632649,0.8403381642512078,4140,timesfm25,18,0.05279656987127079,0.04634267066435749
nasa_power_ghcn_bangladesh,T2M,1,0.35924677150093587,0.2831570967123582,0.7053227946705175,0.8055555555555556,4140,tirex,18,0.5390470616789953,0.5341103494796567
nasa_power_ghcn_bangladesh,T2M,3,0.5999345844921732,0.4653985449460124,1.1580075667486485,0.7995169082125604,4140,tirex,18,0.24941787543910732,0.2587834360366754
nasa_power_ghcn_bangladesh,T2M,7,0.6773437980549307,0.5282206087593346,1.3185354886558835,0.8123188405797102,4140,tirex,18,0.12518241630608684,0.12848864088053624
nasa_power_ghcn_bangladesh,T2M,14,0.7181788806977799,0.5627045354839058,1.409576555840016,0.8272946859903382,4140,tirex,18,0.07529639816706923,0.07398091580453403
nasa_power_ghcn_bangladesh,T2M,30,0.7550115328351017,0.5969405361045663,1.5266060951022185,0.8466183574879227,4140,tirex,18,0.03393548054568718,0.02651935532320726
nasa_power_ghcn_bangladesh,T2M,1,0.35822393874925484,0.28278259191607913,0.7021645279368063,0.8007246376811594,4140,toto2,18,0.5403594680795554,0.5347265371390248
nasa_power_ghcn_bangladesh,T2M,3,0.6040069425895949,0.4694793216945156,1.1643257089508363,0.7705314009661836,4140,toto2,18,0.24432292130286115,0.25228419070668007
nasa_power_ghcn_bangladesh,T2M,7,0.6793062284669761,0.5309541877411952,1.3251851601804845,0.7968599033816425,4140,toto2,18,0.1226478561076133,0.12397850800378751
nasa_power_ghcn_bangladesh,T2M,14,0.722068666909209,0.5680746661192185,1.421507339580936,0.8091787439613527,4140,toto2,18,0.07028803685662,0.06514351866387325
nasa_power_ghcn_bangladesh,T2M,30,0.7827836244576265,0.6219833269659252,1.5790199594101975,0.806280193236715,4140,toto2,18,-0.0015999135254591845,-0.014320009266285627
nasa_power_ghcn_bangladesh,T2M,1,0.3896548660329979,0.3896548660329979,0.755125924579799,0.0,4140,ttm_r2,18,0.5000301473035786,0.3588853273768521
nasa_power_ghcn_bangladesh,T2M,3,0.6222145201384557,0.6222145201384557,1.1864466012752946,0.0,4140,ttm_r2,18,0.2215433006692228,0.009030617578284383
nasa_power_ghcn_bangladesh,T2M,7,0.7733922395237093,0.7733922395237093,1.4513441939260807,0.0,4140,ttm_r2,18,0.001131873989806742,-0.27602011474498833
nasa_power_ghcn_bangladesh,T2M,14,0.85291026688169,0.85291026688169,1.601791883272149,0.0,4140,ttm_r2,18,-0.09817932136837215,-0.403598397442245
nasa_power_ghcn_bangladesh,T2M,30,0.9854371982171702,0.9854371982171702,1.856099851621574,0.0,4140,ttm_r2,18,-0.26090247889762463,-0.6070345050933208
nasa_power_ghcn_temperate,PRECTOTCORR,1,0.7701547784828173,0.612343390695995,3.639843025192318,0.9095712560386473,13248,AutoARIMA,18,-0.1694696714606727,-0.10189551455517476
nasa_power_ghcn_temperate,PRECTOTCORR,3,0.8678121083815525,0.67968455676347,3.921077209108204,0.9041364734299517,13248,AutoARIMA,18,-0.20976338706674102,-0.12219679691263696
nasa_power_ghcn_temperate,PRECTOTCORR,7,0.8317902748669695,0.6473229581634347,3.819658878844131,0.9177989130434783,13248,AutoARIMA,18,-0.24134681339448405,-0.14726976697086624
nasa_power_ghcn_temperate,PRECTOTCORR,14,0.8314136731587136,0.6467138106706016,3.816348553616358,0.9188556763285024,13248,AutoARIMA,18,-0.24486917912381956,-0.1497844656883096
nasa_power_ghcn_temperate,PRECTOTCORR,30,0.8446458604137073,0.6580446658455515,3.8583760615183715,0.9167421497584541,13248,AutoARIMA,18,-0.23755215075144598,-0.14273620851281588
nasa_power_ghcn_temperate,PRECTOTCORR,1,0.8171491772778489,0.6434146545306515,3.7754411560019316,0.9117602657004831,13248,AutoETS,18,-0.24083003389013657,-0.15780742080120125
nasa_power_ghcn_temperate,PRECTOTCORR,3,0.8871367758395292,0.6992211209700464,4.04902196570951,0.8933423913043478,13248,AutoETS,18,-0.23670271521405195,-0.15445274499492911
nasa_power_ghcn_temperate,PRECTOTCORR,7,0.862654740979852,0.6757935753017376,4.001354272052234,0.9075332125603864,13248,AutoETS,18,-0.2874083120847353,-0.19772909006122807
nasa_power_ghcn_temperate,PRECTOTCORR,14,0.8637895844456539,0.678085179991677,4.009382308700893,0.9116092995169082,13248,AutoETS,18,-0.2933453774452117,-0.20555923424527078
nasa_power_ghcn_temperate,PRECTOTCORR,30,0.8858176806322661,0.6982423054410876,4.062046242976772,0.9149305555555556,13248,AutoETS,18,-0.29787598237109414,-0.21254195369508722
nasa_power_ghcn_temperate,PRECTOTCORR,1,0.8065848375660027,0.66069260447589,3.7812116009717878,0.918100845410628,13248,AutoTheta,18,-0.2247882261429328,-0.18889862850367645
nasa_power_ghcn_temperate,PRECTOTCORR,3,0.8901610285868933,0.6873737198266882,4.092165856780128,0.8917572463768116,13248,AutoTheta,18,-0.24091863961941695,-0.1348920304215031
nasa_power_ghcn_temperate,PRECTOTCORR,7,0.8724786169645918,0.6856773845656944,4.06668095883831,0.889417270531401,13248,AutoTheta,18,-0.30206926391035016,-0.2152464597266206
nasa_power_ghcn_temperate,PRECTOTCORR,14,0.8738026863895239,0.6744736042742339,4.0739247289559835,0.9007397342995169,13248,AutoTheta,18,-0.308337916538286,-0.19913825855547174
nasa_power_ghcn_temperate,PRECTOTCORR,30,0.9064309279809458,0.6979253146651825,4.163761383793467,0.9053442028985508,13248,AutoTheta,18,-0.32807795196085254,-0.21199147915104422
nasa_power_ghcn_temperate,PRECTOTCORR,1,0.7031919705598367,0.6227818335462891,3.638377024034446,0.37552838164251207,13248,DLinear,18,-0.06778754837361922,-0.12067921260833137
nasa_power_ghcn_temperate,PRECTOTCORR,3,0.7989206218541822,0.7137663930491203,3.950536335697447,0.31219806763285024,13248,DLinear,18,-0.11372601068483545,-0.17846779370382548
nasa_power_ghcn_temperate,PRECTOTCORR,7,0.7650934498635469,0.6739868553119424,3.8423450387087903,0.32646437198067635,13248,DLinear,18,-0.14180983432272276,-0.19452698638865829
nasa_power_ghcn_temperate,PRECTOTCORR,14,0.7562472626386397,0.6698370317287093,3.8392309490776197,0.3377113526570048,13248,DLinear,18,-0.13232310154211757,-0.19089495371348453
nasa_power_ghcn_temperate,PRECTOTCORR,30,0.7795952046242594,0.6886508643072935,3.877535853446866,0.33220108695652173,13248,DLinear,18,-0.1422416984624919,-0.19588580914398435
nasa_power_ghcn_temperate,PRECTOTCORR,1,0.6150978980638652,0.5199745233458631,3.7861209763068566,0.8286533816425121,13248,NHITS,18,0.06598211572227797,0.06431978582059505
nasa_power_ghcn_temperate,PRECTOTCORR,3,0.7177502907399073,0.60989353893739,4.216271248757243,0.8185386473429952,13248,NHITS,18,-0.0005714536675696102,-0.00696796630533103
nasa_power_ghcn_temperate,PRECTOTCORR,7,0.6792981162974188,0.5746697394850171,4.0951726345506705,0.8066123188405797,13248,NHITS,18,-0.013770631239393705,-0.018504302666374928
nasa_power_ghcn_temperate,PRECTOTCORR,14,0.6775974598385466,0.5733848899599818,4.075926728409405,0.814387077294686,13248,NHITS,18,-0.014561367990122198,-0.019413886727990715
nasa_power_ghcn_temperate,PRECTOTCORR,30,0.6952596294159121,0.5877135027626245,4.134067292282872,0.8130283816425121,13248,NHITS,18,-0.01867550655239336,-0.020601692706947894
nasa_power_ghcn_temperate,PRECTOTCORR,1,0.6210363549384477,0.5285633689351745,3.7298636475706997,0.8625452898550725,13248,PatchTST,18,0.05696464883882568,0.048864388450645
nasa_power_ghcn_temperate,PRECTOTCORR,3,0.7381299757242196,0.6243999837221381,4.210156216853962,0.8478260869565217,13248,PatchTST,18,-0.028981516739811086,-0.030918909003738504
nasa_power_ghcn_temperate,PRECTOTCORR,7,0.6887916443756363,0.5827997851836758,4.028018847253091,0.8602807971014492,13248,PatchTST,18,-0.027938578598060815,-0.03291342490827098
nasa_power_ghcn_temperate,PRECTOTCORR,14,0.7217776366351001,0.5949156682115371,4.115475225535826,0.8561292270531401,13248,PatchTST,18,-0.08071200057873451,-0.05769319043135179
nasa_power_ghcn_temperate,PRECTOTCORR,30,0.7142723419874739,0.6074865089223882,4.0975837583127745,0.8609601449275363,13248,PatchTST,18,-0.04653241610148018,-0.05493876929562469
nasa_power_ghcn_temperate,PRECTOTCORR,1,0.6217271021141332,0.5207732476992294,3.860024322783125,0.5807669082125604,13248,chronos2,18,0.05591575854406872,0.06288250276061147
nasa_power_ghcn_temperate,PRECTOTCORR,3,0.714278863256832,0.6056035511492618,4.258528989338164,0.5902022946859904,13248,chronos2,18,0.0042678494826410285,0.00011504081426005897
nasa_power_ghcn_temperate,PRECTOTCORR,7,0.6754523190756372,0.5714602715021001,4.1577135605706825,0.5954861111111112,13248,chronos2,18,-0.008031242032200181,-0.012816066928052816
nasa_power_ghcn_temperate,PRECTOTCORR,14,0.6729981521673446,0.5703414146486177,4.1493530068456606,0.6003170289855072,13248,chronos2,18,-0.007674860647231663,-0.014002929706547373
nasa_power_ghcn_temperate,PRECTOTCORR,30,0.6918252203447448,0.585199188016672,4.211252933632362,0.5998641304347826,13248,chronos2,18,-0.01364350375479284,-0.01623542602487449
nasa_power_ghcn_temperate,PRECTOTCORR,1,0.6230450329296547,0.5250169457558788,3.893002021253833,0.7475845410628019,13248,chronos_bolt,18,0.05391449832872319,0.05524608188174229
nasa_power_ghcn_temperate,PRECTOTCORR,3,0.7143710417584134,0.6064202002638636,4.235059911964017,0.7136171497584541,13248,chronos_bolt,18,0.004139349113481905,-0.0012332920432225336
nasa_power_ghcn_temperate,PRECTOTCORR,7,0.6757216042492257,0.5720663521340483,4.153468234274695,0.6904438405797102,13248,chronos_bolt,18,-0.008433117723980699,-0.01389024169137909
nasa_power_ghcn_temperate,PRECTOTCORR,14,0.6741762292545325,0.5714337824880563,4.152655625703517,0.6902173913043478,13248,chronos_bolt,18,-0.009438786240252517,-0.01594503694452598
nasa_power_ghcn_temperate,PRECTOTCORR,30,0.6929578367309773,0.5871066763505453,4.220019790250803,0.7153532608695652,13248,chronos_bolt,18,-0.015302982490735362,-0.01954790023759667
nasa_power_ghcn_temperate,PRECTOTCORR,1,0.6585504500692957,0.5557181988740488,3.7456807568102315,0.8577898550724637,13248,climatology,18,0.0,0.0
nasa_power_ghcn_temperate,PRECTOTCORR,3,0.7173403639580278,0.6056732282906199,3.9059721966401657,0.8414100241545893,13248,climatology,18,0.0,0.0
nasa_power_ghcn_temperate,PRECTOTCORR,7,0.6700708181563094,0.564229073927887,3.805997862502865,0.8528834541062802,13248,climatology,18,0.0,0.0
nasa_power_ghcn_temperate,PRECTOTCORR,14,0.6678723251417392,0.5624652532450518,3.798827629687326,0.8534873188405797,13248,climatology,18,0.0,0.0
nasa_power_ghcn_temperate,PRECTOTCORR,30,0.6825133469331659,0.5758500176536338,3.83714242126636,0.853713768115942,13248,climatology,18,0.0,0.0
nasa_power_ghcn_temperate,PRECTOTCORR,1,0.7550450823064387,0.6409336920038888,3.5871218992431064,0.5684631642512077,13248,lightgbm,18,-0.14652580106351687,-0.15334299524920492
nasa_power_ghcn_temperate,PRECTOTCORR,3,0.8568601447298185,0.7421646635386501,3.892962914264385,0.36254528985507245,13248,lightgbm,18,-0.1944959293827695,-0.2253549090047242
nasa_power_ghcn_temperate,PRECTOTCORR,7,0.8145466273782714,0.7120574443318164,3.8026979980870887,0.39356884057971014,13248,lightgbm,18,-0.21561274615642145,-0.26200062569413607
nasa_power_ghcn_temperate,PRECTOTCORR,14,0.8177229671851927,0.7095724324006131,3.8001817923191687,0.3648097826086957,13248,lightgbm,18,-0.2243701923292769,-0.26154002990735936
nasa_power_ghcn_temperate,PRECTOTCORR,30,0.8305684376243893,0.7229341461497583,3.839358642597036,0.3673762077294686,13248,lightgbm,18,-0.21692629361242566,-0.2554208977807024
nasa_power_ghcn_temperate,PRECTOTCORR,1,0.617343209560302,0.5191754879263896,3.8421995366509445,0.7071256038647343,13248,moirai2,18,0.06257264041753774,0.06575762863569912
nasa_power_ghcn_temperate,PRECTOTCORR,3,0.7165756818195708,0.6070042439693307,4.291218303462559,0.637530193236715,13248,moirai2,18,0.0010659962507028053,-0.002197580504701202
nasa_power_ghcn_temperate,PRECTOTCORR,7,0.6764739104144987,0.5716408606131705,4.177782630763852,0.6468900966183575,13248,moirai2,18,-0.009555844076014619,-0.0131361303905988
nasa_power_ghcn_temperate,PRECTOTCORR,14,0.6754003184269168,0.5715367225808281,4.177747644832752,0.6166213768115942,13248,moirai2,18,-0.011271605367957127,-0.016128052859158748
nasa_power_ghcn_temperate,PRECTOTCORR,30,0.6949034809694267,0.587326117690097,4.23968481369707,0.6410778985507246,13248,moirai2,18,-0.01815368753143831,-0.01992897401171212
nasa_power_ghcn_temperate,PRECTOTCORR,1,0.8102933204845232,0.7112316645593818,4.568622914857851,0.7947614734299517,13248,naive,18,-0.23041950757039253,-0.27984231216544964
nasa_power_ghcn_temperate,PRECTOTCORR,3,1.0193582002031034,0.8759391273291028,5.311789768523216,0.7785326086956522,13248,naive,18,-0.4210244556414602,-0.44622394785592445
nasa_power_ghcn_temperate,PRECTOTCORR,7,1.0085356918526165,0.8567733275446667,5.304083333390258,0.7963466183574879,13248,naive,18,-0.5051180629348828,-0.5184848975970515
nasa_power_ghcn_temperate,PRECTOTCORR,14,1.0277989462738462,0.8695512733912925,5.358767032705301,0.7939311594202898,13248,naive,18,-0.5389153099819213,-0.5459644278016424
nasa_power_ghcn_temperate,PRECTOTCORR,30,1.0685942877489376,0.9008839249201022,5.4456288736942104,0.7875905797101449,13248,naive,18,-0.5656752978540331,-0.5644419506851037
nasa_power_ghcn_temperate,PRECTOTCORR,1,1.0195020215918549,0.8618155549705889,5.301875044312837,0.7942330917874396,13248,seasonal_naive,18,-0.54810010605046,-0.5508139857876344
nasa_power_ghcn_temperate,PRECTOTCORR,3,1.0674162821969873,0.905478593007908,5.411661615318139,0.7828351449275363,13248,seasonal_naive,18,-0.4880192664851113,-0.49499523953439906
nasa_power_ghcn_temperate,PRECTOTCORR,7,1.0580354121911848,0.8954328915588989,5.688014677169288,0.7882699275362319,13248,seasonal_naive,18,-0.578990434328053,-0.5870023948346597
nasa_power_ghcn_temperate,PRECTOTCORR,14,1.0563642750640958,0.8940266926378123,5.68404563635758,0.7888737922705314,13248,seasonal_naive,18,-0.5816859529849645,-0.5894789722207208
nasa_power_ghcn_temperate,PRECTOTCORR,30,1.0321608310481842,0.8733900334877254,5.334164562432085,0.7941576086956522,13248,seasonal_naive,18,-0.5122939876357568,-0.516697068181837
nasa_power_ghcn_temperate,PRECTOTCORR,1,0.6635770073181944,0.5863446809787036,3.5635606122680565,0.23943236714975846,13248,sundial,18,-0.007632759568184655,-0.05511153344754183
nasa_power_ghcn_temperate,PRECTOTCORR,3,0.7707175345557989,0.6896633948364913,3.9096833362574097,0.22735507246376813,13248,sundial,18,-0.07440982451239053,-0.1386724105057695
nasa_power_ghcn_temperate,PRECTOTCORR,7,0.7373115984574095,0.6578541100965357,3.8343359523843645,0.22946859903381642,13248,sundial,18,-0.10034876684543903,-0.16593444133758828
nasa_power_ghcn_temperate,PRECTOTCORR,14,0.7409024978961005,0.6564005205520468,3.8226129153339516,0.23905495169082125,13248,sundial,18,-0.10934750551142014,-0.1670063470855323
nasa_power_ghcn_temperate,PRECTOTCORR,30,0.7596755827069593,0.6724729937053627,3.864722111950506,0.24667874396135267,13248,sundial,18,-0.11305600999675303,-0.16779191298010243
nasa_power_ghcn_temperate,PRECTOTCORR,1,0.6184226834070178,0.5275785285884296,3.5976797877020434,0.8335597826086957,13248,timesfm25,18,0.060933473901742086,0.0506365822509206
nasa_power_ghcn_temperate,PRECTOTCORR,3,0.7151893600731178,0.6118437042322089,3.945488189471857,0.8365036231884058,13248,timesfm25,18,0.002998581974450021,-0.010187797071704585
nasa_power_ghcn_temperate,PRECTOTCORR,7,0.6751141923747821,0.5732493710978065,3.8516059159958993,0.8645078502415459,13248,timesfm25,18,-0.007526628651504996,-0.015986941451145986
nasa_power_ghcn_temperate,PRECTOTCORR,14,0.6733773680596893,0.5715072740200658,3.8449822791831894,0.8654136473429952,13248,timesfm25,18,-0.008242657631878592,-0.01607569662809838
nasa_power_ghcn_temperate,PRECTOTCORR,30,0.6914103302273726,0.5861238693275979,3.8845751674797833,0.8789251207729468,13248,timesfm25,18,-0.01303561803470199,-0.017841193642445408
nasa_power_ghcn_temperate,PRECTOTCORR,1,0.6134231247549377,0.5130037332366406,3.767442917739222,0.7339221014492754,13248,tirex,18,0.0685252364638268,0.07686353573439342
nasa_power_ghcn_temperate,PRECTOTCORR,3,0.7128272771209151,0.6041377313206098,4.22979782437149,0.7503774154589372,13248,tirex,18,0.006291416270250205,0.002535190426599665
nasa_power_ghcn_temperate,PRECTOTCORR,7,0.6755224528859637,0.5697460994575035,4.114433014644713,0.7743055555555556,13248,tirex,18,-0.008135908297953298,-0.009777988736400456
nasa_power_ghcn_temperate,PRECTOTCORR,14,0.6724469967747996,0.5680405053673611,4.121028480451576,0.7430555555555556,13248,tirex,18,-0.0068496199959917625,-0.00991217162330238
nasa_power_ghcn_temperate,PRECTOTCORR,30,0.691291217513094,0.5834926885242903,4.190549099988158,0.7961956521739131,13248,tirex,18,-0.012861097324134318,-0.0132719816555662
nasa_power_ghcn_temperate,PRECTOTCORR,1,0.6198279282783422,0.5160195302074762,3.742076561781192,0.8097071256038647,13248,toto2,18,0.058799628467156806,0.07143668993926577
nasa_power_ghcn_temperate,PRECTOTCORR,3,0.7144053345179794,0.6068693854521164,4.225923595110084,0.8189160628019324,13248,toto2,18,0.004091543690437183,-0.0019749216336877318
nasa_power_ghcn_temperate,PRECTOTCORR,7,0.6764569586645317,0.5730257265013938,4.128877526847905,0.8057820048309179,13248,toto2,18,-0.00953054563067468,-0.015590569469008164
nasa_power_ghcn_temperate,PRECTOTCORR,14,0.6749260286344688,0.5718983231033921,4.125537308923723,0.7879679951690821,13248,toto2,18,-0.010561454977540352,-0.016770937944909026
nasa_power_ghcn_temperate,PRECTOTCORR,30,0.6942278666270172,0.5877326706586784,4.185660385872231,0.7953653381642513,13248,toto2,18,-0.017163795765298584,-0.02063497897154165
nasa_power_ghcn_temperate,PRECTOTCORR,1,0.7624950813839068,0.7624950813839068,3.650745053310603,0.00015096618357487922,13248,ttm_r2,18,-0.15783852444968116,-0.3720894563626178
nasa_power_ghcn_temperate,PRECTOTCORR,3,0.8722824758195266,0.8722824758195266,3.955369146340944,0.00037741545893719806,13248,ttm_r2,18,-0.21599525085495475,-0.440186613962372
nasa_power_ghcn_temperate,PRECTOTCORR,7,0.8367045034188072,0.8367045034188072,3.865562951175063,7.548309178743961e-05,13248,ttm_r2,18,-0.2486807076914468,-0.4829163226100339
nasa_power_ghcn_temperate,PRECTOTCORR,14,0.8362708379708285,0.8362708379708285,3.8519828225250716,0.0,13248,ttm_r2,18,-0.25214177394362136,-0.4867955542961986
nasa_power_ghcn_temperate,PRECTOTCORR,30,0.8584422937793807,0.8584422937793807,3.9005232009585176,0.0,13248,ttm_r2,18,-0.25776630982638116,-0.4907393721670814
nasa_power_ghcn_temperate,T2M,1,0.3780427172526375,0.29786174338611293,1.8307743630605606,0.8314462560386473,13248,AutoARIMA,18,0.4739327703107227,0.4647329024240584
nasa_power_ghcn_temperate,T2M,3,0.6237811546899404,0.4872767611587858,2.952160197585857,0.7950634057971014,13248,AutoARIMA,18,0.15144790399419406,0.14038982645442954
nasa_power_ghcn_temperate,T2M,7,0.680409497865857,0.5296782128175427,3.203447569201716,0.798762077294686,13248,AutoARIMA,18,0.0676736128944827,0.06337771205141607
nasa_power_ghcn_temperate,T2M,14,0.6973619449063007,0.5434409502239407,3.2829043699641702,0.7916666666666666,13248,AutoARIMA,18,0.04556584832048094,0.0399550605549418
nasa_power_ghcn_temperate,T2M,30,0.6965259633971906,0.5419131240038075,3.273163213308786,0.8055555555555556,13248,AutoARIMA,18,0.04898384829100255,0.04086424087788576
nasa_power_ghcn_temperate,T2M,1,0.40873922791362327,0.3244095816294521,2.0111854471268944,0.8254830917874396,13248,AutoETS,18,0.4312168877197071,0.4170255863992297
nasa_power_ghcn_temperate,T2M,3,0.7182763793716781,0.5655771946622439,3.4478300103789876,0.8094806763285024,13248,AutoETS,18,0.022902627556522948,0.0022591898270287736
nasa_power_ghcn_temperate,T2M,7,0.847261957411544,0.6787134434118327,4.024532675970414,0.9010416666666666,13248,AutoETS,18,-0.16095481054144156,-0.20015912085255105
nasa_power_ghcn_temperate,T2M,14,0.9122943662457832,0.7785151271710838,4.31678665316627,0.9665609903381642,13248,AutoETS,18,-0.24859824355169158,-0.3753279133897309
nasa_power_ghcn_temperate,T2M,30,0.9471215174165745,0.9438865580967953,4.4578889989681025,0.9975845410628019,13248,AutoETS,18,-0.2931719821342267,-0.6705913002006729
nasa_power_ghcn_temperate,T2M,1,0.4092460399490114,0.3270038589371716,2.0134245678086184,0.842542270531401,13248,AutoTheta,18,0.430511630902786,0.41236358694597974
nasa_power_ghcn_temperate,T2M,3,0.7178222537583827,0.5697975494720541,3.44590358078872,0.8264643719806763,13248,AutoTheta,18,0.023520391075209646,-0.005185983470087807
nasa_power_ghcn_temperate,T2M,7,0.8468690299203171,0.6832487218628244,4.022454474845299,0.9057971014492754,13248,AutoTheta,18,-0.16041640437656723,-0.2081787878436776
nasa_power_ghcn_temperate,T2M,14,0.9123782858705094,0.791173188448086,4.316899355162599,0.9645229468599034,13248,AutoTheta,18,-0.2487130989096875,-0.39768969467832127
nasa_power_ghcn_temperate,T2M,30,0.9482307639603188,0.9685665579521165,4.462787804855172,0.9956219806763285,13248,AutoTheta,18,-0.2946865148792561,-0.7142726014053304
nasa_power_ghcn_temperate,T2M,1,0.4369453138639938,0.3722311329736754,2.0695064759545687,0.3919836956521739,13248,DLinear,18,0.39196656806238384,0.3310887262351504
nasa_power_ghcn_temperate,T2M,3,0.6324432193600451,0.5535440909347901,2.96313969226594,0.30932971014492755,13248,DLinear,18,0.13966458371224566,0.023486917492206216
nasa_power_ghcn_temperate,T2M,7,0.6813472888164345,0.5997943096084317,3.1907935292565828,0.2915157004830918,13248,DLinear,18,0.06638861136003249,-0.06060756317629812
nasa_power_ghcn_temperate,T2M,14,0.7071417052008735,0.624600292635048,3.3050911923112047,0.2884963768115942,13248,DLinear,18,0.03218092347828316,-0.10342135584938794
nasa_power_ghcn_temperate,T2M,30,0.712281654780644,0.6261596536869078,3.3108388800763846,0.28019323671497587,13248,DLinear,18,0.027471488702962454,-0.10824427047168683
nasa_power_ghcn_temperate,T2M,1,0.4029971752122878,0.31591159758155235,1.9338169501375406,0.8146890096618358,13248,NHITS,18,0.43920726981005354,0.4322967360435449
nasa_power_ghcn_temperate,T2M,3,0.6645624040665985,0.5146275642721194,3.115152530250891,0.735582729468599,13248,NHITS,18,0.0959716935057583,0.09213998060716977
nasa_power_ghcn_temperate,T2M,7,0.7548250441161617,0.5949729060500221,3.5303307699526703,0.6433423913043478,13248,NHITS,18,-0.03429377233109543,-0.05208194531488042
nasa_power_ghcn_temperate,T2M,14,0.7610816829754019,0.5995956959307597,3.5569638801348495,0.6339070048309179,13248,NHITS,18,-0.04164323240645107,-0.05924813607468282
nasa_power_ghcn_temperate,T2M,30,0.7696827793637216,0.5998476740593557,3.6143513115139356,0.7051630434782609,13248,NHITS,18,-0.05090232573249165,-0.06167451706246596
nasa_power_ghcn_temperate,T2M,1,0.39156886899083715,0.30868237347646765,1.8812147164580928,0.8137832125603864,13248,PatchTST,18,0.4551103863616721,0.44528788341435266
nasa_power_ghcn_temperate,T2M,3,0.6243636278472671,0.48701227943522285,2.95909396584073,0.8026117149758454,13248,PatchTST,18,0.15065554466304,0.14085640150666667
nasa_power_ghcn_temperate,T2M,7,0.6836428050731425,0.5311031182212269,3.223012439052273,0.806838768115942,13248,PatchTST,18,0.06324319615805296,0.060858072528752305
nasa_power_ghcn_temperate,T2M,14,0.7019414962391424,0.542716681081555,3.2980321689892844,0.8073671497584541,13248,PatchTST,18,0.039298112859204926,0.04123455729632097
nasa_power_ghcn_temperate,T2M,30,0.7023317800277539,0.5443700665404814,3.3020784306078332,0.8116696859903382,13248,PatchTST,18,0.04105675629489591,0.03651568141207828
nasa_power_ghcn_temperate,T2M,1,0.38250391054685245,0.2994068913930737,1.8551726973174398,0.8522041062801933,13248,chronos2,18,0.46772477452005734,0.4619562219426747
nasa_power_ghcn_temperate,T2M,3,0.6187677325612695,0.4791306666616885,2.929082284223963,0.7813254830917874,13248,chronos2,18,0.15826784368531888,0.1547604393433265
nasa_power_ghcn_temperate,T2M,7,0.673695244011892,0.52066688192026,3.1830191603301285,0.785552536231884,13248,chronos2,18,0.07687377258862427,0.07931231755006074
nasa_power_ghcn_temperate,T2M,14,0.6917630243251378,0.5344812785076154,3.2652015923390776,0.7894021739130435,13248,chronos2,18,0.053228728485129384,0.055783252167668995
nasa_power_ghcn_temperate,T2M,30,0.6893929454281554,0.5326451641962943,3.24565795724483,0.8002717391304348,13248,chronos2,18,0.058723062125756176,0.057267666577961784
nasa_power_ghcn_temperate,T2M,1,0.38189147878896645,0.2993272879819963,1.8657190332351201,0.8426932367149759,13248,chronos_bolt,18,0.4685770069888805,0.4620992718232003
nasa_power_ghcn_temperate,T2M,3,0.6201997153061237,0.4806297010881006,2.934122674136625,0.791213768115942,13248,chronos_bolt,18,0.156319865695836,0.15211597659411902
nasa_power_ghcn_temperate,T2M,7,0.6751185467861625,0.5219823527814839,3.182396401020388,0.7990640096618358,13248,chronos_bolt,18,0.07492350185099494,0.07698618953883818
nasa_power_ghcn_temperate,T2M,14,0.6956157810313119,0.5374924680264902,3.273970718959295,0.8000452898550725,13248,chronos_bolt,18,0.04795570978179453,0.05046367281297648
nasa_power_ghcn_temperate,T2M,30,0.6944474596139956,0.5381840178884452,3.274776991666077,0.811141304347826,13248,chronos_bolt,18,0.05182177648475683,0.04746441139669366
nasa_power_ghcn_temperate,T2M,1,0.7186205410968655,0.5564731042409224,3.382244868941874,0.8186896135265701,13248,climatology,18,0.0,0.0
nasa_power_ghcn_temperate,T2M,3,0.7351123845266802,0.5668578341144468,3.4333849876455527,0.8103864734299517,13248,climatology,18,0.0,0.0
nasa_power_ghcn_temperate,T2M,7,0.7297975336493944,0.5655195478826994,3.425047510296322,0.8073671497584541,13248,climatology,18,0.0,0.0
nasa_power_ghcn_temperate,T2M,14,0.7306548531181034,0.5660578248952282,3.4279345276127597,0.8066878019323671,13248,climatology,18,0.0,0.0
nasa_power_ghcn_temperate,T2M,30,0.732401823192506,0.5650014806035533,3.430991302940367,0.8141606280193237,13248,climatology,18,0.0,0.0
nasa_power_ghcn_temperate,T2M,1,0.4290325428794186,0.34008380574752173,2.0300861326970625,0.814387077294686,13248,lightgbm,18,0.40297762401201975,0.38885850339267425
nasa_power_ghcn_temperate,T2M,3,0.6457453916540671,0.509510859383602,3.013358514946169,0.7882699275362319,13248,lightgbm,18,0.12156915698019988,0.10116641471566334
nasa_power_ghcn_temperate,T2M,7,0.6965884894237478,0.5495852217984007,3.2463320799115176,0.7879679951690821,13248,lightgbm,18,0.045504462120586786,0.02817643730257724
nasa_power_ghcn_temperate,T2M,14,0.7147857946799798,0.5651491649976319,3.3256742322002903,0.7730978260869565,13248,lightgbm,18,0.021718953032887733,0.0016052421813345097
nasa_power_ghcn_temperate,T2M,30,0.718967275209496,0.5641747620029215,3.3400028037903113,0.7922705314009661,13248,lightgbm,18,0.01834313836692736,0.0014632149277709061
nasa_power_ghcn_temperate,T2M,1,0.3800702603899595,0.29904741903900667,1.8470432281993834,0.8633001207729468,13248,moirai2,18,0.471111332540203,0.46260220528190077
nasa_power_ghcn_temperate,T2M,3,0.6204244977502682,0.48223586301724286,2.953135142513967,0.8135567632850241,13248,moirai2,18,0.15601408599619293,0.14928252906551354
nasa_power_ghcn_temperate,T2M,7,0.6851985847888848,0.5297673924763469,3.228832045073927,0.8191425120772947,13248,moirai2,18,0.061111399811794254,0.06322001695645774
nasa_power_ghcn_temperate,T2M,14,0.7069335460943084,0.5472133132085788,3.329734530374317,0.8277475845410628,13248,moirai2,18,0.032465817372680505,0.03329078913472716
nasa_power_ghcn_temperate,T2M,30,0.7099034373883643,0.5512461251594541,3.344462871977946,0.8388435990338164,13248,moirai2,18,0.030718637081038835,0.024345698049154096
nasa_power_ghcn_temperate,T2M,1,0.4094112682758287,0.3247869432432022,2.012535623953315,0.8008756038647343,13248,naive,18,0.43028170660008636,0.41634745548710805
nasa_power_ghcn_temperate,T2M,3,0.7226708664400137,0.5675969627923322,3.4605495463497626,0.8013285024154589,13248,naive,18,0.016924647643744017,-0.0013039048477474502
nasa_power_ghcn_temperate,T2M,7,0.8717604585348304,0.6816669305109198,4.124379654349556,0.8223128019323671,13248,naive,18,-0.1945237114950804,-0.20538172917819586
nasa_power_ghcn_temperate,T2M,14,0.9948261962823644,0.7751705505505904,4.671332068810935,0.8205012077294686,13248,naive,18,-0.36155421679182376,-0.3694193710581899
nasa_power_ghcn_temperate,T2M,30,1.2831020258614059,0.9819661070288815,5.822272974584729,0.8185386473429952,13248,naive,18,-0.7519099287170299,-0.7379885553218601
nasa_power_ghcn_temperate,T2M,1,0.9565042122068461,0.7489199268559462,4.570733213170318,0.8232185990338164,13248,seasonal_naive,18,-0.33102820961238777,-0.34583310702417136
nasa_power_ghcn_temperate,T2M,3,0.9459866046204951,0.7384882284434384,4.4774412264812815,0.8206521739130435,13248,seasonal_naive,18,-0.28685983875729626,-0.3027750240007092
nasa_power_ghcn_temperate,T2M,7,0.9734458732444057,0.7611720222609998,4.649467936321494,0.8118961352657005,13248,seasonal_naive,18,-0.33385744451153987,-0.3459694277780876
nasa_power_ghcn_temperate,T2M,14,0.9736879620616895,0.7612508508724064,4.646577219154202,0.811292270531401,13248,seasonal_naive,18,-0.33262368395478537,-0.3448287743629488
nasa_power_ghcn_temperate,T2M,30,0.9342436561186145,0.7326283158515319,4.450426057909545,0.8279740338164251,13248,seasonal_naive,18,-0.2755889274637373,-0.29668388668453405
nasa_power_ghcn_temperate,T2M,1,0.3818545323476563,0.33504595641926205,1.8393429183624466,0.2957427536231884,13248,sundial,18,0.46862841999365457,0.3979116800688979
nasa_power_ghcn_temperate,T2M,3,0.629761940290369,0.5425285174089755,2.975122709131259,0.3435235507246377,13248,sundial,18,0.14331202473774607,0.042919609188217245
nasa_power_ghcn_temperate,T2M,7,0.6842476738444927,0.586496066865001,3.254245969813412,0.37092391304347827,13248,sundial,18,0.062414378926614056,-0.037092473745315324
nasa_power_ghcn_temperate,T2M,14,0.7033455409255175,0.6020875251475456,3.3325546471738807,0.3734903381642512,13248,sundial,18,0.03737648778495373,-0.06365021145849581
nasa_power_ghcn_temperate,T2M,30,0.7072079508411495,0.6036327853208188,3.329255587095588,0.3686594202898551,13248,sundial,18,0.0343989754716032,-0.06837381147390675
nasa_power_ghcn_temperate,T2M,1,0.3797133007570738,0.29782633005749043,1.8439669632664506,0.846316425120773,13248,timesfm25,18,0.4716080614986332,0.4647965413103813
nasa_power_ghcn_temperate,T2M,3,0.6206575253598717,0.48180746348408426,2.942128604667435,0.7733997584541062,13248,timesfm25,18,0.1556970900993634,0.1500382732880977
nasa_power_ghcn_temperate,T2M,7,0.6766054335854956,0.5242999977384065,3.1922848343083254,0.8053291062801933,13248,timesfm25,18,0.07288610554479213,0.0728879316349339
nasa_power_ghcn_temperate,T2M,14,0.6966666300931178,0.5394763514699273,3.2876251313734213,0.8024607487922706,13248,timesfm25,18,0.046517480695487445,0.04695893644826976
nasa_power_ghcn_temperate,T2M,30,0.6955523892815345,0.5380437974088278,3.2734654585666623,0.8179347826086957,13248,timesfm25,18,0.05031313787607261,0.047712588586366844
nasa_power_ghcn_temperate,T2M,1,0.376277908866847,0.29410922632538994,1.8341871174609181,0.8183121980676329,13248,tirex,18,0.47638859822665836,0.4714762958282046
nasa_power_ghcn_temperate,T2M,3,0.6176915590394702,0.47935651468041834,2.932717694257205,0.7995169082125604,13248,tirex,18,0.15973180150245225,0.15436201842517394
nasa_power_ghcn_temperate,T2M,7,0.6777170899908627,0.5238928587688425,3.194238817017207,0.8000452898550725,13248,tirex,18,0.07136286607889786,0.07360786955942888
nasa_power_ghcn_temperate,T2M,14,0.6945454610704916,0.5371313986233693,3.2761349702681373,0.8020078502415459,13248,tirex,18,0.04942058742717337,0.051101539453522804
nasa_power_ghcn_temperate,T2M,30,0.6938000783867884,0.5388016691746947,3.2818834050926693,0.8238979468599034,13248,tirex,18,0.052705691852942715,0.04637122614417044
nasa_power_ghcn_temperate,T2M,1,0.3803244165278524,0.29666166105071345,1.8460315349702499,0.8078955314009661,13248,toto2,18,0.4707576602982364,0.4668894888363281
nasa_power_ghcn_temperate,T2M,3,0.6273628261569189,0.4869965867214423,2.984530544410314,0.778683574879227,13248,toto2,18,0.14657562658142187,0.14088408519177453
nasa_power_ghcn_temperate,T2M,7,0.6968087838747067,0.5386946652104302,3.287167331876294,0.7862318840579711,13248,toto2,18,0.04520260517972097,0.04743405028650449
nasa_power_ghcn_temperate,T2M,14,0.7246159940302994,0.5594146804196292,3.406598207220665,0.7932518115942029,13248,toto2,18,0.00826499552015958,0.011735805395550525
nasa_power_ghcn_temperate,T2M,30,0.7254903055310646,0.5610115949202937,3.4062462467868415,0.8167270531400966,13248,toto2,18,0.009436783801703763,0.007061726066624474
nasa_power_ghcn_temperate,T2M,1,0.42748724406291155,0.42748724406291155,2.042929884276675,0.0,13248,ttm_r2,18,0.4051279922914296,0.23179172397551684
nasa_power_ghcn_temperate,T2M,3,0.6305472098735447,0.6305472098735447,2.9824013957225066,0.0,13248,ttm_r2,18,0.14224379408389676,-0.11235511256291342
nasa_power_ghcn_temperate,T2M,7,0.6919801510006187,0.6919801510006187,3.2546858425532554,0.0,13248,ttm_r2,18,0.051819005827092424,-0.22361844712775492
nasa_power_ghcn_temperate,T2M,14,0.7063086414114372,0.7063086414114372,3.3116470955583486,0.0,13248,ttm_r2,18,0.033321083960186626,-0.2477676490774916
nasa_power_ghcn_temperate,T2M,30,0.7094771095527064,0.7094771095527064,3.332118903791706,0.0,13248,ttm_r2,18,0.031300732622253524,-0.255708407692701
