station_id,year,pct,track
Ambaganctg,2008,100.0,BMD
Ambaganctg,2009,100.0,BMD
Ambaganctg,2010,100.0,BMD
Ambaganctg,2011,100.0,BMD
Ambaganctg,2012,100.0,BMD
Ambaganctg,2013,100.0,BMD
Ambaganctg,2014,100.0,BMD
Ambaganctg,2015,98.4,BMD
Ambaganctg,2016,100.0,BMD
Ambaganctg,2017,100.0,BMD
Ambaganctg,2018,100.0,BMD
Ambaganctg,2019,100.0,BMD
Ambaganctg,2020,100.0,BMD
Ambaganctg,2021,100.0,BMD
Ambaganctg,2022,100.0,BMD
Ambaganctg,2023,100.0,BMD
Barisal,1967,100.0,BMD
Barisal,1968,98.6,BMD
Barisal,1969,100.0,BMD
Barisal,1970,100.0,BMD
Barisal,1971,94.2,BMD
Barisal,1972,100.0,BMD
Barisal,1973,100.0,BMD
Barisal,1974,100.0,BMD
Barisal,1975,100.0,BMD
Barisal,1976,100.0,BMD
Barisal,1977,100.0,BMD
Barisal,1978,100.0,BMD
Barisal,1979,100.0,BMD
Barisal,1980,100.0,BMD
Barisal,1981,100.0,BMD
Barisal,1982,100.0,BMD
Barisal,1983,100.0,BMD
Barisal,1984,100.0,BMD
Barisal,1985,98.4,BMD
Barisal,1986,100.0,BMD
Barisal,1987,98.4,BMD
Barisal,1988,100.0,BMD
Barisal,1989,100.0,BMD
Barisal,1990,100.0,BMD
Barisal,1991,100.0,BMD
Barisal,1992,98.6,BMD
Barisal,1993,100.0,BMD
Barisal,1994,100.0,BMD
Barisal,1995,100.0,BMD
Barisal,1996,100.0,BMD
Barisal,1997,100.0,BMD
Barisal,1998,100.0,BMD
Barisal,1999,100.0,BMD
Barisal,2000,100.0,BMD
Barisal,2001,100.0,BMD
Barisal,2002,100.0,BMD
Barisal,2003,100.0,BMD
Barisal,2004,100.0,BMD
Barisal,2005,100.0,BMD
Barisal,2006,100.0,BMD
Barisal,2007,100.0,BMD
Barisal,2008,100.0,BMD
Barisal,2009,100.0,BMD
Barisal,2010,100.0,BMD
Barisal,2011,100.0,BMD
Barisal,2012,97.8,BMD
Barisal,2013,98.4,BMD
Barisal,2014,100.0,BMD
Barisal,2015,100.0,BMD
Barisal,2016,100.0,BMD
Barisal,2017,100.0,BMD
Barisal,2018,98.6,BMD
Barisal,2019,100.0,BMD
Barisal,2020,100.0,BMD
Barisal,2021,100.0,BMD
Barisal,2022,100.0,BMD
Barisal,2023,100.0,BMD
Bhola,1981,100.0,BMD
Bhola,1982,98.4,BMD
Bhola,1983,100.0,BMD
Bhola,1984,100.0,BMD
Bhola,1985,100.0,BMD
Bhola,1986,100.0,BMD
Bhola,1987,98.4,BMD
Bhola,1988,100.0,BMD
Bhola,1989,100.0,BMD
Bhola,1990,100.0,BMD
Bhola,1991,100.0,BMD
Bhola,1992,100.0,BMD
Bhola,1993,100.0,BMD
Bhola,1994,100.0,BMD
Bhola,1995,100.0,BMD
Bhola,1996,100.0,BMD
Bhola,1997,100.0,BMD
Bhola,1998,100.0,BMD
Bhola,1999,100.0,BMD
Bhola,2000,100.0,BMD
Bhola,2001,100.0,BMD
Bhola,2002,100.0,BMD
Bhola,2003,100.0,BMD
Bhola,2004,100.0,BMD
Bhola,2005,100.0,BMD
Bhola,2006,100.0,BMD
Bhola,2007,100.0,BMD
Bhola,2008,100.0,BMD
Bhola,2009,100.0,BMD
Bhola,2010,100.0,BMD
Bhola,2011,100.0,BMD
Bhola,2012,100.0,BMD
Bhola,2013,100.0,BMD
Bhola,2014,100.0,BMD
Bhola,2015,100.0,BMD
Bhola,2016,100.0,BMD
Bhola,2017,100.0,BMD
Bhola,2018,100.0,BMD
Bhola,2019,100.0,BMD
Bhola,2020,100.0,BMD
Bhola,2021,100.0,BMD
Bhola,2022,100.0,BMD
Bhola,2023,100.0,BMD
Bogra,1961,100.0,BMD
Bogra,1962,100.0,BMD
Bogra,1963,100.0,BMD
Bogra,1964,100.0,BMD
Bogra,1965,100.0,BMD
Bogra,1966,100.0,BMD
Bogra,1967,100.0,BMD
Bogra,1968,100.0,BMD
Bogra,1969,100.0,BMD
Bogra,1970,99.5,BMD
Bogra,1971,74.2,BMD
Bogra,1972,100.0,BMD
Bogra,1973,100.0,BMD
Bogra,1974,100.0,BMD
Bogra,1975,99.7,BMD
Bogra,1976,100.0,BMD
Bogra,1977,100.0,BMD
Bogra,1978,100.0,BMD
Bogra,1979,100.0,BMD
Bogra,1980,100.0,BMD
Bogra,1981,100.0,BMD
Bogra,1982,100.0,BMD
Bogra,1983,100.0,BMD
Bogra,1984,100.0,BMD
Bogra,1985,100.0,BMD
Bogra,1986,100.0,BMD
Bogra,1987,98.4,BMD
Bogra,1988,100.0,BMD
Bogra,1989,100.0,BMD
Bogra,1990,97.3,BMD
Bogra,1991,100.0,BMD
Bogra,1992,100.0,BMD
Bogra,1993,100.0,BMD
Bogra,1994,100.0,BMD
Bogra,1995,100.0,BMD
Bogra,1996,100.0,BMD
Bogra,1997,100.0,BMD
Bogra,1998,100.0,BMD
Bogra,1999,100.0,BMD
Bogra,2000,100.0,BMD
Bogra,2001,100.0,BMD
Bogra,2002,100.0,BMD
Bogra,2003,100.0,BMD
Bogra,2004,100.0,BMD
Bogra,2005,100.0,BMD
Bogra,2006,100.0,BMD
Bogra,2007,100.0,BMD
Bogra,2008,100.0,BMD
Bogra,2009,100.0,BMD
Bogra,2010,100.0,BMD
Bogra,2011,100.0,BMD
Bogra,2012,100.0,BMD
Bogra,2013,100.0,BMD
Bogra,2014,100.0,BMD
Bogra,2015,100.0,BMD
Bogra,2016,100.0,BMD
Bogra,2017,100.0,BMD
Bogra,2018,100.0,BMD
Bogra,2019,100.0,BMD
Bogra,2020,100.0,BMD
Bogra,2021,100.0,BMD
Bogra,2022,100.0,BMD
Bogra,2023,100.0,BMD
Chandpur,1977,100.0,BMD
Chandpur,1978,100.0,BMD
Chandpur,1979,98.6,BMD
Chandpur,1980,98.6,BMD
Chandpur,1981,100.0,BMD
Chandpur,1982,100.0,BMD
Chandpur,1983,100.0,BMD
Chandpur,1984,98.6,BMD
Chandpur,1985,98.6,BMD
Chandpur,1986,100.0,BMD
Chandpur,1987,96.7,BMD
Chandpur,1988,100.0,BMD
Chandpur,1989,100.0,BMD
Chandpur,1990,100.0,BMD
Chandpur,1991,100.0,BMD
Chandpur,1992,100.0,BMD
Chandpur,1993,100.0,BMD
Chandpur,1994,100.0,BMD
Chandpur,1995,100.0,BMD
Chandpur,1996,100.0,BMD
Chandpur,1997,100.0,BMD
Chandpur,1998,100.0,BMD
Chandpur,1999,100.0,BMD
Chandpur,2000,100.0,BMD
Chandpur,2001,100.0,BMD
Chandpur,2002,98.6,BMD
Chandpur,2003,98.6,BMD
Chandpur,2004,100.0,BMD
Chandpur,2005,100.0,BMD
Chandpur,2006,100.0,BMD
Chandpur,2007,100.0,BMD
Chandpur,2008,100.0,BMD
Chandpur,2009,100.0,BMD
Chandpur,2010,100.0,BMD
Chandpur,2011,100.0,BMD
Chandpur,2012,100.0,BMD
Chandpur,2013,100.0,BMD
Chandpur,2014,100.0,BMD
Chandpur,2015,100.0,BMD
Chandpur,2016,100.0,BMD
Chandpur,2017,100.0,BMD
Chandpur,2018,100.0,BMD
Chandpur,2019,100.0,BMD
Chandpur,2020,100.0,BMD
Chandpur,2021,100.0,BMD
Chandpur,2022,100.0,BMD
Chandpur,2023,100.0,BMD
Chittagong,1961,100.0,BMD
Chittagong,1962,100.0,BMD
Chittagong,1963,95.1,BMD
Chittagong,1964,98.6,BMD
Chittagong,1965,100.0,BMD
Chittagong,1966,99.5,BMD
Chittagong,1967,100.0,BMD
Chittagong,1968,96.2,BMD
Chittagong,1969,92.1,BMD
Chittagong,1970,100.0,BMD
Chittagong,1971,85.8,BMD
Chittagong,1972,91.8,BMD
Chittagong,1973,100.0,BMD
Chittagong,1974,100.0,BMD
Chittagong,1975,100.0,BMD
Chittagong,1976,91.5,BMD
Chittagong,1977,100.0,BMD
Chittagong,1978,100.0,BMD
Chittagong,1979,100.0,BMD
Chittagong,1980,100.0,BMD
Chittagong,1981,100.0,BMD
Chittagong,1982,100.0,BMD
Chittagong,1983,100.0,BMD
Chittagong,1984,100.0,BMD
Chittagong,1985,100.0,BMD
Chittagong,1986,100.0,BMD
Chittagong,1987,97.8,BMD
Chittagong,1988,100.0,BMD
Chittagong,1989,100.0,BMD
Chittagong,1990,100.0,BMD
Chittagong,1991,97.0,BMD
Chittagong,1992,100.0,BMD
Chittagong,1993,98.6,BMD
Chittagong,1994,100.0,BMD
Chittagong,1995,100.0,BMD
Chittagong,1996,100.0,BMD
Chittagong,1997,100.0,BMD
Chittagong,1998,100.0,BMD
Chittagong,1999,100.0,BMD
Chittagong,2000,100.0,BMD
Chittagong,2001,100.0,BMD
Chittagong,2002,100.0,BMD
Chittagong,2003,100.0,BMD
Chittagong,2004,100.0,BMD
Chittagong,2005,100.0,BMD
Chittagong,2006,100.0,BMD
Chittagong,2007,100.0,BMD
Chittagong,2008,100.0,BMD
Chittagong,2009,100.0,BMD
Chittagong,2010,100.0,BMD
Chittagong,2011,100.0,BMD
Chittagong,2012,100.0,BMD
Chittagong,2013,100.0,BMD
Chittagong,2014,100.0,BMD
Chittagong,2015,100.0,BMD
Chittagong,2016,100.0,BMD
Chittagong,2017,100.0,BMD
Chittagong,2018,100.0,BMD
Chittagong,2019,100.0,BMD
Chittagong,2020,100.0,BMD
Chittagong,2021,100.0,BMD
Chittagong,2022,100.0,BMD
Chittagong,2023,100.0,BMD
Chuadanga,1999,100.0,BMD
Chuadanga,2000,100.0,BMD
Chuadanga,2001,100.0,BMD
Chuadanga,2002,100.0,BMD
Chuadanga,2003,100.0,BMD
Chuadanga,2004,100.0,BMD
Chuadanga,2005,100.0,BMD
Chuadanga,2006,100.0,BMD
Chuadanga,2007,100.0,BMD
Chuadanga,2008,100.0,BMD
Chuadanga,2009,100.0,BMD
Chuadanga,2010,100.0,BMD
Chuadanga,2011,100.0,BMD
Chuadanga,2012,98.4,BMD
Chuadanga,2013,100.0,BMD
Chuadanga,2014,100.0,BMD
Chuadanga,2015,100.0,BMD
Chuadanga,2016,100.0,BMD
Chuadanga,2017,100.0,BMD
Chuadanga,2018,100.0,BMD
Chuadanga,2019,100.0,BMD
Chuadanga,2020,100.0,BMD
Chuadanga,2021,100.0,BMD
Chuadanga,2022,100.0,BMD
Chuadanga,2023,100.0,BMD
Comilla,1981,100.0,BMD
Comilla,1982,100.0,BMD
Comilla,1983,100.0,BMD
Comilla,1984,100.0,BMD
Comilla,1985,100.0,BMD
Comilla,1986,100.0,BMD
Comilla,1987,98.1,BMD
Comilla,1988,100.0,BMD
Comilla,1989,100.0,BMD
Comilla,1990,100.0,BMD
Comilla,1991,100.0,BMD
Comilla,1992,100.0,BMD
Comilla,1993,100.0,BMD
Comilla,1994,100.0,BMD
Comilla,1995,100.0,BMD
Comilla,1996,98.6,BMD
Comilla,1997,100.0,BMD
Comilla,1998,100.0,BMD
Comilla,1999,100.0,BMD
Comilla,2000,100.0,BMD
Comilla,2001,100.0,BMD
Comilla,2002,100.0,BMD
Comilla,2003,98.6,BMD
Comilla,2004,100.0,BMD
Comilla,2005,98.4,BMD
Comilla,2006,100.0,BMD
Comilla,2007,100.0,BMD
Comilla,2008,100.0,BMD
Comilla,2009,100.0,BMD
Comilla,2010,100.0,BMD
Comilla,2011,100.0,BMD
Comilla,2012,100.0,BMD
Comilla,2013,100.0,BMD
Comilla,2014,100.0,BMD
Comilla,2015,100.0,BMD
Comilla,2016,100.0,BMD
Comilla,2017,100.0,BMD
Comilla,2018,100.0,BMD
Comilla,2019,100.0,BMD
Comilla,2020,100.0,BMD
Comilla,2021,100.0,BMD
Comilla,2022,100.0,BMD
Comilla,2023,100.0,BMD
Coxsbazar,1961,100.0,BMD
Coxsbazar,1962,100.0,BMD
Coxsbazar,1963,98.4,BMD
Coxsbazar,1964,100.0,BMD
Coxsbazar,1965,100.0,BMD
Coxsbazar,1966,100.0,BMD
Coxsbazar,1967,100.0,BMD
Coxsbazar,1968,100.0,BMD
Coxsbazar,1969,100.0,BMD
Coxsbazar,1970,100.0,BMD
Coxsbazar,1971,100.0,BMD
Coxsbazar,1972,100.0,BMD
Coxsbazar,1973,100.0,BMD
Coxsbazar,1974,100.0,BMD
Coxsbazar,1975,100.0,BMD
Coxsbazar,1976,92.1,BMD
Coxsbazar,1977,100.0,BMD
Coxsbazar,1978,100.0,BMD
Coxsbazar,1979,98.6,BMD
Coxsbazar,1980,100.0,BMD
Coxsbazar,1981,100.0,BMD
Coxsbazar,1982,100.0,BMD
Coxsbazar,1983,100.0,BMD
Coxsbazar,1984,100.0,BMD
Coxsbazar,1985,100.0,BMD
Coxsbazar,1986,100.0,BMD
Coxsbazar,1987,98.6,BMD
Coxsbazar,1988,100.0,BMD
Coxsbazar,1989,100.0,BMD
Coxsbazar,1990,100.0,BMD
Coxsbazar,1991,100.0,BMD
Coxsbazar,1992,100.0,BMD
Coxsbazar,1993,100.0,BMD
Coxsbazar,1994,100.0,BMD
Coxsbazar,1995,100.0,BMD
Coxsbazar,1996,100.0,BMD
Coxsbazar,1997,100.0,BMD
Coxsbazar,1998,100.0,BMD
Coxsbazar,1999,100.0,BMD
Coxsbazar,2000,98.4,BMD
Coxsbazar,2001,100.0,BMD
Coxsbazar,2002,100.0,BMD
Coxsbazar,2003,100.0,BMD
Coxsbazar,2004,100.0,BMD
Coxsbazar,2005,100.0,BMD
Coxsbazar,2006,100.0,BMD
Coxsbazar,2007,100.0,BMD
Coxsbazar,2008,100.0,BMD
Coxsbazar,2009,100.0,BMD
Coxsbazar,2010,100.0,BMD
Coxsbazar,2011,100.0,BMD
Coxsbazar,2012,100.0,BMD
Coxsbazar,2013,100.0,BMD
Coxsbazar,2014,100.0,BMD
Coxsbazar,2015,100.0,BMD
Coxsbazar,2016,100.0,BMD
Coxsbazar,2017,100.0,BMD
Coxsbazar,2018,100.0,BMD
Coxsbazar,2019,100.0,BMD
Coxsbazar,2020,100.0,BMD
Coxsbazar,2021,98.4,BMD
Coxsbazar,2022,100.0,BMD
Coxsbazar,2023,100.0,BMD
Dhaka,1961,100.0,BMD
Dhaka,1962,100.0,BMD
Dhaka,1963,100.0,BMD
Dhaka,1964,100.0,BMD
Dhaka,1965,100.0,BMD
Dhaka,1966,100.0,BMD
Dhaka,1967,98.6,BMD
Dhaka,1968,100.0,BMD
Dhaka,1969,100.0,BMD
Dhaka,1970,100.0,BMD
Dhaka,1971,100.0,BMD
Dhaka,1972,100.0,BMD
Dhaka,1973,91.2,BMD
Dhaka,1974,91.2,BMD
Dhaka,1975,100.0,BMD
Dhaka,1976,100.0,BMD
Dhaka,1977,100.0,BMD
Dhaka,1978,100.0,BMD
Dhaka,1979,100.0,BMD
Dhaka,1980,100.0,BMD
Dhaka,1981,100.0,BMD
Dhaka,1982,100.0,BMD
Dhaka,1983,98.6,BMD
Dhaka,1984,100.0,BMD
Dhaka,1985,100.0,BMD
Dhaka,1986,100.0,BMD
Dhaka,1987,100.0,BMD
Dhaka,1988,98.4,BMD
Dhaka,1989,100.0,BMD
Dhaka,1990,100.0,BMD
Dhaka,1991,100.0,BMD
Dhaka,1992,100.0,BMD
Dhaka,1993,100.0,BMD
Dhaka,1994,100.0,BMD
Dhaka,1995,98.6,BMD
Dhaka,1996,100.0,BMD
Dhaka,1997,100.0,BMD
Dhaka,1998,100.0,BMD
Dhaka,1999,100.0,BMD
Dhaka,2000,100.0,BMD
Dhaka,2001,100.0,BMD
Dhaka,2002,100.0,BMD
Dhaka,2003,100.0,BMD
Dhaka,2004,100.0,BMD
Dhaka,2005,100.0,BMD
Dhaka,2006,100.0,BMD
Dhaka,2007,98.4,BMD
Dhaka,2008,100.0,BMD
Dhaka,2009,100.0,BMD
Dhaka,2010,100.0,BMD
Dhaka,2011,100.0,BMD
Dhaka,2012,100.0,BMD
Dhaka,2013,100.0,BMD
Dhaka,2014,100.0,BMD
Dhaka,2015,100.0,BMD
Dhaka,2016,100.0,BMD
Dhaka,2017,100.0,BMD
Dhaka,2018,100.0,BMD
Dhaka,2019,100.0,BMD
Dhaka,2020,100.0,BMD
Dhaka,2021,100.0,BMD
Dhaka,2022,100.0,BMD
Dhaka,2023,100.0,BMD
Dinajpur,1989,100.0,BMD
Dinajpur,1990,100.0,BMD
Dinajpur,1991,100.0,BMD
Dinajpur,1992,100.0,BMD
Dinajpur,1993,100.0,BMD
Dinajpur,1994,100.0,BMD
Dinajpur,1995,100.0,BMD
Dinajpur,1996,100.0,BMD
Dinajpur,1997,100.0,BMD
Dinajpur,1998,100.0,BMD
Dinajpur,1999,100.0,BMD
Dinajpur,2000,100.0,BMD
Dinajpur,2001,100.0,BMD
Dinajpur,2002,100.0,BMD
Dinajpur,2003,100.0,BMD
Dinajpur,2004,100.0,BMD
Dinajpur,2005,100.0,BMD
Dinajpur,2006,100.0,BMD
Dinajpur,2007,100.0,BMD
Dinajpur,2008,100.0,BMD
Dinajpur,2009,100.0,BMD
Dinajpur,2010,100.0,BMD
Dinajpur,2011,100.0,BMD
Dinajpur,2012,100.0,BMD
Dinajpur,2013,100.0,BMD
Dinajpur,2014,100.0,BMD
Dinajpur,2015,100.0,BMD
Dinajpur,2016,100.0,BMD
Dinajpur,2017,100.0,BMD
Dinajpur,2018,100.0,BMD
Dinajpur,2019,100.0,BMD
Dinajpur,2020,100.0,BMD
Dinajpur,2021,100.0,BMD
Dinajpur,2022,100.0,BMD
Dinajpur,2023,100.0,BMD
Faridpur,1985,100.0,BMD
Faridpur,1986,100.0,BMD
Faridpur,1987,97.3,BMD
Faridpur,1988,100.0,BMD
Faridpur,1989,100.0,BMD
Faridpur,1990,100.0,BMD
Faridpur,1991,100.0,BMD
Faridpur,1992,100.0,BMD
Faridpur,1993,100.0,BMD
Faridpur,1994,100.0,BMD
Faridpur,1995,100.0,BMD
Faridpur,1996,100.0,BMD
Faridpur,1997,100.0,BMD
Faridpur,1998,100.0,BMD
Faridpur,1999,100.0,BMD
Faridpur,2000,100.0,BMD
Faridpur,2001,100.0,BMD
Faridpur,2002,100.0,BMD
Faridpur,2003,100.0,BMD
Faridpur,2004,100.0,BMD
Faridpur,2005,100.0,BMD
Faridpur,2006,100.0,BMD
Faridpur,2007,100.0,BMD
Faridpur,2008,100.0,BMD
Faridpur,2009,100.0,BMD
Faridpur,2010,100.0,BMD
Faridpur,2011,98.4,BMD
Faridpur,2012,100.0,BMD
Faridpur,2013,100.0,BMD
Faridpur,2014,100.0,BMD
Faridpur,2015,100.0,BMD
Faridpur,2016,100.0,BMD
Faridpur,2017,98.4,BMD
Faridpur,2018,98.6,BMD
Faridpur,2019,98.6,BMD
Faridpur,2020,100.0,BMD
Faridpur,2021,100.0,BMD
Faridpur,2022,98.6,BMD
Faridpur,2023,100.0,BMD
Feni,1985,100.0,BMD
Feni,1986,100.0,BMD
Feni,1987,98.4,BMD
Feni,1988,100.0,BMD
Feni,1989,100.0,BMD
Feni,1990,100.0,BMD
Feni,1991,100.0,BMD
Feni,1992,100.0,BMD
Feni,1993,98.6,BMD
Feni,1994,100.0,BMD
Feni,1995,98.4,BMD
Feni,1996,100.0,BMD
Feni,1997,100.0,BMD
Feni,1998,100.0,BMD
Feni,1999,100.0,BMD
Feni,2000,100.0,BMD
Feni,2001,100.0,BMD
Feni,2002,100.0,BMD
Feni,2003,100.0,BMD
Feni,2004,100.0,BMD
Feni,2005,100.0,BMD
Feni,2006,100.0,BMD
Feni,2007,100.0,BMD
Feni,2008,100.0,BMD
Feni,2009,100.0,BMD
Feni,2010,98.6,BMD
Feni,2011,100.0,BMD
Feni,2012,100.0,BMD
Feni,2013,100.0,BMD
Feni,2014,100.0,BMD
Feni,2015,100.0,BMD
Feni,2016,100.0,BMD
Feni,2017,100.0,BMD
Feni,2018,100.0,BMD
Feni,2019,100.0,BMD
Feni,2020,100.0,BMD
Feni,2021,100.0,BMD
Feni,2022,100.0,BMD
Feni,2023,100.0,BMD
Hatiya,1985,100.0,BMD
Hatiya,1986,100.0,BMD
Hatiya,1987,100.0,BMD
Hatiya,1988,100.0,BMD
Hatiya,1989,100.0,BMD
Hatiya,1990,97.5,BMD
Hatiya,1991,100.0,BMD
Hatiya,1992,100.0,BMD
Hatiya,1993,100.0,BMD
Hatiya,1994,100.0,BMD
Hatiya,1995,100.0,BMD
Hatiya,1996,100.0,BMD
Hatiya,1997,100.0,BMD
Hatiya,1998,100.0,BMD
Hatiya,1999,100.0,BMD
Hatiya,2000,100.0,BMD
Hatiya,2001,100.0,BMD
Hatiya,2002,100.0,BMD
Hatiya,2003,100.0,BMD
Hatiya,2004,100.0,BMD
Hatiya,2005,98.4,BMD
Hatiya,2006,100.0,BMD
Hatiya,2007,96.7,BMD
Hatiya,2008,100.0,BMD
Hatiya,2009,100.0,BMD
Hatiya,2010,100.0,BMD
Hatiya,2011,100.0,BMD
Hatiya,2012,100.0,BMD
Hatiya,2013,100.0,BMD
Hatiya,2014,100.0,BMD
Hatiya,2015,100.0,BMD
Hatiya,2016,100.0,BMD
Hatiya,2017,100.0,BMD
Hatiya,2018,100.0,BMD
Hatiya,2019,100.0,BMD
Hatiya,2020,100.0,BMD
Hatiya,2021,98.4,BMD
Hatiya,2022,100.0,BMD
Hatiya,2023,100.0,BMD
Ishurdi,1985,100.0,BMD
Ishurdi,1986,100.0,BMD
Ishurdi,1987,98.6,BMD
Ishurdi,1988,100.0,BMD
Ishurdi,1989,100.0,BMD
Ishurdi,1990,100.0,BMD
Ishurdi,1991,100.0,BMD
Ishurdi,1992,100.0,BMD
Ishurdi,1993,100.0,BMD
Ishurdi,1994,100.0,BMD
Ishurdi,1995,100.0,BMD
Ishurdi,1996,100.0,BMD
Ishurdi,1997,100.0,BMD
Ishurdi,1998,100.0,BMD
Ishurdi,1999,100.0,BMD
Ishurdi,2000,100.0,BMD
Ishurdi,2001,98.6,BMD
Ishurdi,2002,100.0,BMD
Ishurdi,2003,100.0,BMD
Ishurdi,2004,100.0,BMD
Ishurdi,2005,100.0,BMD
Ishurdi,2006,100.0,BMD
Ishurdi,2007,100.0,BMD
Ishurdi,2008,100.0,BMD
Ishurdi,2009,100.0,BMD
Ishurdi,2010,100.0,BMD
Ishurdi,2011,100.0,BMD
Ishurdi,2012,100.0,BMD
Ishurdi,2013,100.0,BMD
Ishurdi,2014,100.0,BMD
Ishurdi,2015,100.0,BMD
Ishurdi,2016,100.0,BMD
Ishurdi,2017,100.0,BMD
Ishurdi,2018,100.0,BMD
Ishurdi,2019,100.0,BMD
Ishurdi,2020,100.0,BMD
Ishurdi,2021,100.0,BMD
Ishurdi,2022,100.0,BMD
Ishurdi,2023,100.0,BMD
Jessore,1969,98.4,BMD
Jessore,1970,100.0,BMD
Jessore,1971,43.0,BMD
Jessore,1972,100.0,BMD
Jessore,1973,100.0,BMD
Jessore,1974,100.0,BMD
Jessore,1975,98.6,BMD
Jessore,1976,98.6,BMD
Jessore,1977,97.0,BMD
Jessore,1978,97.0,BMD
Jessore,1979,100.0,BMD
Jessore,1980,100.0,BMD
Jessore,1981,100.0,BMD
Jessore,1982,100.0,BMD
Jessore,1983,100.0,BMD
Jessore,1984,100.0,BMD
Jessore,1985,100.0,BMD
Jessore,1986,100.0,BMD
Jessore,1987,100.0,BMD
Jessore,1988,100.0,BMD
Jessore,1989,100.0,BMD
Jessore,1990,100.0,BMD
Jessore,1991,100.0,BMD
Jessore,1992,100.0,BMD
Jessore,1993,100.0,BMD
Jessore,1994,100.0,BMD
Jessore,1995,100.0,BMD
Jessore,1996,100.0,BMD
Jessore,1997,100.0,BMD
Jessore,1998,98.6,BMD
Jessore,1999,98.6,BMD
Jessore,2000,100.0,BMD
Jessore,2001,100.0,BMD
Jessore,2002,100.0,BMD
Jessore,2003,100.0,BMD
Jessore,2004,100.0,BMD
Jessore,2005,100.0,BMD
Jessore,2006,100.0,BMD
Jessore,2007,100.0,BMD
Jessore,2008,100.0,BMD
Jessore,2009,100.0,BMD
Jessore,2010,98.6,BMD
Jessore,2011,98.6,BMD
Jessore,2012,100.0,BMD
Jessore,2013,100.0,BMD
Jessore,2014,100.0,BMD
Jessore,2015,100.0,BMD
Jessore,2016,100.0,BMD
Jessore,2017,100.0,BMD
Jessore,2018,100.0,BMD
Jessore,2019,100.0,BMD
Jessore,2020,100.0,BMD
Jessore,2021,100.0,BMD
Jessore,2022,100.0,BMD
Jessore,2023,100.0,BMD
Khepupara,1988,100.0,BMD
Khepupara,1989,100.0,BMD
Khepupara,1990,100.0,BMD
Khepupara,1991,100.0,BMD
Khepupara,1992,100.0,BMD
Khepupara,1993,100.0,BMD
Khepupara,1994,100.0,BMD
Khepupara,1995,100.0,BMD
Khepupara,1996,100.0,BMD
Khepupara,1997,100.0,BMD
Khepupara,1998,100.0,BMD
Khepupara,1999,100.0,BMD
Khepupara,2000,100.0,BMD
Khepupara,2001,100.0,BMD
Khepupara,2002,100.0,BMD
Khepupara,2003,100.0,BMD
Khepupara,2004,100.0,BMD
Khepupara,2005,100.0,BMD
Khepupara,2006,100.0,BMD
Khepupara,2007,100.0,BMD
Khepupara,2008,100.0,BMD
Khepupara,2009,100.0,BMD
Khepupara,2010,100.0,BMD
Khepupara,2011,100.0,BMD
Khepupara,2012,100.0,BMD
Khepupara,2013,100.0,BMD
Khepupara,2014,100.0,BMD
Khepupara,2015,100.0,BMD
Khepupara,2016,100.0,BMD
Khepupara,2017,100.0,BMD
Khepupara,2018,100.0,BMD
Khepupara,2019,100.0,BMD
Khepupara,2020,100.0,BMD
Khepupara,2021,100.0,BMD
Khepupara,2022,100.0,BMD
Khepupara,2023,100.0,BMD
Khulna,1984,100.0,BMD
Khulna,1985,100.0,BMD
Khulna,1986,100.0,BMD
Khulna,1987,98.6,BMD
Khulna,1988,100.0,BMD
Khulna,1989,100.0,BMD
Khulna,1990,100.0,BMD
Khulna,1991,100.0,BMD
Khulna,1992,100.0,BMD
Khulna,1993,100.0,BMD
Khulna,1994,100.0,BMD
Khulna,1995,100.0,BMD
Khulna,1996,100.0,BMD
Khulna,1997,100.0,BMD
Khulna,1998,100.0,BMD
Khulna,1999,100.0,BMD
Khulna,2000,100.0,BMD
Khulna,2001,98.6,BMD
Khulna,2002,100.0,BMD
Khulna,2003,100.0,BMD
Khulna,2004,100.0,BMD
Khulna,2005,100.0,BMD
Khulna,2006,100.0,BMD
Khulna,2007,100.0,BMD
Khulna,2008,100.0,BMD
Khulna,2009,100.0,BMD
Khulna,2010,100.0,BMD
Khulna,2011,100.0,BMD
Khulna,2012,100.0,BMD
Khulna,2013,100.0,BMD
Khulna,2014,100.0,BMD
Khulna,2015,100.0,BMD
Khulna,2016,98.6,BMD
Khulna,2017,100.0,BMD
Khulna,2018,98.6,BMD
Khulna,2019,100.0,BMD
Khulna,2020,98.6,BMD
Khulna,2021,100.0,BMD
Khulna,2022,100.0,BMD
Khulna,2023,100.0,BMD
Kutubdia,1985,100.0,BMD
Kutubdia,1986,100.0,BMD
Kutubdia,1987,100.0,BMD
Kutubdia,1988,100.0,BMD
Kutubdia,1989,100.0,BMD
Kutubdia,1990,100.0,BMD
Kutubdia,1991,100.0,BMD
Kutubdia,1992,100.0,BMD
Kutubdia,1993,100.0,BMD
Kutubdia,1994,100.0,BMD
Kutubdia,1995,100.0,BMD
Kutubdia,1996,100.0,BMD
Kutubdia,1997,100.0,BMD
Kutubdia,1998,100.0,BMD
Kutubdia,1999,100.0,BMD
Kutubdia,2000,100.0,BMD
Kutubdia,2001,100.0,BMD
Kutubdia,2002,100.0,BMD
Kutubdia,2003,100.0,BMD
Kutubdia,2004,100.0,BMD
Kutubdia,2005,100.0,BMD
Kutubdia,2006,100.0,BMD
Kutubdia,2007,100.0,BMD
Kutubdia,2008,98.6,BMD
Kutubdia,2009,100.0,BMD
Kutubdia,2010,100.0,BMD
Kutubdia,2011,100.0,BMD
Kutubdia,2012,98.4,BMD
Kutubdia,2013,100.0,BMD
Kutubdia,2014,100.0,BMD
Kutubdia,2015,98.6,BMD
Kutubdia,2016,100.0,BMD
Kutubdia,2017,100.0,BMD
Kutubdia,2018,100.0,BMD
Kutubdia,2019,100.0,BMD
Kutubdia,2020,100.0,BMD
Kutubdia,2021,100.0,BMD
Kutubdia,2022,100.0,BMD
Kutubdia,2023,100.0,BMD
Madaripur,1985,100.0,BMD
Madaripur,1986,100.0,BMD
Madaripur,1987,100.0,BMD
Madaripur,1988,100.0,BMD
Madaripur,1989,100.0,BMD
Madaripur,1990,100.0,BMD
Madaripur,1991,100.0,BMD
Madaripur,1992,100.0,BMD
Madaripur,1993,98.1,BMD
Madaripur,1994,100.0,BMD
Madaripur,1995,100.0,BMD
Madaripur,1996,100.0,BMD
Madaripur,1997,100.0,BMD
Madaripur,1998,100.0,BMD
Madaripur,1999,100.0,BMD
Madaripur,2000,100.0,BMD
Madaripur,2001,100.0,BMD
Madaripur,2002,100.0,BMD
Madaripur,2003,100.0,BMD
Madaripur,2004,100.0,BMD
Madaripur,2005,100.0,BMD
Madaripur,2006,100.0,BMD
Madaripur,2007,100.0,BMD
Madaripur,2008,100.0,BMD
Madaripur,2009,100.0,BMD
Madaripur,2010,100.0,BMD
Madaripur,2011,100.0,BMD
Madaripur,2012,100.0,BMD
Madaripur,2013,100.0,BMD
Madaripur,2014,98.6,BMD
Madaripur,2015,100.0,BMD
Madaripur,2016,100.0,BMD
Madaripur,2017,100.0,BMD
Madaripur,2018,100.0,BMD
Madaripur,2019,100.0,BMD
Madaripur,2020,100.0,BMD
Madaripur,2021,100.0,BMD
Madaripur,2022,100.0,BMD
Madaripur,2023,100.0,BMD
Mcourt,1985,100.0,BMD
Mcourt,1986,100.0,BMD
Mcourt,1987,98.1,BMD
Mcourt,1988,100.0,BMD
Mcourt,1989,100.0,BMD
Mcourt,1990,100.0,BMD
Mcourt,1991,100.0,BMD
Mcourt,1992,100.0,BMD
Mcourt,1993,100.0,BMD
Mcourt,1994,100.0,BMD
Mcourt,1995,98.1,BMD
Mcourt,1996,100.0,BMD
Mcourt,1997,100.0,BMD
Mcourt,1998,100.0,BMD
Mcourt,1999,98.4,BMD
Mcourt,2000,100.0,BMD
Mcourt,2001,100.0,BMD
Mcourt,2002,100.0,BMD
Mcourt,2003,100.0,BMD
Mcourt,2004,100.0,BMD
Mcourt,2005,100.0,BMD
Mcourt,2006,100.0,BMD
Mcourt,2007,100.0,BMD
Mcourt,2008,100.0,BMD
Mcourt,2009,100.0,BMD
Mcourt,2010,100.0,BMD
Mcourt,2011,98.4,BMD
Mcourt,2012,100.0,BMD
Mcourt,2013,100.0,BMD
Mcourt,2014,100.0,BMD
Mcourt,2015,100.0,BMD
Mcourt,2016,100.0,BMD
Mcourt,2017,100.0,BMD
Mcourt,2018,100.0,BMD
Mcourt,2019,100.0,BMD
Mcourt,2020,100.0,BMD
Mcourt,2021,100.0,BMD
Mcourt,2022,100.0,BMD
Mcourt,2023,98.4,BMD
Mongla,2001,100.0,BMD
Mongla,2002,100.0,BMD
Mongla,2003,100.0,BMD
Mongla,2004,100.0,BMD
Mongla,2005,100.0,BMD
Mongla,2006,100.0,BMD
Mongla,2007,100.0,BMD
Mongla,2008,100.0,BMD
Mongla,2009,100.0,BMD
Mongla,2010,100.0,BMD
Mongla,2011,100.0,BMD
Mongla,2012,100.0,BMD
Mongla,2013,100.0,BMD
Mongla,2014,100.0,BMD
Mongla,2015,100.0,BMD
Mongla,2016,98.6,BMD
Mongla,2017,100.0,BMD
Mongla,2018,98.6,BMD
Mongla,2019,100.0,BMD
Mongla,2020,100.0,BMD
Mongla,2021,100.0,BMD
Mongla,2022,100.0,BMD
Mongla,2023,100.0,BMD
Mymensingh,1979,100.0,BMD
Mymensingh,1980,100.0,BMD
Mymensingh,1981,100.0,BMD
Mymensingh,1982,100.0,BMD
Mymensingh,1983,100.0,BMD
Mymensingh,1984,100.0,BMD
Mymensingh,1985,100.0,BMD
Mymensingh,1986,100.0,BMD
Mymensingh,1987,100.0,BMD
Mymensingh,1988,100.0,BMD
Mymensingh,1989,100.0,BMD
Mymensingh,1990,100.0,BMD
Mymensingh,1991,100.0,BMD
Mymensingh,1992,100.0,BMD
Mymensingh,1993,100.0,BMD
Mymensingh,1994,100.0,BMD
Mymensingh,1995,100.0,BMD
Mymensingh,1996,100.0,BMD
Mymensingh,1997,100.0,BMD
Mymensingh,1998,100.0,BMD
Mymensingh,1999,100.0,BMD
Mymensingh,2000,100.0,BMD
Mymensingh,2001,100.0,BMD
Mymensingh,2002,100.0,BMD
Mymensingh,2003,100.0,BMD
Mymensingh,2004,100.0,BMD
Mymensingh,2005,100.0,BMD
Mymensingh,2006,100.0,BMD
Mymensingh,2007,100.0,BMD
Mymensingh,2008,100.0,BMD
Mymensingh,2009,100.0,BMD
Mymensingh,2010,98.1,BMD
Mymensingh,2011,100.0,BMD
Mymensingh,2012,100.0,BMD
Mymensingh,2013,100.0,BMD
Mymensingh,2014,100.0,BMD
Mymensingh,2015,100.0,BMD
Mymensingh,2016,100.0,BMD
Mymensingh,2017,100.0,BMD
Mymensingh,2018,100.0,BMD
Mymensingh,2019,100.0,BMD
Mymensingh,2020,100.0,BMD
Mymensingh,2021,100.0,BMD
Mymensingh,2022,100.0,BMD
Mymensingh,2023,100.0,BMD
Patuakhali,1985,100.0,BMD
Patuakhali,1986,100.0,BMD
Patuakhali,1987,100.0,BMD
Patuakhali,1988,100.0,BMD
Patuakhali,1989,100.0,BMD
Patuakhali,1990,100.0,BMD
Patuakhali,1991,100.0,BMD
Patuakhali,1992,100.0,BMD
Patuakhali,1993,100.0,BMD
Patuakhali,1994,100.0,BMD
Patuakhali,1995,100.0,BMD
Patuakhali,1996,98.6,BMD
Patuakhali,1997,100.0,BMD
Patuakhali,1998,100.0,BMD
Patuakhali,1999,100.0,BMD
Patuakhali,2000,100.0,BMD
Patuakhali,2001,98.4,BMD
Patuakhali,2002,100.0,BMD
Patuakhali,2003,100.0,BMD
Patuakhali,2004,100.0,BMD
Patuakhali,2005,100.0,BMD
Patuakhali,2006,100.0,BMD
Patuakhali,2007,100.0,BMD
Patuakhali,2008,100.0,BMD
Patuakhali,2009,100.0,BMD
Patuakhali,2010,100.0,BMD
Patuakhali,2011,98.6,BMD
Patuakhali,2012,100.0,BMD
Patuakhali,2013,100.0,BMD
Patuakhali,2014,100.0,BMD
Patuakhali,2015,100.0,BMD
Patuakhali,2016,100.0,BMD
Patuakhali,2017,100.0,BMD
Patuakhali,2018,100.0,BMD
Patuakhali,2019,100.0,BMD
Patuakhali,2020,100.0,BMD
Patuakhali,2021,100.0,BMD
Patuakhali,2022,100.0,BMD
Patuakhali,2023,100.0,BMD
Rajshahi,1979,100.0,BMD
Rajshahi,1980,100.0,BMD
Rajshahi,1981,100.0,BMD
Rajshahi,1982,100.0,BMD
Rajshahi,1983,100.0,BMD
Rajshahi,1984,100.0,BMD
Rajshahi,1985,98.4,BMD
Rajshahi,1986,100.0,BMD
Rajshahi,1987,98.1,BMD
Rajshahi,1988,100.0,BMD
Rajshahi,1989,100.0,BMD
Rajshahi,1990,100.0,BMD
Rajshahi,1991,100.0,BMD
Rajshahi,1992,100.0,BMD
Rajshahi,1993,100.0,BMD
Rajshahi,1994,100.0,BMD
Rajshahi,1995,100.0,BMD
Rajshahi,1996,100.0,BMD
Rajshahi,1997,100.0,BMD
Rajshahi,1998,100.0,BMD
Rajshahi,1999,100.0,BMD
Rajshahi,2000,100.0,BMD
Rajshahi,2001,100.0,BMD
Rajshahi,2002,100.0,BMD
Rajshahi,2003,100.0,BMD
Rajshahi,2004,98.6,BMD
Rajshahi,2005,100.0,BMD
Rajshahi,2006,98.4,BMD
Rajshahi,2007,100.0,BMD
Rajshahi,2008,100.0,BMD
Rajshahi,2009,100.0,BMD
Rajshahi,2010,100.0,BMD
Rajshahi,2011,100.0,BMD
Rajshahi,2012,100.0,BMD
Rajshahi,2013,100.0,BMD
Rajshahi,2014,100.0,BMD
Rajshahi,2015,97.3,BMD
Rajshahi,2016,100.0,BMD
Rajshahi,2017,100.0,BMD
Rajshahi,2018,100.0,BMD
Rajshahi,2019,100.0,BMD
Rajshahi,2020,100.0,BMD
Rajshahi,2021,100.0,BMD
Rajshahi,2022,100.0,BMD
Rajshahi,2023,100.0,BMD
Rangamati,1987,97.0,BMD
Rangamati,1988,100.0,BMD
Rangamati,1989,100.0,BMD
Rangamati,1990,100.0,BMD
Rangamati,1991,100.0,BMD
Rangamati,1992,100.0,BMD
Rangamati,1993,100.0,BMD
Rangamati,1994,100.0,BMD
Rangamati,1995,100.0,BMD
Rangamati,1996,100.0,BMD
Rangamati,1997,100.0,BMD
Rangamati,1998,100.0,BMD
Rangamati,1999,100.0,BMD
Rangamati,2000,100.0,BMD
Rangamati,2001,95.3,BMD
Rangamati,2002,100.0,BMD
Rangamati,2003,100.0,BMD
Rangamati,2004,100.0,BMD
Rangamati,2005,100.0,BMD
Rangamati,2006,100.0,BMD
Rangamati,2007,100.0,BMD
Rangamati,2008,100.0,BMD
Rangamati,2009,98.4,BMD
Rangamati,2010,100.0,BMD
Rangamati,2011,100.0,BMD
Rangamati,2012,100.0,BMD
Rangamati,2013,100.0,BMD
Rangamati,2014,100.0,BMD
Rangamati,2015,100.0,BMD
Rangamati,2016,100.0,BMD
Rangamati,2017,98.4,BMD
Rangamati,2018,100.0,BMD
Rangamati,2019,100.0,BMD
Rangamati,2020,100.0,BMD
Rangamati,2021,100.0,BMD
Rangamati,2022,100.0,BMD
Rangamati,2023,100.0,BMD
Rangpur,1979,100.0,BMD
Rangpur,1980,100.0,BMD
Rangpur,1981,100.0,BMD
Rangpur,1982,100.0,BMD
Rangpur,1983,98.4,BMD
Rangpur,1984,100.0,BMD
Rangpur,1985,100.0,BMD
Rangpur,1986,100.0,BMD
Rangpur,1987,100.0,BMD
Rangpur,1988,100.0,BMD
Rangpur,1989,100.0,BMD
Rangpur,1990,100.0,BMD
Rangpur,1991,100.0,BMD
Rangpur,1992,100.0,BMD
Rangpur,1993,100.0,BMD
Rangpur,1994,100.0,BMD
Rangpur,1995,100.0,BMD
Rangpur,1996,100.0,BMD
Rangpur,1997,100.0,BMD
Rangpur,1998,100.0,BMD
Rangpur,1999,100.0,BMD
Rangpur,2000,100.0,BMD
Rangpur,2001,100.0,BMD
Rangpur,2002,98.6,BMD
Rangpur,2003,100.0,BMD
Rangpur,2004,100.0,BMD
Rangpur,2005,100.0,BMD
Rangpur,2006,100.0,BMD
Rangpur,2007,100.0,BMD
Rangpur,2008,100.0,BMD
Rangpur,2009,100.0,BMD
Rangpur,2010,100.0,BMD
Rangpur,2011,100.0,BMD
Rangpur,2012,100.0,BMD
Rangpur,2013,100.0,BMD
Rangpur,2014,100.0,BMD
Rangpur,2015,100.0,BMD
Rangpur,2016,100.0,BMD
Rangpur,2017,100.0,BMD
Rangpur,2018,100.0,BMD
Rangpur,2019,100.0,BMD
Rangpur,2020,100.0,BMD
Rangpur,2021,100.0,BMD
Rangpur,2022,100.0,BMD
Rangpur,2023,100.0,BMD
Sandwip,1987,98.1,BMD
Sandwip,1988,100.0,BMD
Sandwip,1989,100.0,BMD
Sandwip,1990,100.0,BMD
Sandwip,1991,97.8,BMD
Sandwip,1992,100.0,BMD
Sandwip,1993,100.0,BMD
Sandwip,1994,100.0,BMD
Sandwip,1995,100.0,BMD
Sandwip,1996,100.0,BMD
Sandwip,1997,100.0,BMD
Sandwip,1998,100.0,BMD
Sandwip,1999,100.0,BMD
Sandwip,2000,100.0,BMD
Sandwip,2001,100.0,BMD
Sandwip,2002,100.0,BMD
Sandwip,2003,100.0,BMD
Sandwip,2004,100.0,BMD
Sandwip,2005,100.0,BMD
Sandwip,2006,98.6,BMD
Sandwip,2007,100.0,BMD
Sandwip,2008,100.0,BMD
Sandwip,2009,100.0,BMD
Sandwip,2010,100.0,BMD
Sandwip,2011,100.0,BMD
Sandwip,2012,100.0,BMD
Sandwip,2013,100.0,BMD
Sandwip,2014,100.0,BMD
Sandwip,2015,100.0,BMD
Sandwip,2016,100.0,BMD
Sandwip,2017,100.0,BMD
Sandwip,2018,100.0,BMD
Sandwip,2019,100.0,BMD
Sandwip,2020,100.0,BMD
Sandwip,2021,100.0,BMD
Sandwip,2022,100.0,BMD
Sandwip,2023,100.0,BMD
Satkhira,1984,100.0,BMD
Satkhira,1985,100.0,BMD
Satkhira,1986,100.0,BMD
Satkhira,1987,100.0,BMD
Satkhira,1988,98.6,BMD
Satkhira,1989,100.0,BMD
Satkhira,1990,100.0,BMD
Satkhira,1991,100.0,BMD
Satkhira,1992,100.0,BMD
Satkhira,1993,100.0,BMD
Satkhira,1994,100.0,BMD
Satkhira,1995,100.0,BMD
Satkhira,1996,100.0,BMD
Satkhira,1997,100.0,BMD
Satkhira,1998,100.0,BMD
Satkhira,1999,100.0,BMD
Satkhira,2000,100.0,BMD
Satkhira,2001,100.0,BMD
Satkhira,2002,100.0,BMD
Satkhira,2003,100.0,BMD
Satkhira,2004,100.0,BMD
Satkhira,2005,100.0,BMD
Satkhira,2006,100.0,BMD
Satkhira,2007,100.0,BMD
Satkhira,2008,100.0,BMD
Satkhira,2009,100.0,BMD
Satkhira,2010,100.0,BMD
Satkhira,2011,100.0,BMD
Satkhira,2012,100.0,BMD
Satkhira,2013,100.0,BMD
Satkhira,2014,100.0,BMD
Satkhira,2015,100.0,BMD
Satkhira,2016,100.0,BMD
Satkhira,2017,100.0,BMD
Satkhira,2018,100.0,BMD
Satkhira,2019,100.0,BMD
Satkhira,2020,100.0,BMD
Satkhira,2021,100.0,BMD
Satkhira,2022,100.0,BMD
Satkhira,2023,100.0,BMD
Sitakunda,1977,97.0,BMD
Sitakunda,1978,97.0,BMD
Sitakunda,1979,100.0,BMD
Sitakunda,1980,98.6,BMD
Sitakunda,1981,100.0,BMD
Sitakunda,1982,100.0,BMD
Sitakunda,1983,100.0,BMD
Sitakunda,1984,100.0,BMD
Sitakunda,1985,100.0,BMD
Sitakunda,1986,100.0,BMD
Sitakunda,1987,96.7,BMD
Sitakunda,1988,100.0,BMD
Sitakunda,1989,100.0,BMD
Sitakunda,1990,100.0,BMD
Sitakunda,1991,100.0,BMD
Sitakunda,1992,100.0,BMD
Sitakunda,1993,100.0,BMD
Sitakunda,1994,100.0,BMD
Sitakunda,1995,100.0,BMD
Sitakunda,1996,100.0,BMD
Sitakunda,1997,100.0,BMD
Sitakunda,1998,100.0,BMD
Sitakunda,1999,100.0,BMD
Sitakunda,2000,100.0,BMD
Sitakunda,2001,100.0,BMD
Sitakunda,2002,100.0,BMD
Sitakunda,2003,100.0,BMD
Sitakunda,2004,100.0,BMD
Sitakunda,2005,100.0,BMD
Sitakunda,2006,100.0,BMD
Sitakunda,2007,100.0,BMD
Sitakunda,2008,100.0,BMD
Sitakunda,2009,100.0,BMD
Sitakunda,2010,100.0,BMD
Sitakunda,2011,100.0,BMD
Sitakunda,2012,100.0,BMD
Sitakunda,2013,100.0,BMD
Sitakunda,2014,100.0,BMD
Sitakunda,2015,100.0,BMD
Sitakunda,2016,100.0,BMD
Sitakunda,2017,100.0,BMD
Sitakunda,2018,100.0,BMD
Sitakunda,2019,100.0,BMD
Sitakunda,2020,100.0,BMD
Sitakunda,2021,100.0,BMD
Sitakunda,2022,100.0,BMD
Sitakunda,2023,100.0,BMD
Srimangal,1986,100.0,BMD
Srimangal,1987,100.0,BMD
Srimangal,1988,100.0,BMD
Srimangal,1989,100.0,BMD
Srimangal,1990,98.4,BMD
Srimangal,1991,100.0,BMD
Srimangal,1992,100.0,BMD
Srimangal,1993,100.0,BMD
Srimangal,1994,98.4,BMD
Srimangal,1995,100.0,BMD
Srimangal,1996,100.0,BMD
Srimangal,1997,100.0,BMD
Srimangal,1998,100.0,BMD
Srimangal,1999,100.0,BMD
Srimangal,2000,100.0,BMD
Srimangal,2001,100.0,BMD
Srimangal,2002,100.0,BMD
Srimangal,2003,100.0,BMD
Srimangal,2004,100.0,BMD
Srimangal,2005,100.0,BMD
Srimangal,2006,100.0,BMD
Srimangal,2007,100.0,BMD
Srimangal,2008,100.0,BMD
Srimangal,2009,100.0,BMD
Srimangal,2010,100.0,BMD
Srimangal,2011,100.0,BMD
Srimangal,2012,98.4,BMD
Srimangal,2013,98.6,BMD
Srimangal,2014,100.0,BMD
Srimangal,2015,100.0,BMD
Srimangal,2016,98.6,BMD
Srimangal,2017,100.0,BMD
Srimangal,2018,100.0,BMD
Srimangal,2019,100.0,BMD
Srimangal,2020,100.0,BMD
Srimangal,2021,100.0,BMD
Srimangal,2022,100.0,BMD
Srimangal,2023,100.0,BMD
Sydpur,2000,98.6,BMD
Sydpur,2001,100.0,BMD
Sydpur,2002,100.0,BMD
Sydpur,2003,100.0,BMD
Sydpur,2004,100.0,BMD
Sydpur,2005,100.0,BMD
Sydpur,2006,100.0,BMD
Sydpur,2007,100.0,BMD
Sydpur,2008,100.0,BMD
Sydpur,2009,100.0,BMD
Sydpur,2010,100.0,BMD
Sydpur,2011,100.0,BMD
Sydpur,2012,100.0,BMD
Sydpur,2013,100.0,BMD
Sydpur,2014,100.0,BMD
Sydpur,2015,100.0,BMD
Sydpur,2016,100.0,BMD
Sydpur,2017,100.0,BMD
Sydpur,2018,100.0,BMD
Sydpur,2019,100.0,BMD
Sydpur,2020,100.0,BMD
Sydpur,2021,100.0,BMD
Sydpur,2022,100.0,BMD
Sydpur,2023,100.0,BMD
Sylhet,1961,77.8,BMD
Sylhet,1962,99.7,BMD
Sylhet,1963,100.0,BMD
Sylhet,1964,100.0,BMD
Sylhet,1965,100.0,BMD
Sylhet,1966,92.1,BMD
Sylhet,1967,98.6,BMD
Sylhet,1968,100.0,BMD
Sylhet,1969,100.0,BMD
Sylhet,1970,100.0,BMD
Sylhet,1971,85.8,BMD
Sylhet,1972,100.0,BMD
Sylhet,1973,100.0,BMD
Sylhet,1974,100.0,BMD
Sylhet,1975,91.5,BMD
Sylhet,1976,100.0,BMD
Sylhet,1977,100.0,BMD
Sylhet,1978,100.0,BMD
Sylhet,1979,100.0,BMD
Sylhet,1980,100.0,BMD
Sylhet,1981,100.0,BMD
Sylhet,1982,100.0,BMD
Sylhet,1983,100.0,BMD
Sylhet,1984,100.0,BMD
Sylhet,1985,100.0,BMD
Sylhet,1986,100.0,BMD
Sylhet,1987,98.1,BMD
Sylhet,1988,100.0,BMD
Sylhet,1989,100.0,BMD
Sylhet,1990,100.0,BMD
Sylhet,1991,100.0,BMD
Sylhet,1992,98.6,BMD
Sylhet,1993,100.0,BMD
Sylhet,1994,100.0,BMD
Sylhet,1995,100.0,BMD
Sylhet,1996,100.0,BMD
Sylhet,1997,100.0,BMD
Sylhet,1998,100.0,BMD
Sylhet,1999,100.0,BMD
Sylhet,2000,100.0,BMD
Sylhet,2001,100.0,BMD
Sylhet,2002,100.0,BMD
Sylhet,2003,100.0,BMD
Sylhet,2004,100.0,BMD
Sylhet,2005,100.0,BMD
Sylhet,2006,100.0,BMD
Sylhet,2007,98.4,BMD
Sylhet,2008,100.0,BMD
Sylhet,2009,100.0,BMD
Sylhet,2010,100.0,BMD
Sylhet,2011,100.0,BMD
Sylhet,2012,100.0,BMD
Sylhet,2013,100.0,BMD
Sylhet,2014,100.0,BMD
Sylhet,2015,100.0,BMD
Sylhet,2016,100.0,BMD
Sylhet,2017,100.0,BMD
Sylhet,2018,100.0,BMD
Sylhet,2019,100.0,BMD
Sylhet,2020,100.0,BMD
Sylhet,2021,100.0,BMD
Sylhet,2022,100.0,BMD
Sylhet,2023,100.0,BMD
Tangail,1987,98.1,BMD
Tangail,1988,98.6,BMD
Tangail,1989,100.0,BMD
Tangail,1990,100.0,BMD
Tangail,1991,100.0,BMD
Tangail,1992,100.0,BMD
Tangail,1993,100.0,BMD
Tangail,1994,100.0,BMD
Tangail,1995,100.0,BMD
Tangail,1996,100.0,BMD
Tangail,1997,100.0,BMD
Tangail,1998,100.0,BMD
Tangail,1999,100.0,BMD
Tangail,2000,100.0,BMD
Tangail,2001,100.0,BMD
Tangail,2002,100.0,BMD
Tangail,2003,100.0,BMD
Tangail,2004,98.6,BMD
Tangail,2005,100.0,BMD
Tangail,2006,100.0,BMD
Tangail,2007,100.0,BMD
Tangail,2008,100.0,BMD
Tangail,2009,100.0,BMD
Tangail,2010,100.0,BMD
Tangail,2011,100.0,BMD
Tangail,2012,100.0,BMD
Tangail,2013,98.4,BMD
Tangail,2014,100.0,BMD
Tangail,2015,100.0,BMD
Tangail,2016,100.0,BMD
Tangail,2017,100.0,BMD
Tangail,2018,100.0,BMD
Tangail,2019,100.0,BMD
Tangail,2020,100.0,BMD
Tangail,2021,98.4,BMD
Tangail,2022,100.0,BMD
Tangail,2023,100.0,BMD
Teknaf,1977,100.0,BMD
Teknaf,1978,100.0,BMD
Teknaf,1979,100.0,BMD
Teknaf,1980,100.0,BMD
Teknaf,1981,100.0,BMD
Teknaf,1982,100.0,BMD
Teknaf,1983,100.0,BMD
Teknaf,1984,100.0,BMD
Teknaf,1985,100.0,BMD
Teknaf,1986,100.0,BMD
Teknaf,1987,98.1,BMD
Teknaf,1988,100.0,BMD
Teknaf,1989,100.0,BMD
Teknaf,1990,100.0,BMD
Teknaf,1991,100.0,BMD
Teknaf,1992,100.0,BMD
Teknaf,1993,100.0,BMD
Teknaf,1994,100.0,BMD
Teknaf,1995,100.0,BMD
Teknaf,1996,100.0,BMD
Teknaf,1997,100.0,BMD
Teknaf,1998,100.0,BMD
Teknaf,1999,100.0,BMD
Teknaf,2000,100.0,BMD
Teknaf,2001,100.0,BMD
Teknaf,2002,98.6,BMD
Teknaf,2003,100.0,BMD
Teknaf,2004,100.0,BMD
Teknaf,2005,100.0,BMD
Teknaf,2006,100.0,BMD
Teknaf,2007,100.0,BMD
Teknaf,2008,100.0,BMD
Teknaf,2009,100.0,BMD
Teknaf,2010,100.0,BMD
Teknaf,2011,100.0,BMD
Teknaf,2012,100.0,BMD
Teknaf,2013,100.0,BMD
Teknaf,2014,100.0,BMD
Teknaf,2015,100.0,BMD
Teknaf,2016,100.0,BMD
Teknaf,2017,100.0,BMD
Teknaf,2018,100.0,BMD
Teknaf,2019,100.0,BMD
Teknaf,2020,100.0,BMD
Teknaf,2021,100.0,BMD
Teknaf,2022,100.0,BMD
Teknaf,2023,100.0,BMD
BGM00041859,1982,10.7,GHCN bangladesh
BGM00041859,1983,30.1,GHCN bangladesh
BGM00041859,1984,38.8,GHCN bangladesh
BGM00041859,1985,26.8,GHCN bangladesh
BGM00041859,1986,22.5,GHCN bangladesh
BGM00041859,1987,29.0,GHCN bangladesh
BGM00041859,1988,29.0,GHCN bangladesh
BGM00041859,1989,52.9,GHCN bangladesh
BGM00041859,1990,46.8,GHCN bangladesh
BGM00041859,1991,50.4,GHCN bangladesh
BGM00041859,1992,68.3,GHCN bangladesh
BGM00041859,1993,56.2,GHCN bangladesh
BGM00041859,1994,41.1,GHCN bangladesh
BGM00041859,1995,51.0,GHCN bangladesh
BGM00041859,1996,49.7,GHCN bangladesh
BGM00041859,1997,31.8,GHCN bangladesh
BGM00041859,1998,43.0,GHCN bangladesh
BGM00041859,1999,7.1,GHCN bangladesh
BGM00041859,2000,49.2,GHCN bangladesh
BGM00041859,2001,49.0,GHCN bangladesh
BGM00041859,2002,49.6,GHCN bangladesh
BGM00041859,2003,37.8,GHCN bangladesh
BGM00041859,2004,38.5,GHCN bangladesh
BGM00041859,2005,49.9,GHCN bangladesh
BGM00041859,2006,64.7,GHCN bangladesh
BGM00041859,2007,44.1,GHCN bangladesh
BGM00041859,2008,42.1,GHCN bangladesh
BGM00041859,2009,74.0,GHCN bangladesh
BGM00041859,2010,74.0,GHCN bangladesh
BGM00041859,2011,40.0,GHCN bangladesh
BGM00041859,2012,41.8,GHCN bangladesh
BGM00041859,2013,49.9,GHCN bangladesh
BGM00041859,2014,91.2,GHCN bangladesh
BGM00041859,2015,89.9,GHCN bangladesh
BGM00041859,2016,85.5,GHCN bangladesh
BGM00041859,2017,79.7,GHCN bangladesh
BGM00041859,2018,85.2,GHCN bangladesh
BGM00041859,2019,60.3,GHCN bangladesh
BGM00041859,2020,87.4,GHCN bangladesh
BGM00041859,2021,6.8,GHCN bangladesh
BGM00041859,2022,27.4,GHCN bangladesh
BGM00041859,2023,85.8,GHCN bangladesh
BGM00041859,2024,92.9,GHCN bangladesh
BGM00041859,2025,0.0,GHCN bangladesh
BGM00041859,2026,0.0,GHCN bangladesh
BGM00041883,1982,34.8,GHCN bangladesh
BGM00041883,1983,55.6,GHCN bangladesh
BGM00041883,1984,44.0,GHCN bangladesh
BGM00041883,1985,54.8,GHCN bangladesh
BGM00041883,1986,50.1,GHCN bangladesh
BGM00041883,1987,40.0,GHCN bangladesh
BGM00041883,1988,24.9,GHCN bangladesh
BGM00041883,1989,48.8,GHCN bangladesh
BGM00041883,1990,53.4,GHCN bangladesh
BGM00041883,1991,61.6,GHCN bangladesh
BGM00041883,1992,78.4,GHCN bangladesh
BGM00041883,1993,61.6,GHCN bangladesh
BGM00041883,1994,47.4,GHCN bangladesh
BGM00041883,1995,60.3,GHCN bangladesh
BGM00041883,1996,69.7,GHCN bangladesh
BGM00041883,1997,48.8,GHCN bangladesh
BGM00041883,1998,50.1,GHCN bangladesh
BGM00041883,1999,6.3,GHCN bangladesh
BGM00041883,2000,55.5,GHCN bangladesh
BGM00041883,2001,68.8,GHCN bangladesh
BGM00041883,2002,58.6,GHCN bangladesh
BGM00041883,2003,55.9,GHCN bangladesh
BGM00041883,2004,48.9,GHCN bangladesh
BGM00041883,2005,61.4,GHCN bangladesh
BGM00041883,2006,72.9,GHCN bangladesh
BGM00041883,2007,55.1,GHCN bangladesh
BGM00041883,2008,45.9,GHCN bangladesh
BGM00041883,2009,80.0,GHCN bangladesh
BGM00041883,2010,75.3,GHCN bangladesh
BGM00041883,2011,37.8,GHCN bangladesh
BGM00041883,2012,42.3,GHCN bangladesh
BGM00041883,2013,48.5,GHCN bangladesh
BGM00041883,2014,92.1,GHCN bangladesh
BGM00041883,2015,90.4,GHCN bangladesh
BGM00041883,2016,86.3,GHCN bangladesh
BGM00041883,2017,83.3,GHCN bangladesh
BGM00041883,2018,85.2,GHCN bangladesh
BGM00041883,2019,60.5,GHCN bangladesh
BGM00041883,2020,87.4,GHCN bangladesh
BGM00041883,2021,6.8,GHCN bangladesh
BGM00041883,2022,24.4,GHCN bangladesh
BGM00041883,2023,82.7,GHCN bangladesh
BGM00041883,2024,90.7,GHCN bangladesh
BGM00041891,1961,0.0,GHCN bangladesh
BGM00041891,1962,0.0,GHCN bangladesh
BGM00041891,1963,0.0,GHCN bangladesh
BGM00041891,1964,0.0,GHCN bangladesh
BGM00041891,1965,0.0,GHCN bangladesh
BGM00041891,1966,0.0,GHCN bangladesh
BGM00041891,1967,0.0,GHCN bangladesh
BGM00041891,1968,0.0,GHCN bangladesh
BGM00041891,1969,0.0,GHCN bangladesh
BGM00041891,1970,0.0,GHCN bangladesh
BGM00041891,1971,0.0,GHCN bangladesh
BGM00041891,1972,0.0,GHCN bangladesh
BGM00041891,1973,0.0,GHCN bangladesh
BGM00041891,1974,0.0,GHCN bangladesh
BGM00041891,1975,0.0,GHCN bangladesh
BGM00041891,1976,0.0,GHCN bangladesh
BGM00041891,1977,0.0,GHCN bangladesh
BGM00041891,1978,0.0,GHCN bangladesh
BGM00041891,1979,0.0,GHCN bangladesh
BGM00041891,1980,0.0,GHCN bangladesh
BGM00041891,1981,0.0,GHCN bangladesh
BGM00041891,1982,33.7,GHCN bangladesh
BGM00041891,1983,45.2,GHCN bangladesh
BGM00041891,1984,39.3,GHCN bangladesh
BGM00041891,1985,43.8,GHCN bangladesh
BGM00041891,1986,46.8,GHCN bangladesh
BGM00041891,1987,36.4,GHCN bangladesh
BGM00041891,1988,26.2,GHCN bangladesh
BGM00041891,1989,43.8,GHCN bangladesh
BGM00041891,1990,39.5,GHCN bangladesh
BGM00041891,1991,50.4,GHCN bangladesh
BGM00041891,1992,69.7,GHCN bangladesh
BGM00041891,1993,57.8,GHCN bangladesh
BGM00041891,1994,41.9,GHCN bangladesh
BGM00041891,1995,52.1,GHCN bangladesh
BGM00041891,1996,66.7,GHCN bangladesh
BGM00041891,1997,40.5,GHCN bangladesh
BGM00041891,1998,49.0,GHCN bangladesh
BGM00041891,1999,6.3,GHCN bangladesh
BGM00041891,2000,50.8,GHCN bangladesh
BGM00041891,2001,66.3,GHCN bangladesh
BGM00041891,2002,57.0,GHCN bangladesh
BGM00041891,2003,54.5,GHCN bangladesh
BGM00041891,2004,49.7,GHCN bangladesh
BGM00041891,2005,56.2,GHCN bangladesh
BGM00041891,2006,75.9,GHCN bangladesh
BGM00041891,2007,55.3,GHCN bangladesh
BGM00041891,2008,44.8,GHCN bangladesh
BGM00041891,2009,78.1,GHCN bangladesh
BGM00041891,2010,75.6,GHCN bangladesh
BGM00041891,2011,35.3,GHCN bangladesh
BGM00041891,2012,41.3,GHCN bangladesh
BGM00041891,2013,51.5,GHCN bangladesh
BGM00041891,2014,90.7,GHCN bangladesh
BGM00041891,2015,90.7,GHCN bangladesh
BGM00041891,2016,85.5,GHCN bangladesh
BGM00041891,2017,79.7,GHCN bangladesh
BGM00041891,2018,85.2,GHCN bangladesh
BGM00041891,2019,60.5,GHCN bangladesh
BGM00041891,2020,87.4,GHCN bangladesh
BGM00041891,2021,6.8,GHCN bangladesh
BGM00041891,2022,37.5,GHCN bangladesh
BGM00041891,2023,88.2,GHCN bangladesh
BGM00041891,2024,93.2,GHCN bangladesh
BGM00041891,2025,99.6,GHCN bangladesh
BGM00041907,1982,40.2,GHCN bangladesh
BGM00041907,1983,55.9,GHCN bangladesh
BGM00041907,1984,47.5,GHCN bangladesh
BGM00041907,1985,49.9,GHCN bangladesh
BGM00041907,1986,38.1,GHCN bangladesh
BGM00041907,1987,24.1,GHCN bangladesh
BGM00041907,1988,16.9,GHCN bangladesh
BGM00041907,1989,32.1,GHCN bangladesh
BGM00041907,1990,38.9,GHCN bangladesh
BGM00041907,1991,56.2,GHCN bangladesh
BGM00041907,1992,73.0,GHCN bangladesh
BGM00041907,1993,60.8,GHCN bangladesh
BGM00041907,1994,47.1,GHCN bangladesh
BGM00041907,1995,57.0,GHCN bangladesh
BGM00041907,1996,61.7,GHCN bangladesh
BGM00041907,1997,46.6,GHCN bangladesh
BGM00041907,1998,47.4,GHCN bangladesh
BGM00041907,1999,6.6,GHCN bangladesh
BGM00041907,2000,54.4,GHCN bangladesh
BGM00041907,2001,65.2,GHCN bangladesh
BGM00041907,2002,57.0,GHCN bangladesh
BGM00041907,2003,52.9,GHCN bangladesh
BGM00041907,2004,48.1,GHCN bangladesh
BGM00041907,2005,57.3,GHCN bangladesh
BGM00041907,2006,75.6,GHCN bangladesh
BGM00041907,2007,51.8,GHCN bangladesh
BGM00041907,2008,42.9,GHCN bangladesh
BGM00041907,2009,78.1,GHCN bangladesh
BGM00041907,2010,73.7,GHCN bangladesh
BGM00041907,2011,31.0,GHCN bangladesh
BGM00041907,2012,40.7,GHCN bangladesh
BGM00041907,2013,47.7,GHCN bangladesh
BGM00041907,2014,90.7,GHCN bangladesh
BGM00041907,2015,90.7,GHCN bangladesh
BGM00041907,2016,85.0,GHCN bangladesh
BGM00041907,2017,80.5,GHCN bangladesh
BGM00041907,2018,85.2,GHCN bangladesh
BGM00041907,2019,60.8,GHCN bangladesh
BGM00041907,2020,87.4,GHCN bangladesh
BGM00041907,2021,6.8,GHCN bangladesh
BGM00041907,2022,24.9,GHCN bangladesh
BGM00041907,2023,86.3,GHCN bangladesh
BGM00041907,2024,92.6,GHCN bangladesh
BGM00041907,2025,99.6,GHCN bangladesh
BGM00041923,1961,0.0,GHCN bangladesh
BGM00041923,1962,0.0,GHCN bangladesh
BGM00041923,1963,0.0,GHCN bangladesh
BGM00041923,1964,0.0,GHCN bangladesh
BGM00041923,1965,0.0,GHCN bangladesh
BGM00041923,1966,0.0,GHCN bangladesh
BGM00041923,1967,0.0,GHCN bangladesh
BGM00041923,1968,0.0,GHCN bangladesh
BGM00041923,1969,0.0,GHCN bangladesh
BGM00041923,1970,0.0,GHCN bangladesh
BGM00041923,1971,0.0,GHCN bangladesh
BGM00041923,1972,0.0,GHCN bangladesh
BGM00041923,1973,0.0,GHCN bangladesh
BGM00041923,1974,0.0,GHCN bangladesh
BGM00041923,1975,0.0,GHCN bangladesh
BGM00041923,1976,0.0,GHCN bangladesh
BGM00041923,1977,0.0,GHCN bangladesh
BGM00041923,1978,0.0,GHCN bangladesh
BGM00041923,1979,0.0,GHCN bangladesh
BGM00041923,1980,0.0,GHCN bangladesh
BGM00041923,1981,0.0,GHCN bangladesh
BGM00041923,1982,39.5,GHCN bangladesh
BGM00041923,1983,52.9,GHCN bangladesh
BGM00041923,1984,49.2,GHCN bangladesh
BGM00041923,1985,58.4,GHCN bangladesh
BGM00041923,1986,53.2,GHCN bangladesh
BGM00041923,1987,41.6,GHCN bangladesh
BGM00041923,1988,26.5,GHCN bangladesh
BGM00041923,1989,42.2,GHCN bangladesh
BGM00041923,1990,42.2,GHCN bangladesh
BGM00041923,1991,56.7,GHCN bangladesh
BGM00041923,1992,74.3,GHCN bangladesh
BGM00041923,1993,55.9,GHCN bangladesh
BGM00041923,1994,46.8,GHCN bangladesh
BGM00041923,1995,52.6,GHCN bangladesh
BGM00041923,1996,67.8,GHCN bangladesh
BGM00041923,1997,44.9,GHCN bangladesh
BGM00041923,1998,46.0,GHCN bangladesh
BGM00041923,1999,7.1,GHCN bangladesh
BGM00041923,2000,31.4,GHCN bangladesh
BGM00041923,2001,53.2,GHCN bangladesh
BGM00041923,2002,61.1,GHCN bangladesh
BGM00041923,2003,55.1,GHCN bangladesh
BGM00041923,2004,52.7,GHCN bangladesh
BGM00041923,2005,63.0,GHCN bangladesh
BGM00041923,2006,79.5,GHCN bangladesh
BGM00041923,2007,58.6,GHCN bangladesh
BGM00041923,2008,46.4,GHCN bangladesh
BGM00041923,2009,79.5,GHCN bangladesh
BGM00041923,2010,73.7,GHCN bangladesh
BGM00041923,2011,27.1,GHCN bangladesh
BGM00041923,2012,40.4,GHCN bangladesh
BGM00041923,2013,50.7,GHCN bangladesh
BGM00041923,2014,87.1,GHCN bangladesh
BGM00041923,2015,90.1,GHCN bangladesh
BGM00041923,2016,85.2,GHCN bangladesh
BGM00041923,2017,81.1,GHCN bangladesh
BGM00041923,2018,85.2,GHCN bangladesh
BGM00041923,2019,60.5,GHCN bangladesh
BGM00041923,2020,87.4,GHCN bangladesh
BGM00041923,2021,6.8,GHCN bangladesh
BGM00041923,2022,27.4,GHCN bangladesh
BGM00041923,2023,86.3,GHCN bangladesh
BGM00041923,2024,90.4,GHCN bangladesh
BGM00041923,2025,97.9,GHCN bangladesh
BGM00041936,1982,40.1,GHCN bangladesh
BGM00041936,1983,53.2,GHCN bangladesh
BGM00041936,1984,42.1,GHCN bangladesh
BGM00041936,1985,56.2,GHCN bangladesh
BGM00041936,1986,53.2,GHCN bangladesh
BGM00041936,1987,39.2,GHCN bangladesh
BGM00041936,1988,24.9,GHCN bangladesh
BGM00041936,1989,34.2,GHCN bangladesh
BGM00041936,1990,40.3,GHCN bangladesh
BGM00041936,1991,62.5,GHCN bangladesh
BGM00041936,1992,75.1,GHCN bangladesh
BGM00041936,1993,61.9,GHCN bangladesh
BGM00041936,1994,44.4,GHCN bangladesh
BGM00041936,1995,59.5,GHCN bangladesh
BGM00041936,1996,59.8,GHCN bangladesh
BGM00041936,1997,43.0,GHCN bangladesh
BGM00041936,1998,43.3,GHCN bangladesh
BGM00041936,1999,6.0,GHCN bangladesh
BGM00041936,2000,41.5,GHCN bangladesh
BGM00041936,2001,68.8,GHCN bangladesh
BGM00041936,2002,55.9,GHCN bangladesh
BGM00041936,2003,53.7,GHCN bangladesh
BGM00041936,2004,47.3,GHCN bangladesh
BGM00041936,2005,57.5,GHCN bangladesh
BGM00041936,2006,74.5,GHCN bangladesh
BGM00041936,2007,53.7,GHCN bangladesh
BGM00041936,2008,43.2,GHCN bangladesh
BGM00041936,2009,77.3,GHCN bangladesh
BGM00041936,2010,74.0,GHCN bangladesh
BGM00041936,2011,32.9,GHCN bangladesh
BGM00041936,2012,47.0,GHCN bangladesh
BGM00041936,2013,54.2,GHCN bangladesh
BGM00041936,2014,88.8,GHCN bangladesh
BGM00041936,2015,90.1,GHCN bangladesh
BGM00041936,2016,86.1,GHCN bangladesh
BGM00041936,2017,80.5,GHCN bangladesh
BGM00041936,2018,84.9,GHCN bangladesh
BGM00041936,2019,60.5,GHCN bangladesh
BGM00041936,2020,87.2,GHCN bangladesh
BGM00041936,2021,6.8,GHCN bangladesh
BGM00041936,2022,28.8,GHCN bangladesh
BGM00041936,2023,86.3,GHCN bangladesh
BGM00041936,2024,92.3,GHCN bangladesh
BGM00041936,2025,99.2,GHCN bangladesh
BGM00041943,2000,36.4,GHCN bangladesh
BGM00041943,2001,34.5,GHCN bangladesh
BGM00041943,2002,56.4,GHCN bangladesh
BGM00041943,2003,47.9,GHCN bangladesh
BGM00041943,2004,31.4,GHCN bangladesh
BGM00041943,2005,11.8,GHCN bangladesh
BGM00041943,2006,30.7,GHCN bangladesh
BGM00041943,2007,35.6,GHCN bangladesh
BGM00041943,2008,27.3,GHCN bangladesh
BGM00041943,2009,72.9,GHCN bangladesh
BGM00041943,2010,73.4,GHCN bangladesh
BGM00041943,2011,30.7,GHCN bangladesh
BGM00041943,2012,44.5,GHCN bangladesh
BGM00041943,2013,54.8,GHCN bangladesh
BGM00041943,2014,90.1,GHCN bangladesh
BGM00041943,2015,89.9,GHCN bangladesh
BGM00041943,2016,85.8,GHCN bangladesh
BGM00041943,2017,81.4,GHCN bangladesh
BGM00041943,2018,85.2,GHCN bangladesh
BGM00041943,2019,60.5,GHCN bangladesh
BGM00041943,2020,87.4,GHCN bangladesh
BGM00041943,2021,6.8,GHCN bangladesh
BGM00041943,2022,27.9,GHCN bangladesh
BGM00041943,2023,85.8,GHCN bangladesh
BGM00041943,2024,91.5,GHCN bangladesh
BGM00041943,2025,0.0,GHCN bangladesh
BGM00041943,2026,0.0,GHCN bangladesh
BGM00041950,1961,35.3,GHCN bangladesh
BGM00041950,1962,31.5,GHCN bangladesh
BGM00041950,1963,0.0,GHCN bangladesh
BGM00041950,1964,0.0,GHCN bangladesh
BGM00041950,1965,0.0,GHCN bangladesh
BGM00041950,1966,0.0,GHCN bangladesh
BGM00041950,1967,0.0,GHCN bangladesh
BGM00041950,1968,0.0,GHCN bangladesh
BGM00041950,1969,0.0,GHCN bangladesh
BGM00041950,1970,0.0,GHCN bangladesh
BGM00041950,1971,0.0,GHCN bangladesh
BGM00041950,1972,0.0,GHCN bangladesh
BGM00041950,1973,0.0,GHCN bangladesh
BGM00041950,1974,0.0,GHCN bangladesh
BGM00041950,1975,0.0,GHCN bangladesh
BGM00041950,1976,0.0,GHCN bangladesh
BGM00041950,1977,0.0,GHCN bangladesh
BGM00041950,1978,0.0,GHCN bangladesh
BGM00041950,1979,0.0,GHCN bangladesh
BGM00041950,1980,0.0,GHCN bangladesh
BGM00041950,1981,0.0,GHCN bangladesh
BGM00041950,1982,0.0,GHCN bangladesh
BGM00041950,1983,0.0,GHCN bangladesh
BGM00041950,1984,0.0,GHCN bangladesh
BGM00041950,1985,0.0,GHCN bangladesh
BGM00041950,1986,0.0,GHCN bangladesh
BGM00041950,1987,0.0,GHCN bangladesh
BGM00041950,1988,0.0,GHCN bangladesh
BGM00041950,1989,0.0,GHCN bangladesh
BGM00041950,1990,0.0,GHCN bangladesh
BGM00041950,1991,0.0,GHCN bangladesh
BGM00041950,1992,0.0,GHCN bangladesh
BGM00041950,1993,0.0,GHCN bangladesh
BGM00041950,1994,0.0,GHCN bangladesh
BGM00041950,1995,0.0,GHCN bangladesh
BGM00041950,1996,5.7,GHCN bangladesh
BGM00041950,1997,46.0,GHCN bangladesh
BGM00041950,1998,42.2,GHCN bangladesh
BGM00041950,1999,5.8,GHCN bangladesh
BGM00041950,2000,53.8,GHCN bangladesh
BGM00041950,2001,64.7,GHCN bangladesh
BGM00041950,2002,54.2,GHCN bangladesh
BGM00041950,2003,41.1,GHCN bangladesh
BGM00041950,2004,37.2,GHCN bangladesh
BGM00041950,2005,44.1,GHCN bangladesh
BGM00041950,2006,51.5,GHCN bangladesh
BGM00041950,2007,44.9,GHCN bangladesh
BGM00041950,2008,41.8,GHCN bangladesh
BGM00041950,2009,74.8,GHCN bangladesh
BGM00041950,2010,75.3,GHCN bangladesh
BGM00041950,2011,32.9,GHCN bangladesh
BGM00041950,2012,39.6,GHCN bangladesh
BGM00041950,2013,54.5,GHCN bangladesh
BGM00041950,2014,91.8,GHCN bangladesh
BGM00041950,2015,91.0,GHCN bangladesh
BGM00041950,2016,86.6,GHCN bangladesh
BGM00041950,2017,80.8,GHCN bangladesh
BGM00041950,2018,85.2,GHCN bangladesh
BGM00041950,2019,60.8,GHCN bangladesh
BGM00041950,2020,86.9,GHCN bangladesh
BGM00041950,2021,6.8,GHCN bangladesh
BGM00041950,2022,29.0,GHCN bangladesh
BGM00041950,2023,82.5,GHCN bangladesh
BGM00041950,2024,91.3,GHCN bangladesh
BGM00041950,2025,0.0,GHCN bangladesh
BGM00041950,2026,0.0,GHCN bangladesh
BGM00041978,1982,33.6,GHCN bangladesh
BGM00041978,1983,53.2,GHCN bangladesh
BGM00041978,1984,41.5,GHCN bangladesh
BGM00041978,1985,45.8,GHCN bangladesh
BGM00041978,1986,41.1,GHCN bangladesh
BGM00041978,1987,36.7,GHCN bangladesh
BGM00041978,1988,23.5,GHCN bangladesh
BGM00041978,1989,33.7,GHCN bangladesh
BGM00041978,1990,41.9,GHCN bangladesh
BGM00041978,1991,55.9,GHCN bangladesh
BGM00041978,1992,68.9,GHCN bangladesh
BGM00041978,1993,52.1,GHCN bangladesh
BGM00041978,1994,44.9,GHCN bangladesh
BGM00041978,1995,54.5,GHCN bangladesh
BGM00041978,1996,56.6,GHCN bangladesh
BGM00041978,1997,53.2,GHCN bangladesh
BGM00041978,1998,82.5,GHCN bangladesh
BGM00041978,1999,7.7,GHCN bangladesh
BGM00041978,2000,69.7,GHCN bangladesh
BGM00041978,2001,60.3,GHCN bangladesh
BGM00041978,2002,61.1,GHCN bangladesh
BGM00041978,2003,68.2,GHCN bangladesh
BGM00041978,2004,61.7,GHCN bangladesh
BGM00041978,2005,67.9,GHCN bangladesh
BGM00041978,2006,83.0,GHCN bangladesh
BGM00041978,2007,70.1,GHCN bangladesh
BGM00041978,2008,98.4,GHCN bangladesh
BGM00041978,2009,98.4,GHCN bangladesh
BGM00041978,2010,97.5,GHCN bangladesh
BGM00041978,2011,95.3,GHCN bangladesh
BGM00041978,2012,91.0,GHCN bangladesh
BGM00041978,2013,100.0,GHCN bangladesh
BGM00041978,2014,98.6,GHCN bangladesh
BGM00041978,2015,93.7,GHCN bangladesh
BGM00041978,2016,92.9,GHCN bangladesh
BGM00041978,2017,96.2,GHCN bangladesh
BGM00041978,2018,89.9,GHCN bangladesh
BGM00041978,2019,63.6,GHCN bangladesh
BGM00041978,2020,88.3,GHCN bangladesh
BGM00041978,2021,7.7,GHCN bangladesh
BGM00041978,2022,36.2,GHCN bangladesh
BGM00041978,2023,84.7,GHCN bangladesh
BGM00041978,2024,90.2,GHCN bangladesh
BGM00041978,2025,94.5,GHCN bangladesh
BGM00041992,1982,26.4,GHCN bangladesh
BGM00041992,1983,32.1,GHCN bangladesh
BGM00041992,1984,39.6,GHCN bangladesh
BGM00041992,1985,43.6,GHCN bangladesh
BGM00041992,1986,38.9,GHCN bangladesh
BGM00041992,1987,35.9,GHCN bangladesh
BGM00041992,1988,22.1,GHCN bangladesh
BGM00041992,1989,33.4,GHCN bangladesh
BGM00041992,1990,37.8,GHCN bangladesh
BGM00041992,1991,58.1,GHCN bangladesh
BGM00041992,1992,63.1,GHCN bangladesh
BGM00041992,1993,54.0,GHCN bangladesh
BGM00041992,1994,44.4,GHCN bangladesh
BGM00041992,1995,46.3,GHCN bangladesh
BGM00041992,1996,54.4,GHCN bangladesh
BGM00041992,1997,37.3,GHCN bangladesh
BGM00041992,1998,44.9,GHCN bangladesh
BGM00041992,1999,5.5,GHCN bangladesh
BGM00041992,2000,45.9,GHCN bangladesh
BGM00041992,2001,55.6,GHCN bangladesh
BGM00041992,2002,48.8,GHCN bangladesh
BGM00041992,2003,43.0,GHCN bangladesh
BGM00041992,2004,35.2,GHCN bangladesh
BGM00041992,2005,52.9,GHCN bangladesh
BGM00041992,2006,69.0,GHCN bangladesh
BGM00041992,2007,52.1,GHCN bangladesh
BGM00041992,2008,43.4,GHCN bangladesh
BGM00041992,2009,77.8,GHCN bangladesh
BGM00041992,2010,72.1,GHCN bangladesh
BGM00041992,2011,32.9,GHCN bangladesh
BGM00041992,2012,46.7,GHCN bangladesh
BGM00041992,2013,52.9,GHCN bangladesh
BGM00041992,2014,0.0,GHCN bangladesh
BGM00041992,2015,89.9,GHCN bangladesh
BGM00041992,2016,85.8,GHCN bangladesh
BGM00041992,2017,80.8,GHCN bangladesh
BGM00041992,2018,84.9,GHCN bangladesh
BGM00041992,2019,60.8,GHCN bangladesh
BGM00041992,2020,87.4,GHCN bangladesh
BGM00041992,2021,6.8,GHCN bangladesh
BGM00041992,2022,29.6,GHCN bangladesh
BGM00041992,2023,86.0,GHCN bangladesh
BGM00041992,2024,93.2,GHCN bangladesh
BGM00041992,2025,100.0,GHCN bangladesh
BUM00015502,1975,6.1,GHCN temperate
BUM00015502,1976,4.4,GHCN temperate
BUM00015502,1977,0.0,GHCN temperate
BUM00015502,1978,0.0,GHCN temperate
BUM00015502,1979,0.0,GHCN temperate
BUM00015502,1980,0.0,GHCN temperate
BUM00015502,1981,0.0,GHCN temperate
BUM00015502,1982,0.0,GHCN temperate
BUM00015502,1983,0.0,GHCN temperate
BUM00015502,1984,0.0,GHCN temperate
BUM00015502,1985,0.0,GHCN temperate
BUM00015502,1986,0.3,GHCN temperate
BUM00015502,1987,0.0,GHCN temperate
BUM00015502,1988,0.0,GHCN temperate
BUM00015502,1989,0.0,GHCN temperate
BUM00015502,1990,0.0,GHCN temperate
BUM00015502,1991,0.0,GHCN temperate
BUM00015502,1992,0.8,GHCN temperate
BUM00015502,1993,10.1,GHCN temperate
BUM00015502,1994,47.1,GHCN temperate
BUM00015502,1995,48.8,GHCN temperate
BUM00015502,1996,0.0,GHCN temperate
BUM00015502,1997,44.7,GHCN temperate
BUM00015502,1998,30.7,GHCN temperate
BUM00015502,1999,81.4,GHCN temperate
BUM00015502,2000,9.8,GHCN temperate
BUM00015502,2001,10.4,GHCN temperate
BUM00015502,2002,32.9,GHCN temperate
BUM00015502,2003,73.4,GHCN temperate
BUM00015502,2004,94.0,GHCN temperate
BUM00015502,2005,99.2,GHCN temperate
BUM00015502,2006,100.0,GHCN temperate
BUM00015502,2007,98.9,GHCN temperate
BUM00015502,2008,100.0,GHCN temperate
BUM00015502,2009,99.7,GHCN temperate
BUM00015502,2010,99.7,GHCN temperate
BUM00015502,2011,99.7,GHCN temperate
BUM00015502,2012,100.0,GHCN temperate
BUM00015502,2013,99.7,GHCN temperate
BUM00015502,2014,100.0,GHCN temperate
BUM00015502,2015,98.6,GHCN temperate
BUM00015502,2016,99.7,GHCN temperate
BUM00015502,2017,100.0,GHCN temperate
BUM00015502,2018,98.6,GHCN temperate
BUM00015502,2019,99.2,GHCN temperate
BUM00015502,2020,98.6,GHCN temperate
BUM00015502,2021,98.4,GHCN temperate
BUM00015502,2022,100.0,GHCN temperate
BUM00015502,2023,100.0,GHCN temperate
BUM00015502,2024,95.9,GHCN temperate
BUM00015502,2025,0.0,GHCN temperate
BUM00015502,2026,0.0,GHCN temperate
BUM00015552,1961,11.0,GHCN temperate
BUM00015552,1962,14.8,GHCN temperate
BUM00015552,1963,9.6,GHCN temperate
BUM00015552,1964,7.4,GHCN temperate
BUM00015552,1965,9.0,GHCN temperate
BUM00015552,1966,6.6,GHCN temperate
BUM00015552,1967,5.8,GHCN temperate
BUM00015552,1968,0.0,GHCN temperate
BUM00015552,1969,0.0,GHCN temperate
BUM00015552,1970,0.0,GHCN temperate
BUM00015552,1971,0.0,GHCN temperate
BUM00015552,1972,0.0,GHCN temperate
BUM00015552,1973,84.7,GHCN temperate
BUM00015552,1974,86.0,GHCN temperate
BUM00015552,1975,84.7,GHCN temperate
BUM00015552,1976,86.3,GHCN temperate
BUM00015552,1977,81.1,GHCN temperate
BUM00015552,1978,95.1,GHCN temperate
BUM00015552,1979,94.5,GHCN temperate
BUM00015552,1980,91.0,GHCN temperate
BUM00015552,1981,96.2,GHCN temperate
BUM00015552,1982,60.3,GHCN temperate
BUM00015552,1983,71.0,GHCN temperate
BUM00015552,1984,67.2,GHCN temperate
BUM00015552,1985,70.4,GHCN temperate
BUM00015552,1986,71.2,GHCN temperate
BUM00015552,1987,66.6,GHCN temperate
BUM00015552,1988,69.9,GHCN temperate
BUM00015552,1989,71.2,GHCN temperate
BUM00015552,1990,75.6,GHCN temperate
BUM00015552,1991,71.2,GHCN temperate
BUM00015552,1992,71.3,GHCN temperate
BUM00015552,1993,74.2,GHCN temperate
BUM00015552,1994,77.8,GHCN temperate
BUM00015552,1995,72.3,GHCN temperate
BUM00015552,1996,0.0,GHCN temperate
BUM00015552,1997,86.0,GHCN temperate
BUM00015552,1998,82.2,GHCN temperate
BUM00015552,1999,90.1,GHCN temperate
BUM00015552,2000,24.0,GHCN temperate
BUM00015552,2001,18.1,GHCN temperate
BUM00015552,2002,29.0,GHCN temperate
BUM00015552,2003,72.3,GHCN temperate
BUM00015552,2004,92.1,GHCN temperate
BUM00015552,2005,99.2,GHCN temperate
BUM00015552,2006,99.2,GHCN temperate
BUM00015552,2007,97.5,GHCN temperate
BUM00015552,2008,99.2,GHCN temperate
BUM00015552,2009,99.5,GHCN temperate
BUM00015552,2010,98.4,GHCN temperate
BUM00015552,2011,97.8,GHCN temperate
BUM00015552,2012,99.7,GHCN temperate
BUM00015552,2013,100.0,GHCN temperate
BUM00015552,2014,100.0,GHCN temperate
BUM00015552,2015,99.5,GHCN temperate
BUM00015552,2016,99.7,GHCN temperate
BUM00015552,2017,100.0,GHCN temperate
BUM00015552,2018,98.6,GHCN temperate
BUM00015552,2019,99.5,GHCN temperate
BUM00015552,2020,98.9,GHCN temperate
BUM00015552,2021,98.1,GHCN temperate
BUM00015552,2022,100.0,GHCN temperate
BUM00015552,2023,99.7,GHCN temperate
BUM00015552,2024,96.2,GHCN temperate
BUM00015552,2025,100.0,GHCN temperate
BUM00015614,1961,10.7,GHCN temperate
BUM00015614,1962,13.4,GHCN temperate
BUM00015614,1963,15.6,GHCN temperate
BUM00015614,1964,16.4,GHCN temperate
BUM00015614,1965,7.4,GHCN temperate
BUM00015614,1966,18.4,GHCN temperate
BUM00015614,1967,18.9,GHCN temperate
BUM00015614,1968,0.0,GHCN temperate
BUM00015614,1969,0.0,GHCN temperate
BUM00015614,1970,0.0,GHCN temperate
BUM00015614,1971,0.0,GHCN temperate
BUM00015614,1972,0.0,GHCN temperate
BUM00015614,1973,87.7,GHCN temperate
BUM00015614,1974,91.2,GHCN temperate
BUM00015614,1975,91.0,GHCN temperate
BUM00015614,1976,89.6,GHCN temperate
BUM00015614,1977,75.9,GHCN temperate
BUM00015614,1978,95.1,GHCN temperate
BUM00015614,1979,97.8,GHCN temperate
BUM00015614,1980,93.4,GHCN temperate
BUM00015614,1981,97.5,GHCN temperate
BUM00015614,1982,65.2,GHCN temperate
BUM00015614,1983,72.6,GHCN temperate
BUM00015614,1984,73.0,GHCN temperate
BUM00015614,1985,67.7,GHCN temperate
BUM00015614,1986,70.7,GHCN temperate
BUM00015614,1987,71.2,GHCN temperate
BUM00015614,1988,68.6,GHCN temperate
BUM00015614,1989,72.9,GHCN temperate
BUM00015614,1990,74.2,GHCN temperate
BUM00015614,1991,67.4,GHCN temperate
BUM00015614,1992,71.0,GHCN temperate
BUM00015614,1993,75.9,GHCN temperate
BUM00015614,1994,85.2,GHCN temperate
BUM00015614,1995,81.4,GHCN temperate
BUM00015614,1996,0.0,GHCN temperate
BUM00015614,1997,85.5,GHCN temperate
BUM00015614,1998,84.9,GHCN temperate
BUM00015614,1999,91.8,GHCN temperate
BUM00015614,2000,33.6,GHCN temperate
BUM00015614,2001,29.0,GHCN temperate
BUM00015614,2002,35.9,GHCN temperate
BUM00015614,2003,72.1,GHCN temperate
BUM00015614,2004,91.3,GHCN temperate
BUM00015614,2005,99.7,GHCN temperate
BUM00015614,2006,100.0,GHCN temperate
BUM00015614,2007,99.5,GHCN temperate
BUM00015614,2008,100.0,GHCN temperate
BUM00015614,2009,99.7,GHCN temperate
BUM00015614,2010,99.2,GHCN temperate
BUM00015614,2011,99.7,GHCN temperate
BUM00015614,2012,100.0,GHCN temperate
BUM00015614,2013,100.0,GHCN temperate
BUM00015614,2014,100.0,GHCN temperate
BUM00015614,2015,98.9,GHCN temperate
BUM00015614,2016,100.0,GHCN temperate
BUM00015614,2017,100.0,GHCN temperate
BUM00015614,2018,98.4,GHCN temperate
BUM00015614,2019,99.7,GHCN temperate
BUM00015614,2020,97.8,GHCN temperate
BUM00015614,2021,98.4,GHCN temperate
BUM00015614,2022,100.0,GHCN temperate
BUM00015614,2023,99.7,GHCN temperate
BUM00015614,2024,96.2,GHCN temperate
BUM00015614,2025,100.0,GHCN temperate
BUM00015730,1961,0.0,GHCN temperate
BUM00015730,1962,0.0,GHCN temperate
BUM00015730,1963,0.0,GHCN temperate
BUM00015730,1964,8.2,GHCN temperate
BUM00015730,1965,8.5,GHCN temperate
BUM00015730,1966,13.2,GHCN temperate
BUM00015730,1967,10.1,GHCN temperate
BUM00015730,1968,0.0,GHCN temperate
BUM00015730,1969,0.0,GHCN temperate
BUM00015730,1970,0.0,GHCN temperate
BUM00015730,1971,0.0,GHCN temperate
BUM00015730,1972,0.0,GHCN temperate
BUM00015730,1973,84.1,GHCN temperate
BUM00015730,1974,85.2,GHCN temperate
BUM00015730,1975,87.4,GHCN temperate
BUM00015730,1976,88.0,GHCN temperate
BUM00015730,1977,82.7,GHCN temperate
BUM00015730,1978,96.2,GHCN temperate
BUM00015730,1979,96.2,GHCN temperate
BUM00015730,1980,92.3,GHCN temperate
BUM00015730,1981,94.8,GHCN temperate
BUM00015730,1982,64.1,GHCN temperate
BUM00015730,1983,70.7,GHCN temperate
BUM00015730,1984,74.0,GHCN temperate
BUM00015730,1985,73.2,GHCN temperate
BUM00015730,1986,73.7,GHCN temperate
BUM00015730,1987,69.9,GHCN temperate
BUM00015730,1988,75.4,GHCN temperate
BUM00015730,1989,77.5,GHCN temperate
BUM00015730,1990,76.2,GHCN temperate
BUM00015730,1991,72.3,GHCN temperate
BUM00015730,1992,76.5,GHCN temperate
BUM00015730,1993,72.3,GHCN temperate
BUM00015730,1994,84.1,GHCN temperate
BUM00015730,1995,84.7,GHCN temperate
BUM00015730,1996,0.0,GHCN temperate
BUM00015730,1997,80.5,GHCN temperate
BUM00015730,1998,79.2,GHCN temperate
BUM00015730,1999,87.4,GHCN temperate
BUM00015730,2000,11.2,GHCN temperate
BUM00015730,2001,14.0,GHCN temperate
BUM00015730,2002,32.6,GHCN temperate
BUM00015730,2003,70.1,GHCN temperate
BUM00015730,2004,94.8,GHCN temperate
BUM00015730,2005,99.2,GHCN temperate
BUM00015730,2006,98.6,GHCN temperate
BUM00015730,2007,98.4,GHCN temperate
BUM00015730,2008,99.2,GHCN temperate
BUM00015730,2009,98.1,GHCN temperate
BUM00015730,2010,98.4,GHCN temperate
BUM00015730,2011,98.6,GHCN temperate
BUM00015730,2012,98.9,GHCN temperate
BUM00015730,2013,99.5,GHCN temperate
BUM00015730,2014,100.0,GHCN temperate
BUM00015730,2015,98.9,GHCN temperate
BUM00015730,2016,99.7,GHCN temperate
BUM00015730,2017,100.0,GHCN temperate
BUM00015730,2018,98.4,GHCN temperate
BUM00015730,2019,99.2,GHCN temperate
BUM00015730,2020,97.0,GHCN temperate
BUM00015730,2021,98.1,GHCN temperate
BUM00015730,2022,100.0,GHCN temperate
BUM00015730,2023,99.7,GHCN temperate
BUM00015730,2024,95.9,GHCN temperate
BUM00015730,2025,100.0,GHCN temperate
DAM00006030,1961,0.0,GHCN temperate
DAM00006030,1962,0.0,GHCN temperate
DAM00006030,1963,0.0,GHCN temperate
DAM00006030,1964,0.0,GHCN temperate
DAM00006030,1965,0.0,GHCN temperate
DAM00006030,1966,0.0,GHCN temperate
DAM00006030,1967,0.0,GHCN temperate
DAM00006030,1968,0.0,GHCN temperate
DAM00006030,1969,0.0,GHCN temperate
DAM00006030,1970,0.0,GHCN temperate
DAM00006030,1971,0.0,GHCN temperate
DAM00006030,1972,0.0,GHCN temperate
DAM00006030,1973,89.6,GHCN temperate
DAM00006030,1974,91.2,GHCN temperate
DAM00006030,1975,92.1,GHCN temperate
DAM00006030,1976,93.4,GHCN temperate
DAM00006030,1977,88.2,GHCN temperate
DAM00006030,1978,97.3,GHCN temperate
DAM00006030,1979,95.3,GHCN temperate
DAM00006030,1980,94.5,GHCN temperate
DAM00006030,1981,95.9,GHCN temperate
DAM00006030,1982,62.2,GHCN temperate
DAM00006030,1983,64.9,GHCN temperate
DAM00006030,1984,65.0,GHCN temperate
DAM00006030,1985,64.1,GHCN temperate
DAM00006030,1986,63.0,GHCN temperate
DAM00006030,1987,61.1,GHCN temperate
DAM00006030,1988,64.2,GHCN temperate
DAM00006030,1989,63.8,GHCN temperate
DAM00006030,1990,67.1,GHCN temperate
DAM00006030,1991,63.3,GHCN temperate
DAM00006030,1992,59.3,GHCN temperate
DAM00006030,1993,59.5,GHCN temperate
DAM00006030,1994,57.8,GHCN temperate
DAM00006030,1995,60.5,GHCN temperate
DAM00006030,1996,60.1,GHCN temperate
DAM00006030,1997,66.0,GHCN temperate
DAM00006030,1998,54.8,GHCN temperate
DAM00006030,1999,65.2,GHCN temperate
DAM00006030,2000,4.1,GHCN temperate
DAM00006030,2001,4.4,GHCN temperate
DAM00006030,2002,32.3,GHCN temperate
DAM00006030,2003,68.2,GHCN temperate
DAM00006030,2004,70.8,GHCN temperate
DAM00006030,2005,93.7,GHCN temperate
DAM00006030,2006,98.6,GHCN temperate
DAM00006030,2007,99.2,GHCN temperate
DAM00006030,2008,99.7,GHCN temperate
DAM00006030,2009,98.4,GHCN temperate
DAM00006030,2010,98.9,GHCN temperate
DAM00006030,2011,98.6,GHCN temperate
DAM00006030,2012,99.7,GHCN temperate
DAM00006030,2013,99.5,GHCN temperate
DAM00006030,2014,99.5,GHCN temperate
DAM00006030,2015,86.8,GHCN temperate
DAM00006030,2016,87.4,GHCN temperate
DAM00006030,2017,93.2,GHCN temperate
DAM00006030,2018,96.7,GHCN temperate
DAM00006030,2019,96.2,GHCN temperate
DAM00006030,2020,97.3,GHCN temperate
DAM00006030,2021,96.2,GHCN temperate
DAM00006030,2022,97.5,GHCN temperate
DAM00006030,2023,82.2,GHCN temperate
DAM00006030,2024,90.4,GHCN temperate
DAM00006030,2025,94.5,GHCN temperate
EIM00003962,1973,90.4,GHCN temperate
EIM00003962,1974,94.2,GHCN temperate
EIM00003962,1975,96.7,GHCN temperate
EIM00003962,1976,96.4,GHCN temperate
EIM00003962,1977,90.7,GHCN temperate
EIM00003962,1978,88.8,GHCN temperate
EIM00003962,1979,96.7,GHCN temperate
EIM00003962,1980,96.4,GHCN temperate
EIM00003962,1981,98.4,GHCN temperate
EIM00003962,1982,85.8,GHCN temperate
EIM00003962,1983,85.2,GHCN temperate
EIM00003962,1984,85.8,GHCN temperate
EIM00003962,1985,84.7,GHCN temperate
EIM00003962,1986,87.1,GHCN temperate
EIM00003962,1987,81.6,GHCN temperate
EIM00003962,1988,84.7,GHCN temperate
EIM00003962,1989,82.2,GHCN temperate
EIM00003962,1990,81.4,GHCN temperate
EIM00003962,1991,82.7,GHCN temperate
EIM00003962,1992,80.1,GHCN temperate
EIM00003962,1993,57.8,GHCN temperate
EIM00003962,1994,84.7,GHCN temperate
EIM00003962,1995,78.4,GHCN temperate
EIM00003962,1996,79.2,GHCN temperate
EIM00003962,1997,80.0,GHCN temperate
EIM00003962,1998,79.7,GHCN temperate
EIM00003962,1999,92.1,GHCN temperate
EIM00003962,2000,79.2,GHCN temperate
EIM00003962,2001,79.7,GHCN temperate
EIM00003962,2002,81.4,GHCN temperate
EIM00003962,2003,82.2,GHCN temperate
EIM00003962,2004,80.1,GHCN temperate
EIM00003962,2005,73.7,GHCN temperate
EIM00003962,2006,74.2,GHCN temperate
EIM00003962,2007,76.4,GHCN temperate
EIM00003962,2008,82.2,GHCN temperate
EIM00003962,2009,82.5,GHCN temperate
EIM00003962,2010,79.7,GHCN temperate
EIM00003962,2011,80.3,GHCN temperate
EIM00003962,2012,85.2,GHCN temperate
EIM00003962,2013,75.6,GHCN temperate
EIM00003962,2014,82.2,GHCN temperate
EIM00003962,2015,78.4,GHCN temperate
EIM00003962,2016,88.0,GHCN temperate
EIM00003962,2017,99.7,GHCN temperate
EIM00003962,2018,98.1,GHCN temperate
EIM00003962,2019,99.5,GHCN temperate
EIM00003962,2020,97.3,GHCN temperate
EIM00003962,2021,97.0,GHCN temperate
EIM00003962,2022,75.3,GHCN temperate
EIM00003962,2023,96.4,GHCN temperate
EIM00003962,2024,94.3,GHCN temperate
EIM00003962,2025,95.8,GHCN temperate
EIM00003976,1973,92.6,GHCN temperate
EIM00003976,1974,94.0,GHCN temperate
EIM00003976,1975,96.7,GHCN temperate
EIM00003976,1976,97.0,GHCN temperate
EIM00003976,1977,89.3,GHCN temperate
EIM00003976,1978,89.9,GHCN temperate
EIM00003976,1979,97.3,GHCN temperate
EIM00003976,1980,95.6,GHCN temperate
EIM00003976,1981,96.2,GHCN temperate
EIM00003976,1982,79.7,GHCN temperate
EIM00003976,1983,83.3,GHCN temperate
EIM00003976,1984,83.6,GHCN temperate
EIM00003976,1985,81.6,GHCN temperate
EIM00003976,1986,85.5,GHCN temperate
EIM00003976,1987,79.2,GHCN temperate
EIM00003976,1988,81.1,GHCN temperate
EIM00003976,1989,82.5,GHCN temperate
EIM00003976,1990,83.0,GHCN temperate
EIM00003976,1991,81.6,GHCN temperate
EIM00003976,1992,85.8,GHCN temperate
EIM00003976,1993,53.2,GHCN temperate
EIM00003976,1994,82.7,GHCN temperate
EIM00003976,1995,82.7,GHCN temperate
EIM00003976,1996,82.2,GHCN temperate
EIM00003976,1997,82.2,GHCN temperate
EIM00003976,1998,82.2,GHCN temperate
EIM00003976,1999,92.3,GHCN temperate
EIM00003976,2000,84.7,GHCN temperate
EIM00003976,2001,85.5,GHCN temperate
EIM00003976,2002,88.2,GHCN temperate
EIM00003976,2003,83.6,GHCN temperate
EIM00003976,2004,84.7,GHCN temperate
EIM00003976,2005,81.6,GHCN temperate
EIM00003976,2006,77.0,GHCN temperate
EIM00003976,2007,83.3,GHCN temperate
EIM00003976,2008,84.7,GHCN temperate
EIM00003976,2009,86.0,GHCN temperate
EIM00003976,2010,83.0,GHCN temperate
EIM00003976,2011,83.3,GHCN temperate
EIM00003976,2012,88.3,GHCN temperate
EIM00003976,2013,96.2,GHCN temperate
EIM00003976,2014,94.8,GHCN temperate
EIM00003976,2015,93.2,GHCN temperate
EIM00003976,2016,98.9,GHCN temperate
EIM00003976,2017,98.9,GHCN temperate
EIM00003976,2018,97.3,GHCN temperate
EIM00003976,2019,94.5,GHCN temperate
EIM00003976,2020,91.5,GHCN temperate
EIM00003976,2021,95.6,GHCN temperate
EIM00003976,2022,74.5,GHCN temperate
EIM00003976,2023,96.4,GHCN temperate
EIM00003976,2024,92.6,GHCN temperate
EIM00003976,2025,91.5,GHCN temperate
EIM00003976,2026,31.5,GHCN temperate
EZM00011406,1961,0.0,GHCN temperate
EZM00011406,1962,0.0,GHCN temperate
EZM00011406,1963,0.0,GHCN temperate
EZM00011406,1964,0.0,GHCN temperate
EZM00011406,1965,0.0,GHCN temperate
EZM00011406,1966,0.0,GHCN temperate
EZM00011406,1967,0.0,GHCN temperate
EZM00011406,1968,0.0,GHCN temperate
EZM00011406,1969,0.0,GHCN temperate
EZM00011406,1970,0.0,GHCN temperate
EZM00011406,1971,0.0,GHCN temperate
EZM00011406,1972,0.0,GHCN temperate
EZM00011406,1973,92.1,GHCN temperate
EZM00011406,1974,94.0,GHCN temperate
EZM00011406,1975,92.9,GHCN temperate
EZM00011406,1976,95.1,GHCN temperate
EZM00011406,1977,87.7,GHCN temperate
EZM00011406,1978,97.0,GHCN temperate
EZM00011406,1979,95.3,GHCN temperate
EZM00011406,1980,98.1,GHCN temperate
EZM00011406,1981,97.8,GHCN temperate
EZM00011406,1982,63.0,GHCN temperate
EZM00011406,1983,70.1,GHCN temperate
EZM00011406,1984,74.3,GHCN temperate
EZM00011406,1985,68.8,GHCN temperate
EZM00011406,1986,70.1,GHCN temperate
EZM00011406,1987,65.2,GHCN temperate
EZM00011406,1988,63.4,GHCN temperate
EZM00011406,1989,69.0,GHCN temperate
EZM00011406,1990,71.8,GHCN temperate
EZM00011406,1991,67.1,GHCN temperate
EZM00011406,1992,71.0,GHCN temperate
EZM00011406,1993,74.0,GHCN temperate
EZM00011406,1994,69.3,GHCN temperate
EZM00011406,1995,71.8,GHCN temperate
EZM00011406,1996,70.2,GHCN temperate
EZM00011406,1997,73.2,GHCN temperate
EZM00011406,1998,89.3,GHCN temperate
EZM00011406,1999,85.8,GHCN temperate
EZM00011406,2000,72.1,GHCN temperate
EZM00011406,2001,42.7,GHCN temperate
EZM00011406,2002,75.6,GHCN temperate
EZM00011406,2003,98.6,GHCN temperate
EZM00011406,2004,98.6,GHCN temperate
EZM00011406,2005,97.8,GHCN temperate
EZM00011406,2006,98.9,GHCN temperate
EZM00011406,2007,98.9,GHCN temperate
EZM00011406,2008,99.7,GHCN temperate
EZM00011406,2009,98.6,GHCN temperate
EZM00011406,2010,97.3,GHCN temperate
EZM00011406,2011,97.5,GHCN temperate
EZM00011406,2012,99.2,GHCN temperate
EZM00011406,2013,100.0,GHCN temperate
EZM00011406,2014,100.0,GHCN temperate
EZM00011406,2015,97.8,GHCN temperate
EZM00011406,2016,98.9,GHCN temperate
EZM00011406,2017,94.5,GHCN temperate
EZM00011406,2018,98.9,GHCN temperate
EZM00011406,2019,99.2,GHCN temperate
EZM00011406,2020,98.9,GHCN temperate
EZM00011406,2021,96.7,GHCN temperate
EZM00011406,2022,98.9,GHCN temperate
EZM00011406,2023,98.1,GHCN temperate
EZM00011406,2024,94.3,GHCN temperate
EZM00011406,2025,0.0,GHCN temperate
EZM00011406,2026,0.0,GHCN temperate
EZM00011487,1977,0.5,GHCN temperate
EZM00011487,1978,3.0,GHCN temperate
EZM00011487,1979,0.0,GHCN temperate
EZM00011487,1980,0.0,GHCN temperate
EZM00011487,1981,0.0,GHCN temperate
EZM00011487,1982,0.0,GHCN temperate
EZM00011487,1983,0.0,GHCN temperate
EZM00011487,1984,0.0,GHCN temperate
EZM00011487,1985,0.0,GHCN temperate
EZM00011487,1986,0.0,GHCN temperate
EZM00011487,1987,0.0,GHCN temperate
EZM00011487,1988,26.8,GHCN temperate
EZM00011487,1989,61.6,GHCN temperate
EZM00011487,1990,53.7,GHCN temperate
EZM00011487,1991,51.5,GHCN temperate
EZM00011487,1992,55.7,GHCN temperate
EZM00011487,1993,61.6,GHCN temperate
EZM00011487,1994,64.1,GHCN temperate
EZM00011487,1995,74.0,GHCN temperate
EZM00011487,1996,71.0,GHCN temperate
EZM00011487,1997,72.1,GHCN temperate
EZM00011487,1998,91.0,GHCN temperate
EZM00011487,1999,76.4,GHCN temperate
EZM00011487,2000,50.8,GHCN temperate
EZM00011487,2001,60.5,GHCN temperate
EZM00011487,2002,78.1,GHCN temperate
EZM00011487,2003,99.7,GHCN temperate
EZM00011487,2004,97.5,GHCN temperate
EZM00011487,2005,99.5,GHCN temperate
EZM00011487,2006,98.4,GHCN temperate
EZM00011487,2007,98.9,GHCN temperate
EZM00011487,2008,99.7,GHCN temperate
EZM00011487,2009,99.5,GHCN temperate
EZM00011487,2010,99.2,GHCN temperate
EZM00011487,2011,98.6,GHCN temperate
EZM00011487,2012,99.7,GHCN temperate
EZM00011487,2013,100.0,GHCN temperate
EZM00011487,2014,100.0,GHCN temperate
EZM00011487,2015,100.0,GHCN temperate
EZM00011487,2016,98.4,GHCN temperate
EZM00011487,2017,92.6,GHCN temperate
EZM00011487,2018,92.6,GHCN temperate
EZM00011487,2019,93.2,GHCN temperate
EZM00011487,2020,98.4,GHCN temperate
EZM00011487,2021,94.8,GHCN temperate
EZM00011487,2022,98.1,GHCN temperate
EZM00011487,2023,99.5,GHCN temperate
EZM00011487,2024,96.7,GHCN temperate
EZM00011487,2025,0.0,GHCN temperate
EZM00011487,2026,0.0,GHCN temperate
EZM00011518,1961,29.9,GHCN temperate
EZM00011518,1962,29.9,GHCN temperate
EZM00011518,1963,29.3,GHCN temperate
EZM00011518,1964,0.0,GHCN temperate
EZM00011518,1965,0.0,GHCN temperate
EZM00011518,1966,0.0,GHCN temperate
EZM00011518,1967,0.0,GHCN temperate
EZM00011518,1968,0.0,GHCN temperate
EZM00011518,1969,0.0,GHCN temperate
EZM00011518,1970,0.0,GHCN temperate
EZM00011518,1971,0.0,GHCN temperate
EZM00011518,1972,0.0,GHCN temperate
EZM00011518,1973,78.4,GHCN temperate
EZM00011518,1974,94.0,GHCN temperate
EZM00011518,1975,92.1,GHCN temperate
EZM00011518,1976,94.0,GHCN temperate
EZM00011518,1977,90.1,GHCN temperate
EZM00011518,1978,98.1,GHCN temperate
EZM00011518,1979,97.5,GHCN temperate
EZM00011518,1980,97.8,GHCN temperate
EZM00011518,1981,98.4,GHCN temperate
EZM00011518,1982,60.5,GHCN temperate
EZM00011518,1983,66.0,GHCN temperate
EZM00011518,1984,74.0,GHCN temperate
EZM00011518,1985,72.3,GHCN temperate
EZM00011518,1986,68.8,GHCN temperate
EZM00011518,1987,66.3,GHCN temperate
EZM00011518,1988,67.8,GHCN temperate
EZM00011518,1989,64.1,GHCN temperate
EZM00011518,1990,67.4,GHCN temperate
EZM00011518,1991,64.4,GHCN temperate
EZM00011518,1992,68.9,GHCN temperate
EZM00011518,1993,72.9,GHCN temperate
EZM00011518,1994,67.7,GHCN temperate
EZM00011518,1995,73.4,GHCN temperate
EZM00011518,1996,69.1,GHCN temperate
EZM00011518,1997,71.8,GHCN temperate
EZM00011518,1998,89.3,GHCN temperate
EZM00011518,1999,85.5,GHCN temperate
EZM00011518,2000,70.2,GHCN temperate
EZM00011518,2001,74.2,GHCN temperate
EZM00011518,2002,84.1,GHCN temperate
EZM00011518,2003,98.9,GHCN temperate
EZM00011518,2004,99.2,GHCN temperate
EZM00011518,2005,99.5,GHCN temperate
EZM00011518,2006,99.7,GHCN temperate
EZM00011518,2007,99.2,GHCN temperate
EZM00011518,2008,100.0,GHCN temperate
EZM00011518,2009,100.0,GHCN temperate
EZM00011518,2010,99.7,GHCN temperate
EZM00011518,2011,98.4,GHCN temperate
EZM00011518,2012,100.0,GHCN temperate
EZM00011518,2013,100.0,GHCN temperate
EZM00011518,2014,100.0,GHCN temperate
EZM00011518,2015,99.5,GHCN temperate
EZM00011518,2016,98.6,GHCN temperate
EZM00011518,2017,92.6,GHCN temperate
EZM00011518,2018,95.3,GHCN temperate
EZM00011518,2019,97.5,GHCN temperate
EZM00011518,2020,98.1,GHCN temperate
EZM00011518,2021,96.4,GHCN temperate
EZM00011518,2022,99.7,GHCN temperate
EZM00011518,2023,99.5,GHCN temperate
EZM00011518,2024,96.2,GHCN temperate
EZM00011518,2025,97.5,GHCN temperate
EZM00011520,1973,91.2,GHCN temperate
EZM00011520,1974,92.6,GHCN temperate
EZM00011520,1975,87.7,GHCN temperate
EZM00011520,1976,94.5,GHCN temperate
EZM00011520,1977,86.8,GHCN temperate
EZM00011520,1978,95.1,GHCN temperate
EZM00011520,1979,96.7,GHCN temperate
EZM00011520,1980,98.1,GHCN temperate
EZM00011520,1981,93.4,GHCN temperate
EZM00011520,1982,58.1,GHCN temperate
EZM00011520,1983,60.3,GHCN temperate
EZM00011520,1984,65.8,GHCN temperate
EZM00011520,1985,71.2,GHCN temperate
EZM00011520,1986,63.0,GHCN temperate
EZM00011520,1987,60.0,GHCN temperate
EZM00011520,1988,62.8,GHCN temperate
EZM00011520,1989,55.9,GHCN temperate
EZM00011520,1990,63.6,GHCN temperate
EZM00011520,1991,60.5,GHCN temperate
EZM00011520,1992,61.2,GHCN temperate
EZM00011520,1993,64.4,GHCN temperate
EZM00011520,1994,65.5,GHCN temperate
EZM00011520,1995,68.5,GHCN temperate
EZM00011520,1996,72.7,GHCN temperate
EZM00011520,1997,65.2,GHCN temperate
EZM00011520,1998,90.4,GHCN temperate
EZM00011520,1999,87.1,GHCN temperate
EZM00011520,2000,63.9,GHCN temperate
EZM00011520,2001,65.8,GHCN temperate
EZM00011520,2002,83.8,GHCN temperate
EZM00011520,2003,98.4,GHCN temperate
EZM00011520,2004,98.4,GHCN temperate
EZM00011520,2005,96.7,GHCN temperate
EZM00011520,2006,98.4,GHCN temperate
EZM00011520,2007,97.5,GHCN temperate
EZM00011520,2008,97.3,GHCN temperate
EZM00011520,2009,98.6,GHCN temperate
EZM00011520,2010,98.1,GHCN temperate
EZM00011520,2011,96.2,GHCN temperate
EZM00011520,2012,98.4,GHCN temperate
EZM00011520,2013,99.5,GHCN temperate
EZM00011520,2014,100.0,GHCN temperate
EZM00011520,2015,96.7,GHCN temperate
EZM00011520,2016,99.5,GHCN temperate
EZM00011520,2017,96.7,GHCN temperate
EZM00011520,2018,98.1,GHCN temperate
EZM00011520,2019,98.4,GHCN temperate
EZM00011520,2020,100.0,GHCN temperate
EZM00011520,2021,95.6,GHCN temperate
EZM00011520,2022,99.5,GHCN temperate
EZM00011520,2023,99.7,GHCN temperate
EZM00011520,2024,96.4,GHCN temperate
EZM00011520,2025,0.0,GHCN temperate
EZM00011520,2026,0.0,GHCN temperate
EZM00011603,1961,0.0,GHCN temperate
EZM00011603,1962,0.0,GHCN temperate
EZM00011603,1963,0.0,GHCN temperate
EZM00011603,1964,0.0,GHCN temperate
EZM00011603,1965,0.0,GHCN temperate
EZM00011603,1966,0.0,GHCN temperate
EZM00011603,1967,0.0,GHCN temperate
EZM00011603,1968,0.0,GHCN temperate
EZM00011603,1969,0.0,GHCN temperate
EZM00011603,1970,0.0,GHCN temperate
EZM00011603,1971,0.0,GHCN temperate
EZM00011603,1972,0.0,GHCN temperate
EZM00011603,1973,91.8,GHCN temperate
EZM00011603,1974,92.9,GHCN temperate
EZM00011603,1975,93.2,GHCN temperate
EZM00011603,1976,91.3,GHCN temperate
EZM00011603,1977,86.6,GHCN temperate
EZM00011603,1978,96.2,GHCN temperate
EZM00011603,1979,96.4,GHCN temperate
EZM00011603,1980,96.4,GHCN temperate
EZM00011603,1981,95.6,GHCN temperate
EZM00011603,1982,65.8,GHCN temperate
EZM00011603,1983,69.0,GHCN temperate
EZM00011603,1984,71.0,GHCN temperate
EZM00011603,1985,70.7,GHCN temperate
EZM00011603,1986,67.1,GHCN temperate
EZM00011603,1987,60.8,GHCN temperate
EZM00011603,1988,63.4,GHCN temperate
EZM00011603,1989,61.4,GHCN temperate
EZM00011603,1990,58.9,GHCN temperate
EZM00011603,1991,64.4,GHCN temperate
EZM00011603,1992,69.7,GHCN temperate
EZM00011603,1993,70.4,GHCN temperate
EZM00011603,1994,67.1,GHCN temperate
EZM00011603,1995,71.8,GHCN temperate
EZM00011603,1996,70.5,GHCN temperate
EZM00011603,1997,68.2,GHCN temperate
EZM00011603,1998,89.0,GHCN temperate
EZM00011603,1999,80.8,GHCN temperate
EZM00011603,2000,55.5,GHCN temperate
EZM00011603,2001,53.4,GHCN temperate
EZM00011603,2002,80.5,GHCN temperate
EZM00011603,2003,98.6,GHCN temperate
EZM00011603,2004,98.9,GHCN temperate
EZM00011603,2005,99.7,GHCN temperate
EZM00011603,2006,100.0,GHCN temperate
EZM00011603,2007,99.2,GHCN temperate
EZM00011603,2008,100.0,GHCN temperate
EZM00011603,2009,100.0,GHCN temperate
EZM00011603,2010,99.5,GHCN temperate
EZM00011603,2011,99.5,GHCN temperate
EZM00011603,2012,100.0,GHCN temperate
EZM00011603,2013,100.0,GHCN temperate
EZM00011603,2014,100.0,GHCN temperate
EZM00011603,2015,99.2,GHCN temperate
EZM00011603,2016,99.5,GHCN temperate
EZM00011603,2017,91.2,GHCN temperate
EZM00011603,2018,96.4,GHCN temperate
EZM00011603,2019,95.9,GHCN temperate
EZM00011603,2020,98.4,GHCN temperate
EZM00011603,2021,96.7,GHCN temperate
EZM00011603,2022,98.9,GHCN temperate
EZM00011603,2023,99.7,GHCN temperate
EZM00011603,2024,95.6,GHCN temperate
EZM00011603,2025,0.0,GHCN temperate
FRM00007005,1961,0.0,GHCN temperate
FRM00007005,1962,0.0,GHCN temperate
FRM00007005,1963,0.0,GHCN temperate
FRM00007005,1964,0.0,GHCN temperate
FRM00007005,1965,0.0,GHCN temperate
FRM00007005,1966,0.0,GHCN temperate
FRM00007005,1967,0.0,GHCN temperate
FRM00007005,1968,0.0,GHCN temperate
FRM00007005,1969,0.0,GHCN temperate
FRM00007005,1970,0.0,GHCN temperate
FRM00007005,1971,0.0,GHCN temperate
FRM00007005,1972,0.0,GHCN temperate
FRM00007005,1973,67.7,GHCN temperate
FRM00007005,1974,62.5,GHCN temperate
FRM00007005,1975,92.1,GHCN temperate
FRM00007005,1976,96.4,GHCN temperate
FRM00007005,1977,95.3,GHCN temperate
FRM00007005,1978,97.3,GHCN temperate
FRM00007005,1979,93.7,GHCN temperate
FRM00007005,1980,97.5,GHCN temperate
FRM00007005,1981,97.8,GHCN temperate
FRM00007005,1982,63.3,GHCN temperate
FRM00007005,1983,73.4,GHCN temperate
FRM00007005,1984,71.6,GHCN temperate
FRM00007005,1985,71.0,GHCN temperate
FRM00007005,1986,64.7,GHCN temperate
FRM00007005,1987,66.0,GHCN temperate
FRM00007005,1988,67.2,GHCN temperate
FRM00007005,1989,61.9,GHCN temperate
FRM00007005,1990,83.8,GHCN temperate
FRM00007005,1991,92.6,GHCN temperate
FRM00007005,1992,92.9,GHCN temperate
FRM00007005,1993,94.0,GHCN temperate
FRM00007005,1994,96.2,GHCN temperate
FRM00007005,1995,88.2,GHCN temperate
FRM00007005,1996,94.5,GHCN temperate
FRM00007005,1997,97.0,GHCN temperate
FRM00007005,1998,97.8,GHCN temperate
FRM00007005,1999,96.7,GHCN temperate
FRM00007005,2000,98.1,GHCN temperate
FRM00007005,2001,97.8,GHCN temperate
FRM00007005,2002,95.6,GHCN temperate
FRM00007005,2003,99.5,GHCN temperate
FRM00007005,2004,99.7,GHCN temperate
FRM00007005,2005,99.5,GHCN temperate
FRM00007005,2006,99.7,GHCN temperate
FRM00007005,2007,99.5,GHCN temperate
FRM00007005,2008,99.5,GHCN temperate
FRM00007005,2009,99.7,GHCN temperate
FRM00007005,2010,98.9,GHCN temperate
FRM00007005,2011,99.2,GHCN temperate
FRM00007005,2012,100.0,GHCN temperate
FRM00007005,2013,99.7,GHCN temperate
FRM00007005,2014,99.7,GHCN temperate
FRM00007005,2015,98.4,GHCN temperate
FRM00007005,2016,99.5,GHCN temperate
FRM00007005,2017,98.1,GHCN temperate
FRM00007005,2018,99.5,GHCN temperate
FRM00007005,2019,98.6,GHCN temperate
FRM00007005,2020,99.5,GHCN temperate
FRM00007005,2021,96.2,GHCN temperate
FRM00007005,2022,100.0,GHCN temperate
FRM00007005,2023,99.5,GHCN temperate
FRM00007005,2024,96.7,GHCN temperate
FRM00007005,2025,100.0,GHCN temperate
FRM00007015,1961,0.0,GHCN temperate
FRM00007015,1962,0.0,GHCN temperate
FRM00007015,1963,0.0,GHCN temperate
FRM00007015,1964,0.0,GHCN temperate
FRM00007015,1965,0.0,GHCN temperate
FRM00007015,1966,0.0,GHCN temperate
FRM00007015,1967,0.0,GHCN temperate
FRM00007015,1968,0.0,GHCN temperate
FRM00007015,1969,0.0,GHCN temperate
FRM00007015,1970,0.0,GHCN temperate
FRM00007015,1971,0.0,GHCN temperate
FRM00007015,1972,0.0,GHCN temperate
FRM00007015,1973,70.1,GHCN temperate
FRM00007015,1974,62.5,GHCN temperate
FRM00007015,1975,92.9,GHCN temperate
FRM00007015,1976,95.6,GHCN temperate
FRM00007015,1977,96.2,GHCN temperate
FRM00007015,1978,97.5,GHCN temperate
FRM00007015,1979,96.7,GHCN temperate
FRM00007015,1980,96.2,GHCN temperate
FRM00007015,1981,98.9,GHCN temperate
FRM00007015,1982,60.0,GHCN temperate
FRM00007015,1983,70.7,GHCN temperate
FRM00007015,1984,68.0,GHCN temperate
FRM00007015,1985,68.8,GHCN temperate
FRM00007015,1986,64.7,GHCN temperate
FRM00007015,1987,66.3,GHCN temperate
FRM00007015,1988,68.6,GHCN temperate
FRM00007015,1989,60.5,GHCN temperate
FRM00007015,1990,87.7,GHCN temperate
FRM00007015,1991,93.4,GHCN temperate
FRM00007015,1992,91.8,GHCN temperate
FRM00007015,1993,94.8,GHCN temperate
FRM00007015,1994,94.5,GHCN temperate
FRM00007015,1995,97.0,GHCN temperate
FRM00007015,1996,99.7,GHCN temperate
FRM00007015,1997,100.0,GHCN temperate
FRM00007015,1998,99.7,GHCN temperate
FRM00007015,1999,96.4,GHCN temperate
FRM00007015,2000,97.0,GHCN temperate
FRM00007015,2001,95.3,GHCN temperate
FRM00007015,2002,96.7,GHCN temperate
FRM00007015,2003,99.5,GHCN temperate
FRM00007015,2004,98.9,GHCN temperate
FRM00007015,2005,0.0,GHCN temperate
FRM00007015,2006,98.6,GHCN temperate
FRM00007015,2007,98.9,GHCN temperate
FRM00007015,2008,99.5,GHCN temperate
FRM00007015,2009,99.7,GHCN temperate
FRM00007015,2010,98.9,GHCN temperate
FRM00007015,2011,100.0,GHCN temperate
FRM00007015,2012,99.7,GHCN temperate
FRM00007015,2013,100.0,GHCN temperate
FRM00007015,2014,99.7,GHCN temperate
FRM00007015,2015,98.4,GHCN temperate
FRM00007015,2016,99.5,GHCN temperate
FRM00007015,2017,99.5,GHCN temperate
FRM00007015,2018,99.5,GHCN temperate
FRM00007015,2019,99.5,GHCN temperate
FRM00007015,2020,98.1,GHCN temperate
FRM00007015,2021,98.6,GHCN temperate
FRM00007015,2022,100.0,GHCN temperate
FRM00007015,2023,98.4,GHCN temperate
FRM00007015,2024,96.7,GHCN temperate
FRM00007015,2025,5.5,GHCN temperate
FRM00007027,1973,92.1,GHCN temperate
FRM00007027,1974,94.5,GHCN temperate
FRM00007027,1975,94.0,GHCN temperate
FRM00007027,1976,96.4,GHCN temperate
FRM00007027,1977,89.0,GHCN temperate
FRM00007027,1978,98.4,GHCN temperate
FRM00007027,1979,94.8,GHCN temperate
FRM00007027,1980,95.9,GHCN temperate
FRM00007027,1981,98.4,GHCN temperate
FRM00007027,1982,64.9,GHCN temperate
FRM00007027,1983,63.6,GHCN temperate
FRM00007027,1984,68.6,GHCN temperate
FRM00007027,1985,67.9,GHCN temperate
FRM00007027,1986,41.1,GHCN temperate
FRM00007027,1987,66.6,GHCN temperate
FRM00007027,1988,62.8,GHCN temperate
FRM00007027,1989,70.4,GHCN temperate
FRM00007027,1990,85.5,GHCN temperate
FRM00007027,1991,90.7,GHCN temperate
FRM00007027,1992,92.9,GHCN temperate
FRM00007027,1993,93.2,GHCN temperate
FRM00007027,1994,95.3,GHCN temperate
FRM00007027,1995,97.3,GHCN temperate
FRM00007027,1996,99.2,GHCN temperate
FRM00007027,1997,100.0,GHCN temperate
FRM00007027,1998,99.2,GHCN temperate
FRM00007027,1999,98.1,GHCN temperate
FRM00007027,2000,94.0,GHCN temperate
FRM00007027,2001,96.7,GHCN temperate
FRM00007027,2002,98.6,GHCN temperate
FRM00007027,2003,98.9,GHCN temperate
FRM00007027,2004,98.4,GHCN temperate
FRM00007027,2005,0.0,GHCN temperate
FRM00007027,2006,99.5,GHCN temperate
FRM00007027,2007,98.6,GHCN temperate
FRM00007027,2008,99.7,GHCN temperate
FRM00007027,2009,100.0,GHCN temperate
FRM00007027,2010,99.2,GHCN temperate
FRM00007027,2011,99.7,GHCN temperate
FRM00007027,2012,99.7,GHCN temperate
FRM00007027,2013,99.5,GHCN temperate
FRM00007027,2014,99.2,GHCN temperate
FRM00007027,2015,98.1,GHCN temperate
FRM00007027,2016,99.5,GHCN temperate
FRM00007027,2017,100.0,GHCN temperate
FRM00007027,2018,99.2,GHCN temperate
FRM00007027,2019,100.0,GHCN temperate
FRM00007027,2020,99.5,GHCN temperate
FRM00007027,2021,97.0,GHCN temperate
FRM00007027,2022,99.7,GHCN temperate
FRM00007027,2023,99.7,GHCN temperate
FRM00007027,2024,95.9,GHCN temperate
FRM00007027,2025,5.5,GHCN temperate
FRM00007037,1973,94.0,GHCN temperate
FRM00007037,1974,97.0,GHCN temperate
FRM00007037,1975,94.8,GHCN temperate
FRM00007037,1976,98.4,GHCN temperate
FRM00007037,1977,95.6,GHCN temperate
FRM00007037,1978,97.5,GHCN temperate
FRM00007037,1979,95.9,GHCN temperate
FRM00007037,1980,95.9,GHCN temperate
FRM00007037,1981,96.2,GHCN temperate
FRM00007037,1982,61.1,GHCN temperate
FRM00007037,1983,74.2,GHCN temperate
FRM00007037,1984,69.1,GHCN temperate
FRM00007037,1985,69.9,GHCN temperate
FRM00007037,1986,63.8,GHCN temperate
FRM00007037,1987,64.9,GHCN temperate
FRM00007037,1988,62.3,GHCN temperate
FRM00007037,1989,61.1,GHCN temperate
FRM00007037,1990,81.9,GHCN temperate
FRM00007037,1991,89.6,GHCN temperate
FRM00007037,1992,85.8,GHCN temperate
FRM00007037,1993,93.7,GHCN temperate
FRM00007037,1994,94.2,GHCN temperate
FRM00007037,1995,90.4,GHCN temperate
FRM00007037,1996,99.2,GHCN temperate
FRM00007037,1997,97.0,GHCN temperate
FRM00007037,1998,97.3,GHCN temperate
FRM00007037,1999,95.3,GHCN temperate
FRM00007037,2000,94.5,GHCN temperate
FRM00007037,2001,95.1,GHCN temperate
FRM00007037,2002,95.1,GHCN temperate
FRM00007037,2003,97.3,GHCN temperate
FRM00007037,2004,97.0,GHCN temperate
FRM00007037,2005,99.2,GHCN temperate
FRM00007037,2006,99.7,GHCN temperate
FRM00007037,2007,98.9,GHCN temperate
FRM00007037,2008,99.7,GHCN temperate
FRM00007037,2009,99.2,GHCN temperate
FRM00007037,2010,98.9,GHCN temperate
FRM00007037,2011,99.7,GHCN temperate
FRM00007037,2012,99.7,GHCN temperate
FRM00007037,2013,99.5,GHCN temperate
FRM00007037,2014,99.7,GHCN temperate
FRM00007037,2015,98.4,GHCN temperate
FRM00007037,2016,100.0,GHCN temperate
FRM00007037,2017,100.0,GHCN temperate
FRM00007037,2018,98.9,GHCN temperate
FRM00007037,2019,99.7,GHCN temperate
FRM00007037,2020,98.1,GHCN temperate
FRM00007037,2021,98.1,GHCN temperate
FRM00007037,2022,98.6,GHCN temperate
FRM00007037,2023,98.9,GHCN temperate
FRM00007037,2024,95.9,GHCN temperate
FRM00007037,2025,5.5,GHCN temperate
FRM00007110,1973,94.5,GHCN temperate
FRM00007110,1974,96.7,GHCN temperate
FRM00007110,1975,93.2,GHCN temperate
FRM00007110,1976,97.3,GHCN temperate
FRM00007110,1977,96.4,GHCN temperate
FRM00007110,1978,98.4,GHCN temperate
FRM00007110,1979,96.7,GHCN temperate
FRM00007110,1980,97.5,GHCN temperate
FRM00007110,1981,97.8,GHCN temperate
FRM00007110,1982,67.7,GHCN temperate
FRM00007110,1983,75.6,GHCN temperate
FRM00007110,1984,76.5,GHCN temperate
FRM00007110,1985,72.9,GHCN temperate
FRM00007110,1986,64.9,GHCN temperate
FRM00007110,1987,67.1,GHCN temperate
FRM00007110,1988,72.7,GHCN temperate
FRM00007110,1989,62.2,GHCN temperate
FRM00007110,1990,69.6,GHCN temperate
FRM00007110,1991,72.9,GHCN temperate
FRM00007110,1992,76.5,GHCN temperate
FRM00007110,1993,87.1,GHCN temperate
FRM00007110,1994,94.5,GHCN temperate
FRM00007110,1995,94.2,GHCN temperate
FRM00007110,1996,99.7,GHCN temperate
FRM00007110,1997,100.0,GHCN temperate
FRM00007110,1998,98.1,GHCN temperate
FRM00007110,1999,97.5,GHCN temperate
FRM00007110,2000,94.3,GHCN temperate
FRM00007110,2001,92.6,GHCN temperate
FRM00007110,2002,98.1,GHCN temperate
FRM00007110,2003,100.0,GHCN temperate
FRM00007110,2004,99.7,GHCN temperate
FRM00007110,2005,98.9,GHCN temperate
FRM00007110,2006,99.7,GHCN temperate
FRM00007110,2007,99.2,GHCN temperate
FRM00007110,2008,99.7,GHCN temperate
FRM00007110,2009,100.0,GHCN temperate
FRM00007110,2010,99.5,GHCN temperate
FRM00007110,2011,98.9,GHCN temperate
FRM00007110,2012,99.5,GHCN temperate
FRM00007110,2013,100.0,GHCN temperate
FRM00007110,2014,99.5,GHCN temperate
FRM00007110,2015,99.5,GHCN temperate
FRM00007110,2016,100.0,GHCN temperate
FRM00007110,2017,97.8,GHCN temperate
FRM00007110,2018,99.2,GHCN temperate
FRM00007110,2019,99.7,GHCN temperate
FRM00007110,2020,99.7,GHCN temperate
FRM00007110,2021,98.9,GHCN temperate
FRM00007110,2022,100.0,GHCN temperate
FRM00007110,2023,99.2,GHCN temperate
FRM00007110,2024,95.1,GHCN temperate
FRM00007110,2025,5.5,GHCN temperate
GIM00008495,1961,38.9,GHCN temperate
GIM00008495,1962,17.5,GHCN temperate
GIM00008495,1963,0.0,GHCN temperate
GIM00008495,1964,0.0,GHCN temperate
GIM00008495,1965,0.0,GHCN temperate
GIM00008495,1966,0.0,GHCN temperate
GIM00008495,1967,0.0,GHCN temperate
GIM00008495,1968,0.0,GHCN temperate
GIM00008495,1969,0.0,GHCN temperate
GIM00008495,1970,0.0,GHCN temperate
GIM00008495,1971,0.0,GHCN temperate
GIM00008495,1972,0.0,GHCN temperate
GIM00008495,1973,90.7,GHCN temperate
GIM00008495,1974,91.0,GHCN temperate
GIM00008495,1975,83.3,GHCN temperate
GIM00008495,1976,87.2,GHCN temperate
GIM00008495,1977,91.0,GHCN temperate
GIM00008495,1978,93.7,GHCN temperate
GIM00008495,1979,95.3,GHCN temperate
GIM00008495,1980,92.1,GHCN temperate
GIM00008495,1981,95.6,GHCN temperate
GIM00008495,1982,78.1,GHCN temperate
GIM00008495,1983,77.0,GHCN temperate
GIM00008495,1984,75.7,GHCN temperate
GIM00008495,1985,76.4,GHCN temperate
GIM00008495,1986,73.7,GHCN temperate
GIM00008495,1987,78.4,GHCN temperate
GIM00008495,1988,79.0,GHCN temperate
GIM00008495,1989,77.8,GHCN temperate
GIM00008495,1990,80.3,GHCN temperate
GIM00008495,1991,76.2,GHCN temperate
GIM00008495,1992,76.2,GHCN temperate
GIM00008495,1993,75.6,GHCN temperate
GIM00008495,1994,76.4,GHCN temperate
GIM00008495,1995,79.2,GHCN temperate
GIM00008495,1996,81.1,GHCN temperate
GIM00008495,1997,82.2,GHCN temperate
GIM00008495,1998,79.2,GHCN temperate
GIM00008495,1999,88.8,GHCN temperate
GIM00008495,2000,16.4,GHCN temperate
GIM00008495,2001,10.1,GHCN temperate
GIM00008495,2002,31.8,GHCN temperate
GIM00008495,2003,81.1,GHCN temperate
GIM00008495,2004,81.1,GHCN temperate
GIM00008495,2005,73.7,GHCN temperate
GIM00008495,2006,99.2,GHCN temperate
GIM00008495,2007,98.6,GHCN temperate
GIM00008495,2008,99.7,GHCN temperate
GIM00008495,2009,100.0,GHCN temperate
GIM00008495,2010,99.7,GHCN temperate
GIM00008495,2011,87.7,GHCN temperate
GIM00008495,2012,100.0,GHCN temperate
GIM00008495,2013,99.7,GHCN temperate
GIM00008495,2014,99.2,GHCN temperate
GIM00008495,2015,89.9,GHCN temperate
GIM00008495,2016,95.4,GHCN temperate
GIM00008495,2017,94.5,GHCN temperate
GIM00008495,2018,92.1,GHCN temperate
GIM00008495,2019,95.6,GHCN temperate
GIM00008495,2020,92.3,GHCN temperate
GIM00008495,2021,91.2,GHCN temperate
GIM00008495,2022,99.2,GHCN temperate
GIM00008495,2023,99.5,GHCN temperate
GIM00008495,2024,96.2,GHCN temperate
GIM00008495,2025,100.0,GHCN temperate
GMM00010870,1961,20.5,GHCN temperate
GMM00010870,1962,29.9,GHCN temperate
GMM00010870,1963,22.5,GHCN temperate
GMM00010870,1964,26.8,GHCN temperate
GMM00010870,1965,40.3,GHCN temperate
GMM00010870,1966,38.9,GHCN temperate
GMM00010870,1967,32.3,GHCN temperate
GMM00010870,1968,32.0,GHCN temperate
GMM00010870,1969,31.8,GHCN temperate
GMM00010870,1970,87.4,GHCN temperate
GMM00010870,1971,100.0,GHCN temperate
GMM00010870,1972,100.0,GHCN temperate
GMM00010870,1973,100.0,GHCN temperate
GMM00010870,1974,100.0,GHCN temperate
GMM00010870,1975,100.0,GHCN temperate
GMM00010870,1976,100.0,GHCN temperate
GMM00010870,1977,100.0,GHCN temperate
GMM00010870,1978,100.0,GHCN temperate
GMM00010870,1979,98.4,GHCN temperate
GMM00010870,1980,96.7,GHCN temperate
GMM00010870,1981,99.2,GHCN temperate
GMM00010870,1982,64.7,GHCN temperate
GMM00010870,1983,71.5,GHCN temperate
GMM00010870,1984,74.0,GHCN temperate
GMM00010870,1985,70.1,GHCN temperate
GMM00010870,1986,71.2,GHCN temperate
GMM00010870,1987,69.0,GHCN temperate
GMM00010870,1988,72.1,GHCN temperate
GMM00010870,1989,69.3,GHCN temperate
GMM00010870,1990,91.5,GHCN temperate
GMM00010870,1991,97.3,GHCN temperate
GMM00010870,1992,95.4,GHCN temperate
GMM00010870,1993,100.0,GHCN temperate
GMM00010870,1994,100.0,GHCN temperate
GMM00010870,1995,100.0,GHCN temperate
GMM00010870,1996,100.0,GHCN temperate
GMM00010870,1997,100.0,GHCN temperate
GMM00010870,1998,100.0,GHCN temperate
GMM00010870,1999,100.0,GHCN temperate
GMM00010870,2000,100.0,GHCN temperate
GMM00010870,2001,100.0,GHCN temperate
GMM00010870,2002,100.0,GHCN temperate
GMM00010870,2003,100.0,GHCN temperate
GMM00010870,2004,100.0,GHCN temperate
GMM00010870,2005,100.0,GHCN temperate
GMM00010870,2006,100.0,GHCN temperate
GMM00010870,2007,100.0,GHCN temperate
GMM00010870,2008,100.0,GHCN temperate
GMM00010870,2009,100.0,GHCN temperate
GMM00010870,2010,100.0,GHCN temperate
GMM00010870,2011,100.0,GHCN temperate
GMM00010870,2012,100.0,GHCN temperate
GMM00010870,2013,100.0,GHCN temperate
GMM00010870,2014,100.0,GHCN temperate
GMM00010870,2015,100.0,GHCN temperate
GMM00010870,2016,100.0,GHCN temperate
GMM00010870,2017,100.0,GHCN temperate
GMM00010870,2018,100.0,GHCN temperate
GMM00010870,2019,100.0,GHCN temperate
GMM00010870,2020,100.0,GHCN temperate
GMM00010870,2021,100.0,GHCN temperate
GMM00010870,2022,100.0,GHCN temperate
GMM00010870,2023,99.2,GHCN temperate
GMM00010870,2024,100.0,GHCN temperate
GMM00010870,2025,98.9,GHCN temperate
GMM00010870,2026,100.0,GHCN temperate
GRM00016622,1964,6.9,GHCN temperate
GRM00016622,1965,9.0,GHCN temperate
GRM00016622,1966,6.3,GHCN temperate
GRM00016622,1967,8.2,GHCN temperate
GRM00016622,1968,11.2,GHCN temperate
GRM00016622,1969,14.8,GHCN temperate
GRM00016622,1970,7.1,GHCN temperate
GRM00016622,1971,6.6,GHCN temperate
GRM00016622,1972,0.0,GHCN temperate
GRM00016622,1973,90.7,GHCN temperate
GRM00016622,1974,86.8,GHCN temperate
GRM00016622,1975,91.2,GHCN temperate
GRM00016622,1976,92.1,GHCN temperate
GRM00016622,1977,93.2,GHCN temperate
GRM00016622,1978,95.1,GHCN temperate
GRM00016622,1979,94.0,GHCN temperate
GRM00016622,1980,95.1,GHCN temperate
GRM00016622,1981,92.9,GHCN temperate
GRM00016622,1982,64.9,GHCN temperate
GRM00016622,1983,73.4,GHCN temperate
GRM00016622,1984,76.0,GHCN temperate
GRM00016622,1985,80.5,GHCN temperate
GRM00016622,1986,77.0,GHCN temperate
GRM00016622,1987,75.9,GHCN temperate
GRM00016622,1988,75.1,GHCN temperate
GRM00016622,1989,76.4,GHCN temperate
GRM00016622,1990,78.4,GHCN temperate
GRM00016622,1991,75.1,GHCN temperate
GRM00016622,1992,73.8,GHCN temperate
GRM00016622,1993,74.2,GHCN temperate
GRM00016622,1994,74.8,GHCN temperate
GRM00016622,1995,69.0,GHCN temperate
GRM00016622,1996,69.7,GHCN temperate
GRM00016622,1997,78.9,GHCN temperate
GRM00016622,1998,77.5,GHCN temperate
GRM00016622,1999,86.6,GHCN temperate
GRM00016622,2000,7.1,GHCN temperate
GRM00016622,2001,8.5,GHCN temperate
GRM00016622,2002,32.1,GHCN temperate
GRM00016622,2003,71.8,GHCN temperate
GRM00016622,2004,72.4,GHCN temperate
GRM00016622,2005,0.0,GHCN temperate
GRM00016622,2006,86.0,GHCN temperate
GRM00016622,2007,97.8,GHCN temperate
GRM00016622,2008,97.0,GHCN temperate
GRM00016622,2009,99.5,GHCN temperate
GRM00016622,2010,100.0,GHCN temperate
GRM00016622,2011,100.0,GHCN temperate
GRM00016622,2012,100.0,GHCN temperate
GRM00016622,2013,99.5,GHCN temperate
GRM00016622,2014,99.5,GHCN temperate
GRM00016622,2015,97.3,GHCN temperate
GRM00016622,2016,99.2,GHCN temperate
GRM00016622,2017,98.9,GHCN temperate
GRM00016622,2018,98.6,GHCN temperate
GRM00016622,2019,100.0,GHCN temperate
GRM00016622,2020,99.2,GHCN temperate
GRM00016622,2021,98.4,GHCN temperate
GRM00016622,2022,99.7,GHCN temperate
GRM00016622,2023,99.7,GHCN temperate
GRM00016622,2024,96.7,GHCN temperate
GRM00016622,2025,99.2,GHCN temperate
HUM00012772,1961,1.6,GHCN temperate
HUM00012772,1962,0.0,GHCN temperate
HUM00012772,1963,0.0,GHCN temperate
HUM00012772,1964,0.0,GHCN temperate
HUM00012772,1965,0.0,GHCN temperate
HUM00012772,1966,0.0,GHCN temperate
HUM00012772,1967,0.0,GHCN temperate
HUM00012772,1968,0.0,GHCN temperate
HUM00012772,1969,0.0,GHCN temperate
HUM00012772,1970,0.0,GHCN temperate
HUM00012772,1971,0.0,GHCN temperate
HUM00012772,1972,0.0,GHCN temperate
HUM00012772,1973,92.6,GHCN temperate
HUM00012772,1974,97.8,GHCN temperate
HUM00012772,1975,96.4,GHCN temperate
HUM00012772,1976,97.3,GHCN temperate
HUM00012772,1977,89.3,GHCN temperate
HUM00012772,1978,96.2,GHCN temperate
HUM00012772,1979,97.3,GHCN temperate
HUM00012772,1980,97.0,GHCN temperate
HUM00012772,1981,98.4,GHCN temperate
HUM00012772,1982,65.5,GHCN temperate
HUM00012772,1983,75.6,GHCN temperate
HUM00012772,1984,69.9,GHCN temperate
HUM00012772,1985,70.4,GHCN temperate
HUM00012772,1986,69.9,GHCN temperate
HUM00012772,1987,71.8,GHCN temperate
HUM00012772,1988,68.3,GHCN temperate
HUM00012772,1989,71.0,GHCN temperate
HUM00012772,1990,48.2,GHCN temperate
HUM00012772,1991,70.4,GHCN temperate
HUM00012772,1992,86.6,GHCN temperate
HUM00012772,1993,81.9,GHCN temperate
HUM00012772,1994,80.8,GHCN temperate
HUM00012772,1995,79.2,GHCN temperate
HUM00012772,1996,55.2,GHCN temperate
HUM00012772,1997,63.0,GHCN temperate
HUM00012772,1998,81.1,GHCN temperate
HUM00012772,1999,86.6,GHCN temperate
HUM00012772,2000,18.0,GHCN temperate
HUM00012772,2001,22.5,GHCN temperate
HUM00012772,2002,42.5,GHCN temperate
HUM00012772,2003,86.0,GHCN temperate
HUM00012772,2004,80.6,GHCN temperate
HUM00012772,2005,68.2,GHCN temperate
HUM00012772,2006,47.1,GHCN temperate
HUM00012772,2007,37.3,GHCN temperate
HUM00012772,2008,38.3,GHCN temperate
HUM00012772,2009,46.8,GHCN temperate
HUM00012772,2010,56.2,GHCN temperate
HUM00012772,2011,35.6,GHCN temperate
HUM00012772,2012,37.2,GHCN temperate
HUM00012772,2013,46.3,GHCN temperate
HUM00012772,2014,45.5,GHCN temperate
HUM00012772,2015,76.7,GHCN temperate
HUM00012772,2016,98.4,GHCN temperate
HUM00012772,2017,98.1,GHCN temperate
HUM00012772,2018,98.4,GHCN temperate
HUM00012772,2019,63.3,GHCN temperate
HUM00012772,2020,91.5,GHCN temperate
HUM00012772,2021,93.7,GHCN temperate
HUM00012772,2022,86.0,GHCN temperate
HUM00012772,2023,90.4,GHCN temperate
HUM00012772,2024,94.3,GHCN temperate
ITM00016061,1973,0.0,GHCN temperate
ITM00016061,1974,0.0,GHCN temperate
ITM00016061,1975,77.3,GHCN temperate
ITM00016061,1976,82.8,GHCN temperate
ITM00016061,1977,89.0,GHCN temperate
ITM00016061,1978,83.0,GHCN temperate
ITM00016061,1979,80.3,GHCN temperate
ITM00016061,1980,89.1,GHCN temperate
ITM00016061,1981,90.7,GHCN temperate
ITM00016061,1982,9.0,GHCN temperate
ITM00016061,1983,9.6,GHCN temperate
ITM00016061,1984,12.0,GHCN temperate
ITM00016061,1985,10.7,GHCN temperate
ITM00016061,1986,9.0,GHCN temperate
ITM00016061,1987,8.8,GHCN temperate
ITM00016061,1988,10.9,GHCN temperate
ITM00016061,1989,11.2,GHCN temperate
ITM00016061,1990,66.8,GHCN temperate
ITM00016061,1991,64.4,GHCN temperate
ITM00016061,1992,69.7,GHCN temperate
ITM00016061,1993,71.2,GHCN temperate
ITM00016061,1994,76.7,GHCN temperate
ITM00016061,1995,74.0,GHCN temperate
ITM00016061,1996,70.5,GHCN temperate
ITM00016061,1997,74.0,GHCN temperate
ITM00016061,1998,69.0,GHCN temperate
ITM00016061,1999,75.9,GHCN temperate
ITM00016061,2000,11.7,GHCN temperate
ITM00016061,2001,7.7,GHCN temperate
ITM00016061,2002,29.6,GHCN temperate
ITM00016061,2003,70.1,GHCN temperate
ITM00016061,2004,90.4,GHCN temperate
ITM00016061,2005,0.0,GHCN temperate
ITM00016061,2006,97.8,GHCN temperate
ITM00016061,2007,97.0,GHCN temperate
ITM00016061,2008,0.0,GHCN temperate
ITM00016061,2009,98.4,GHCN temperate
ITM00016061,2010,99.5,GHCN temperate
ITM00016061,2011,96.7,GHCN temperate
ITM00016061,2012,98.6,GHCN temperate
ITM00016061,2013,98.6,GHCN temperate
ITM00016061,2014,99.7,GHCN temperate
ITM00016061,2015,97.3,GHCN temperate
ITM00016061,2016,98.9,GHCN temperate
ITM00016061,2017,99.5,GHCN temperate
ITM00016061,2018,99.2,GHCN temperate
ITM00016061,2019,99.2,GHCN temperate
ITM00016061,2020,91.8,GHCN temperate
ITM00016061,2021,97.8,GHCN temperate
ITM00016061,2022,95.9,GHCN temperate
ITM00016061,2023,88.8,GHCN temperate
ITM00016061,2024,49.5,GHCN temperate
ITM00016061,2025,84.3,GHCN temperate
LOM00011826,1973,91.0,GHCN temperate
LOM00011826,1974,93.2,GHCN temperate
LOM00011826,1975,91.2,GHCN temperate
LOM00011826,1976,97.8,GHCN temperate
LOM00011826,1977,90.4,GHCN temperate
LOM00011826,1978,96.2,GHCN temperate
LOM00011826,1979,95.3,GHCN temperate
LOM00011826,1980,96.2,GHCN temperate
LOM00011826,1981,94.8,GHCN temperate
LOM00011826,1982,61.9,GHCN temperate
LOM00011826,1983,68.2,GHCN temperate
LOM00011826,1984,66.9,GHCN temperate
LOM00011826,1985,72.9,GHCN temperate
LOM00011826,1986,72.3,GHCN temperate
LOM00011826,1987,66.0,GHCN temperate
LOM00011826,1988,70.2,GHCN temperate
LOM00011826,1989,69.0,GHCN temperate
LOM00011826,1990,64.1,GHCN temperate
LOM00011826,1991,63.6,GHCN temperate
LOM00011826,1992,68.3,GHCN temperate
LOM00011826,1993,62.7,GHCN temperate
LOM00011826,1994,62.5,GHCN temperate
LOM00011826,1995,64.1,GHCN temperate
LOM00011826,1996,71.3,GHCN temperate
LOM00011826,1997,71.2,GHCN temperate
LOM00011826,1998,70.1,GHCN temperate
LOM00011826,1999,88.5,GHCN temperate
LOM00011826,2000,25.7,GHCN temperate
LOM00011826,2001,26.0,GHCN temperate
LOM00011826,2002,36.4,GHCN temperate
LOM00011826,2003,94.5,GHCN temperate
LOM00011826,2004,98.6,GHCN temperate
LOM00011826,2005,99.7,GHCN temperate
LOM00011826,2006,99.2,GHCN temperate
LOM00011826,2007,99.2,GHCN temperate
LOM00011826,2008,99.7,GHCN temperate
LOM00011826,2009,100.0,GHCN temperate
LOM00011826,2010,99.5,GHCN temperate
LOM00011826,2011,98.9,GHCN temperate
LOM00011826,2012,100.0,GHCN temperate
LOM00011826,2013,100.0,GHCN temperate
LOM00011826,2014,99.5,GHCN temperate
LOM00011826,2015,97.5,GHCN temperate
LOM00011826,2016,99.5,GHCN temperate
LOM00011826,2017,100.0,GHCN temperate
LOM00011826,2018,98.9,GHCN temperate
LOM00011826,2019,95.9,GHCN temperate
LOM00011826,2020,98.9,GHCN temperate
LOM00011826,2021,97.3,GHCN temperate
LOM00011826,2022,97.3,GHCN temperate
LOM00011826,2023,98.4,GHCN temperate
LOM00011826,2024,95.9,GHCN temperate
LOM00011826,2025,99.2,GHCN temperate
NLM00006260,1961,100.0,GHCN temperate
NLM00006260,1962,100.0,GHCN temperate
NLM00006260,1963,100.0,GHCN temperate
NLM00006260,1964,100.0,GHCN temperate
NLM00006260,1965,100.0,GHCN temperate
NLM00006260,1966,100.0,GHCN temperate
NLM00006260,1967,100.0,GHCN temperate
NLM00006260,1968,100.0,GHCN temperate
NLM00006260,1969,100.0,GHCN temperate
NLM00006260,1970,100.0,GHCN temperate
NLM00006260,1971,100.0,GHCN temperate
NLM00006260,1972,100.0,GHCN temperate
NLM00006260,1973,100.0,GHCN temperate
NLM00006260,1974,100.0,GHCN temperate
NLM00006260,1975,100.0,GHCN temperate
NLM00006260,1976,100.0,GHCN temperate
NLM00006260,1977,100.0,GHCN temperate
NLM00006260,1978,100.0,GHCN temperate
NLM00006260,1979,100.0,GHCN temperate
NLM00006260,1980,100.0,GHCN temperate
NLM00006260,1981,100.0,GHCN temperate
NLM00006260,1982,100.0,GHCN temperate
NLM00006260,1983,100.0,GHCN temperate
NLM00006260,1984,100.0,GHCN temperate
NLM00006260,1985,100.0,GHCN temperate
NLM00006260,1986,100.0,GHCN temperate
NLM00006260,1987,100.0,GHCN temperate
NLM00006260,1988,100.0,GHCN temperate
NLM00006260,1989,100.0,GHCN temperate
NLM00006260,1990,100.0,GHCN temperate
NLM00006260,1991,100.0,GHCN temperate
NLM00006260,1992,100.0,GHCN temperate
NLM00006260,1993,100.0,GHCN temperate
NLM00006260,1994,100.0,GHCN temperate
NLM00006260,1995,100.0,GHCN temperate
NLM00006260,1996,100.0,GHCN temperate
NLM00006260,1997,100.0,GHCN temperate
NLM00006260,1998,100.0,GHCN temperate
NLM00006260,1999,100.0,GHCN temperate
NLM00006260,2000,100.0,GHCN temperate
NLM00006260,2001,100.0,GHCN temperate
NLM00006260,2002,100.0,GHCN temperate
NLM00006260,2003,100.0,GHCN temperate
NLM00006260,2004,100.0,GHCN temperate
NLM00006260,2005,100.0,GHCN temperate
NLM00006260,2006,100.0,GHCN temperate
NLM00006260,2007,100.0,GHCN temperate
NLM00006260,2008,100.0,GHCN temperate
NLM00006260,2009,100.0,GHCN temperate
NLM00006260,2010,100.0,GHCN temperate
NLM00006260,2011,100.0,GHCN temperate
NLM00006260,2012,100.0,GHCN temperate
NLM00006260,2013,100.0,GHCN temperate
NLM00006260,2014,100.0,GHCN temperate
NLM00006260,2015,100.0,GHCN temperate
NLM00006260,2016,100.0,GHCN temperate
NLM00006260,2017,100.0,GHCN temperate
NLM00006260,2018,100.0,GHCN temperate
NLM00006260,2019,100.0,GHCN temperate
NLM00006260,2020,100.0,GHCN temperate
NLM00006260,2021,100.0,GHCN temperate
NLM00006260,2022,100.0,GHCN temperate
NLM00006260,2023,100.0,GHCN temperate
NLM00006260,2024,100.0,GHCN temperate
NLM00006260,2025,100.0,GHCN temperate
NLM00006260,2026,100.0,GHCN temperate
ROM00015085,1961,0.0,GHCN temperate
ROM00015085,1962,0.0,GHCN temperate
ROM00015085,1963,0.0,GHCN temperate
ROM00015085,1964,0.0,GHCN temperate
ROM00015085,1965,0.0,GHCN temperate
ROM00015085,1966,1.6,GHCN temperate
ROM00015085,1967,6.3,GHCN temperate
ROM00015085,1968,0.0,GHCN temperate
ROM00015085,1969,0.0,GHCN temperate
ROM00015085,1970,0.0,GHCN temperate
ROM00015085,1971,0.0,GHCN temperate
ROM00015085,1972,0.0,GHCN temperate
ROM00015085,1973,3.8,GHCN temperate
ROM00015085,1974,5.8,GHCN temperate
ROM00015085,1975,44.1,GHCN temperate
ROM00015085,1976,24.3,GHCN temperate
ROM00015085,1977,61.1,GHCN temperate
ROM00015085,1978,90.7,GHCN temperate
ROM00015085,1979,89.3,GHCN temperate
ROM00015085,1980,85.8,GHCN temperate
ROM00015085,1981,82.7,GHCN temperate
ROM00015085,1982,57.5,GHCN temperate
ROM00015085,1983,64.1,GHCN temperate
ROM00015085,1984,51.4,GHCN temperate
ROM00015085,1985,55.1,GHCN temperate
ROM00015085,1986,58.6,GHCN temperate
ROM00015085,1987,59.5,GHCN temperate
ROM00015085,1988,68.0,GHCN temperate
ROM00015085,1989,66.3,GHCN temperate
ROM00015085,1990,70.4,GHCN temperate
ROM00015085,1991,64.1,GHCN temperate
ROM00015085,1992,64.8,GHCN temperate
ROM00015085,1993,62.5,GHCN temperate
ROM00015085,1994,66.6,GHCN temperate
ROM00015085,1995,65.2,GHCN temperate
ROM00015085,1996,69.9,GHCN temperate
ROM00015085,1997,66.6,GHCN temperate
ROM00015085,1998,66.6,GHCN temperate
ROM00015085,1999,53.4,GHCN temperate
ROM00015085,2000,2.2,GHCN temperate
ROM00015085,2001,0.8,GHCN temperate
ROM00015085,2002,7.7,GHCN temperate
ROM00015085,2003,0.0,GHCN temperate
ROM00015085,2004,0.0,GHCN temperate
ROM00015085,2005,0.0,GHCN temperate
ROM00015085,2006,0.0,GHCN temperate
ROM00015085,2007,0.0,GHCN temperate
ROM00015085,2008,0.0,GHCN temperate
ROM00015085,2009,0.0,GHCN temperate
ROM00015085,2010,0.0,GHCN temperate
ROM00015085,2011,0.0,GHCN temperate
ROM00015085,2012,3.6,GHCN temperate
ROM00015085,2013,0.0,GHCN temperate
ROM00015085,2014,47.9,GHCN temperate
ROM00015085,2015,97.5,GHCN temperate
ROM00015085,2016,99.7,GHCN temperate
ROM00015085,2017,99.2,GHCN temperate
ROM00015085,2018,97.3,GHCN temperate
ROM00015085,2019,98.9,GHCN temperate
ROM00015085,2020,97.5,GHCN temperate
ROM00015085,2021,96.7,GHCN temperate
ROM00015085,2022,97.5,GHCN temperate
ROM00015085,2023,94.8,GHCN temperate
ROM00015085,2024,92.6,GHCN temperate
ROM00015085,2025,4.1,GHCN temperate
ROM00015085,2026,0.0,GHCN temperate
ROM00015280,1961,100.0,GHCN temperate
ROM00015280,1962,100.0,GHCN temperate
ROM00015280,1963,100.0,GHCN temperate
ROM00015280,1964,100.0,GHCN temperate
ROM00015280,1965,100.0,GHCN temperate
ROM00015280,1966,100.0,GHCN temperate
ROM00015280,1967,100.0,GHCN temperate
ROM00015280,1968,100.0,GHCN temperate
ROM00015280,1969,100.0,GHCN temperate
ROM00015280,1970,100.0,GHCN temperate
ROM00015280,1971,100.0,GHCN temperate
ROM00015280,1972,100.0,GHCN temperate
ROM00015280,1973,98.6,GHCN temperate
ROM00015280,1974,100.0,GHCN temperate
ROM00015280,1975,100.0,GHCN temperate
ROM00015280,1976,100.0,GHCN temperate
ROM00015280,1977,100.0,GHCN temperate
ROM00015280,1978,100.0,GHCN temperate
ROM00015280,1979,100.0,GHCN temperate
ROM00015280,1980,100.0,GHCN temperate
ROM00015280,1981,99.2,GHCN temperate
ROM00015280,1982,100.0,GHCN temperate
ROM00015280,1983,100.0,GHCN temperate
ROM00015280,1984,100.0,GHCN temperate
ROM00015280,1985,99.7,GHCN temperate
ROM00015280,1986,99.7,GHCN temperate
ROM00015280,1987,99.7,GHCN temperate
ROM00015280,1988,100.0,GHCN temperate
ROM00015280,1989,99.7,GHCN temperate
ROM00015280,1990,99.7,GHCN temperate
ROM00015280,1991,100.0,GHCN temperate
ROM00015280,1992,99.7,GHCN temperate
ROM00015280,1993,100.0,GHCN temperate
ROM00015280,1994,99.7,GHCN temperate
ROM00015280,1995,99.5,GHCN temperate
ROM00015280,1996,99.7,GHCN temperate
ROM00015280,1997,99.7,GHCN temperate
ROM00015280,1998,99.7,GHCN temperate
ROM00015280,1999,100.0,GHCN temperate
ROM00015280,2000,100.0,GHCN temperate
ROM00015280,2001,100.0,GHCN temperate
ROM00015280,2002,100.0,GHCN temperate
ROM00015280,2003,100.0,GHCN temperate
ROM00015280,2004,100.0,GHCN temperate
ROM00015280,2005,100.0,GHCN temperate
ROM00015280,2006,99.7,GHCN temperate
ROM00015280,2007,100.0,GHCN temperate
ROM00015280,2008,100.0,GHCN temperate
ROM00015280,2009,100.0,GHCN temperate
ROM00015280,2010,100.0,GHCN temperate
ROM00015280,2011,100.0,GHCN temperate
ROM00015280,2012,100.0,GHCN temperate
ROM00015280,2013,100.0,GHCN temperate
ROM00015280,2014,100.0,GHCN temperate
ROM00015280,2015,100.0,GHCN temperate
ROM00015280,2016,99.7,GHCN temperate
ROM00015280,2017,100.0,GHCN temperate
ROM00015280,2018,100.0,GHCN temperate
ROM00015280,2019,100.0,GHCN temperate
ROM00015280,2020,100.0,GHCN temperate
ROM00015280,2021,100.0,GHCN temperate
ROM00015280,2022,99.7,GHCN temperate
ROM00015280,2023,100.0,GHCN temperate
ROM00015280,2024,99.5,GHCN temperate
ROM00015280,2025,99.5,GHCN temperate
ROM00015280,2026,55.6,GHCN temperate
ROM00015360,1961,100.0,GHCN temperate
ROM00015360,1962,100.0,GHCN temperate
ROM00015360,1963,100.0,GHCN temperate
ROM00015360,1964,100.0,GHCN temperate
ROM00015360,1965,100.0,GHCN temperate
ROM00015360,1966,100.0,GHCN temperate
ROM00015360,1967,100.0,GHCN temperate
ROM00015360,1968,100.0,GHCN temperate
ROM00015360,1969,100.0,GHCN temperate
ROM00015360,1970,100.0,GHCN temperate
ROM00015360,1971,100.0,GHCN temperate
ROM00015360,1972,100.0,GHCN temperate
ROM00015360,1973,100.0,GHCN temperate
ROM00015360,1974,100.0,GHCN temperate
ROM00015360,1975,100.0,GHCN temperate
ROM00015360,1976,100.0,GHCN temperate
ROM00015360,1977,100.0,GHCN temperate
ROM00015360,1978,100.0,GHCN temperate
ROM00015360,1979,100.0,GHCN temperate
ROM00015360,1980,100.0,GHCN temperate
ROM00015360,1981,100.0,GHCN temperate
ROM00015360,1982,100.0,GHCN temperate
ROM00015360,1983,100.0,GHCN temperate
ROM00015360,1984,100.0,GHCN temperate
ROM00015360,1985,100.0,GHCN temperate
ROM00015360,1986,100.0,GHCN temperate
ROM00015360,1987,100.0,GHCN temperate
ROM00015360,1988,100.0,GHCN temperate
ROM00015360,1989,100.0,GHCN temperate
ROM00015360,1990,100.0,GHCN temperate
ROM00015360,1991,100.0,GHCN temperate
ROM00015360,1992,100.0,GHCN temperate
ROM00015360,1993,100.0,GHCN temperate
ROM00015360,1994,100.0,GHCN temperate
ROM00015360,1995,100.0,GHCN temperate
ROM00015360,1996,100.0,GHCN temperate
ROM00015360,1997,100.0,GHCN temperate
ROM00015360,1998,100.0,GHCN temperate
ROM00015360,1999,100.0,GHCN temperate
ROM00015360,2000,100.0,GHCN temperate
ROM00015360,2001,100.0,GHCN temperate
ROM00015360,2002,100.0,GHCN temperate
ROM00015360,2003,100.0,GHCN temperate
ROM00015360,2004,100.0,GHCN temperate
ROM00015360,2005,100.0,GHCN temperate
ROM00015360,2006,100.0,GHCN temperate
ROM00015360,2007,100.0,GHCN temperate
ROM00015360,2008,100.0,GHCN temperate
ROM00015360,2009,100.0,GHCN temperate
ROM00015360,2010,100.0,GHCN temperate
ROM00015360,2011,100.0,GHCN temperate
ROM00015360,2012,100.0,GHCN temperate
ROM00015360,2013,100.0,GHCN temperate
ROM00015360,2014,100.0,GHCN temperate
ROM00015360,2015,100.0,GHCN temperate
ROM00015360,2016,100.0,GHCN temperate
ROM00015360,2017,100.0,GHCN temperate
ROM00015360,2018,100.0,GHCN temperate
ROM00015360,2019,100.0,GHCN temperate
ROM00015360,2020,100.0,GHCN temperate
ROM00015360,2021,100.0,GHCN temperate
ROM00015360,2022,100.0,GHCN temperate
ROM00015360,2023,100.0,GHCN temperate
ROM00015360,2024,99.7,GHCN temperate
ROM00015360,2025,100.0,GHCN temperate
ROM00015360,2026,59.9,GHCN temperate
RSM00025927,1961,100.0,GHCN temperate
RSM00025927,1962,100.0,GHCN temperate
RSM00025927,1963,100.0,GHCN temperate
RSM00025927,1964,100.0,GHCN temperate
RSM00025927,1965,100.0,GHCN temperate
RSM00025927,1966,100.0,GHCN temperate
RSM00025927,1967,100.0,GHCN temperate
RSM00025927,1968,100.0,GHCN temperate
RSM00025927,1969,100.0,GHCN temperate
RSM00025927,1970,100.0,GHCN temperate
RSM00025927,1971,100.0,GHCN temperate
RSM00025927,1972,100.0,GHCN temperate
RSM00025927,1973,98.6,GHCN temperate
RSM00025927,1974,100.0,GHCN temperate
RSM00025927,1975,99.7,GHCN temperate
RSM00025927,1976,100.0,GHCN temperate
RSM00025927,1977,100.0,GHCN temperate
RSM00025927,1978,100.0,GHCN temperate
RSM00025927,1979,97.5,GHCN temperate
RSM00025927,1980,100.0,GHCN temperate
RSM00025927,1981,100.0,GHCN temperate
RSM00025927,1982,100.0,GHCN temperate
RSM00025927,1983,100.0,GHCN temperate
RSM00025927,1984,100.0,GHCN temperate
RSM00025927,1985,100.0,GHCN temperate
RSM00025927,1986,99.2,GHCN temperate
RSM00025927,1987,99.2,GHCN temperate
RSM00025927,1988,99.2,GHCN temperate
RSM00025927,1989,99.7,GHCN temperate
RSM00025927,1990,99.7,GHCN temperate
RSM00025927,1991,99.7,GHCN temperate
RSM00025927,1992,65.3,GHCN temperate
RSM00025927,1993,43.3,GHCN temperate
RSM00025927,1994,0.0,GHCN temperate
RSM00025927,1995,0.0,GHCN temperate
RSM00025927,1996,97.3,GHCN temperate
RSM00025927,1997,100.0,GHCN temperate
RSM00025927,1998,100.0,GHCN temperate
RSM00025927,1999,100.0,GHCN temperate
RSM00025927,2000,65.6,GHCN temperate
RSM00025927,2001,100.0,GHCN temperate
RSM00025927,2002,100.0,GHCN temperate
RSM00025927,2003,100.0,GHCN temperate
RSM00025927,2004,100.0,GHCN temperate
RSM00025927,2005,100.0,GHCN temperate
RSM00025927,2006,100.0,GHCN temperate
RSM00025927,2007,100.0,GHCN temperate
RSM00025927,2008,98.1,GHCN temperate
RSM00025927,2009,100.0,GHCN temperate
RSM00025927,2010,100.0,GHCN temperate
RSM00025927,2011,100.0,GHCN temperate
RSM00025927,2012,100.0,GHCN temperate
RSM00025927,2013,100.0,GHCN temperate
RSM00025927,2014,99.7,GHCN temperate
RSM00025927,2015,100.0,GHCN temperate
RSM00025927,2016,100.0,GHCN temperate
RSM00025927,2017,99.7,GHCN temperate
RSM00025927,2018,99.7,GHCN temperate
RSM00025927,2019,91.8,GHCN temperate
RSM00025927,2020,88.3,GHCN temperate
RSM00025927,2021,93.7,GHCN temperate
RSM00025927,2022,97.0,GHCN temperate
RSM00025927,2023,90.4,GHCN temperate
RSM00025927,2024,85.8,GHCN temperate
RSM00025927,2025,87.3,GHCN temperate
RSM00026063,1961,100.0,GHCN temperate
RSM00026063,1962,100.0,GHCN temperate
RSM00026063,1963,100.0,GHCN temperate
RSM00026063,1964,100.0,GHCN temperate
RSM00026063,1965,100.0,GHCN temperate
RSM00026063,1966,100.0,GHCN temperate
RSM00026063,1967,100.0,GHCN temperate
RSM00026063,1968,99.7,GHCN temperate
RSM00026063,1969,100.0,GHCN temperate
RSM00026063,1970,100.0,GHCN temperate
RSM00026063,1971,99.5,GHCN temperate
RSM00026063,1972,99.7,GHCN temperate
RSM00026063,1973,99.7,GHCN temperate
RSM00026063,1974,100.0,GHCN temperate
RSM00026063,1975,100.0,GHCN temperate
RSM00026063,1976,99.7,GHCN temperate
RSM00026063,1977,100.0,GHCN temperate
RSM00026063,1978,100.0,GHCN temperate
RSM00026063,1979,99.5,GHCN temperate
RSM00026063,1980,99.7,GHCN temperate
RSM00026063,1981,100.0,GHCN temperate
RSM00026063,1982,100.0,GHCN temperate
RSM00026063,1983,100.0,GHCN temperate
RSM00026063,1984,100.0,GHCN temperate
RSM00026063,1985,100.0,GHCN temperate
RSM00026063,1986,100.0,GHCN temperate
RSM00026063,1987,100.0,GHCN temperate
RSM00026063,1988,100.0,GHCN temperate
RSM00026063,1989,100.0,GHCN temperate
RSM00026063,1990,99.7,GHCN temperate
RSM00026063,1991,99.7,GHCN temperate
RSM00026063,1992,100.0,GHCN temperate
RSM00026063,1993,100.0,GHCN temperate
RSM00026063,1994,100.0,GHCN temperate
RSM00026063,1995,100.0,GHCN temperate
RSM00026063,1996,100.0,GHCN temperate
RSM00026063,1997,100.0,GHCN temperate
RSM00026063,1998,100.0,GHCN temperate
RSM00026063,1999,100.0,GHCN temperate
RSM00026063,2000,100.0,GHCN temperate
RSM00026063,2001,100.0,GHCN temperate
RSM00026063,2002,100.0,GHCN temperate
RSM00026063,2003,100.0,GHCN temperate
RSM00026063,2004,100.0,GHCN temperate
RSM00026063,2005,100.0,GHCN temperate
RSM00026063,2006,100.0,GHCN temperate
RSM00026063,2007,100.0,GHCN temperate
RSM00026063,2008,100.0,GHCN temperate
RSM00026063,2009,100.0,GHCN temperate
RSM00026063,2010,100.0,GHCN temperate
RSM00026063,2011,100.0,GHCN temperate
RSM00026063,2012,100.0,GHCN temperate
RSM00026063,2013,100.0,GHCN temperate
RSM00026063,2014,100.0,GHCN temperate
RSM00026063,2015,100.0,GHCN temperate
RSM00026063,2016,100.0,GHCN temperate
RSM00026063,2017,100.0,GHCN temperate
RSM00026063,2018,100.0,GHCN temperate
RSM00026063,2019,99.2,GHCN temperate
RSM00026063,2020,99.7,GHCN temperate
RSM00026063,2021,98.4,GHCN temperate
RSM00026063,2022,99.2,GHCN temperate
RSM00026063,2023,98.4,GHCN temperate
RSM00026063,2024,95.6,GHCN temperate
RSM00026063,2025,99.2,GHCN temperate
RSM00026359,1961,0.0,GHCN temperate
RSM00026359,1962,0.0,GHCN temperate
RSM00026359,1963,0.0,GHCN temperate
RSM00026359,1964,13.1,GHCN temperate
RSM00026359,1965,42.7,GHCN temperate
RSM00026359,1966,100.0,GHCN temperate
RSM00026359,1967,100.0,GHCN temperate
RSM00026359,1968,100.0,GHCN temperate
RSM00026359,1969,100.0,GHCN temperate
RSM00026359,1970,100.0,GHCN temperate
RSM00026359,1971,100.0,GHCN temperate
RSM00026359,1972,100.0,GHCN temperate
RSM00026359,1973,99.7,GHCN temperate
RSM00026359,1974,99.7,GHCN temperate
RSM00026359,1975,100.0,GHCN temperate
RSM00026359,1976,100.0,GHCN temperate
RSM00026359,1977,100.0,GHCN temperate
RSM00026359,1978,100.0,GHCN temperate
RSM00026359,1979,100.0,GHCN temperate
RSM00026359,1980,100.0,GHCN temperate
RSM00026359,1981,100.0,GHCN temperate
RSM00026359,1982,100.0,GHCN temperate
RSM00026359,1983,100.0,GHCN temperate
RSM00026359,1984,100.0,GHCN temperate
RSM00026359,1985,100.0,GHCN temperate
RSM00026359,1986,100.0,GHCN temperate
RSM00026359,1987,100.0,GHCN temperate
RSM00026359,1988,100.0,GHCN temperate
RSM00026359,1989,100.0,GHCN temperate
RSM00026359,1990,100.0,GHCN temperate
RSM00026359,1991,100.0,GHCN temperate
RSM00026359,1992,100.0,GHCN temperate
RSM00026359,1993,100.0,GHCN temperate
RSM00026359,1994,100.0,GHCN temperate
RSM00026359,1995,99.5,GHCN temperate
RSM00026359,1996,100.0,GHCN temperate
RSM00026359,1997,100.0,GHCN temperate
RSM00026359,1998,100.0,GHCN temperate
RSM00026359,1999,100.0,GHCN temperate
RSM00026359,2000,100.0,GHCN temperate
RSM00026359,2001,100.0,GHCN temperate
RSM00026359,2002,100.0,GHCN temperate
RSM00026359,2003,100.0,GHCN temperate
RSM00026359,2004,100.0,GHCN temperate
RSM00026359,2005,100.0,GHCN temperate
RSM00026359,2006,100.0,GHCN temperate
RSM00026359,2007,100.0,GHCN temperate
RSM00026359,2008,100.0,GHCN temperate
RSM00026359,2009,100.0,GHCN temperate
RSM00026359,2010,100.0,GHCN temperate
RSM00026359,2011,100.0,GHCN temperate
RSM00026359,2012,100.0,GHCN temperate
RSM00026359,2013,100.0,GHCN temperate
RSM00026359,2014,100.0,GHCN temperate
RSM00026359,2015,95.1,GHCN temperate
RSM00026359,2016,97.0,GHCN temperate
RSM00026359,2017,100.0,GHCN temperate
RSM00026359,2018,100.0,GHCN temperate
RSM00026359,2019,99.2,GHCN temperate
RSM00026359,2020,99.5,GHCN temperate
RSM00026359,2021,98.1,GHCN temperate
RSM00026359,2022,99.7,GHCN temperate
RSM00026359,2023,99.2,GHCN temperate
RSM00026359,2024,96.2,GHCN temperate
RSM00026359,2025,97.9,GHCN temperate
RSM00026997,1961,100.0,GHCN temperate
RSM00026997,1962,99.7,GHCN temperate
RSM00026997,1963,100.0,GHCN temperate
RSM00026997,1964,100.0,GHCN temperate
RSM00026997,1965,100.0,GHCN temperate
RSM00026997,1966,95.6,GHCN temperate
RSM00026997,1967,96.7,GHCN temperate
RSM00026997,1968,99.5,GHCN temperate
RSM00026997,1969,99.2,GHCN temperate
RSM00026997,1970,99.5,GHCN temperate
RSM00026997,1971,99.5,GHCN temperate
RSM00026997,1972,100.0,GHCN temperate
RSM00026997,1973,98.9,GHCN temperate
RSM00026997,1974,97.5,GHCN temperate
RSM00026997,1975,97.3,GHCN temperate
RSM00026997,1976,98.9,GHCN temperate
RSM00026997,1977,100.0,GHCN temperate
RSM00026997,1978,100.0,GHCN temperate
RSM00026997,1979,100.0,GHCN temperate
RSM00026997,1980,100.0,GHCN temperate
RSM00026997,1981,100.0,GHCN temperate
RSM00026997,1982,100.0,GHCN temperate
RSM00026997,1983,100.0,GHCN temperate
RSM00026997,1984,100.0,GHCN temperate
RSM00026997,1985,100.0,GHCN temperate
RSM00026997,1986,100.0,GHCN temperate
RSM00026997,1987,100.0,GHCN temperate
RSM00026997,1988,100.0,GHCN temperate
RSM00026997,1989,100.0,GHCN temperate
RSM00026997,1990,100.0,GHCN temperate
RSM00026997,1991,100.0,GHCN temperate
RSM00026997,1992,100.0,GHCN temperate
RSM00026997,1993,100.0,GHCN temperate
RSM00026997,1994,100.0,GHCN temperate
RSM00026997,1995,100.0,GHCN temperate
RSM00026997,1996,100.0,GHCN temperate
RSM00026997,1997,100.0,GHCN temperate
RSM00026997,1998,100.0,GHCN temperate
RSM00026997,1999,100.0,GHCN temperate
RSM00026997,2000,100.0,GHCN temperate
RSM00026997,2001,100.0,GHCN temperate
RSM00026997,2002,100.0,GHCN temperate
RSM00026997,2003,100.0,GHCN temperate
RSM00026997,2004,100.0,GHCN temperate
RSM00026997,2005,100.0,GHCN temperate
RSM00026997,2006,100.0,GHCN temperate
RSM00026997,2007,100.0,GHCN temperate
RSM00026997,2008,100.0,GHCN temperate
RSM00026997,2009,100.0,GHCN temperate
RSM00026997,2010,100.0,GHCN temperate
RSM00026997,2011,100.0,GHCN temperate
RSM00026997,2012,100.0,GHCN temperate
RSM00026997,2013,100.0,GHCN temperate
RSM00026997,2014,100.0,GHCN temperate
RSM00026997,2015,100.0,GHCN temperate
RSM00026997,2016,100.0,GHCN temperate
RSM00026997,2017,100.0,GHCN temperate
RSM00026997,2018,100.0,GHCN temperate
RSM00026997,2019,99.5,GHCN temperate
RSM00026997,2020,99.7,GHCN temperate
RSM00026997,2021,97.8,GHCN temperate
RSM00026997,2022,99.7,GHCN temperate
RSM00026997,2023,99.2,GHCN temperate
RSM00026997,2024,96.2,GHCN temperate
RSM00026997,2025,99.2,GHCN temperate
RSM00027037,1961,100.0,GHCN temperate
RSM00027037,1962,100.0,GHCN temperate
RSM00027037,1963,100.0,GHCN temperate
RSM00027037,1964,100.0,GHCN temperate
RSM00027037,1965,100.0,GHCN temperate
RSM00027037,1966,100.0,GHCN temperate
RSM00027037,1967,100.0,GHCN temperate
RSM00027037,1968,100.0,GHCN temperate
RSM00027037,1969,100.0,GHCN temperate
RSM00027037,1970,100.0,GHCN temperate
RSM00027037,1971,100.0,GHCN temperate
RSM00027037,1972,99.5,GHCN temperate
RSM00027037,1973,99.5,GHCN temperate
RSM00027037,1974,100.0,GHCN temperate
RSM00027037,1975,100.0,GHCN temperate
RSM00027037,1976,100.0,GHCN temperate
RSM00027037,1977,100.0,GHCN temperate
RSM00027037,1978,100.0,GHCN temperate
RSM00027037,1979,100.0,GHCN temperate
RSM00027037,1980,100.0,GHCN temperate
RSM00027037,1981,100.0,GHCN temperate
RSM00027037,1982,100.0,GHCN temperate
RSM00027037,1983,100.0,GHCN temperate
RSM00027037,1984,100.0,GHCN temperate
RSM00027037,1985,100.0,GHCN temperate
RSM00027037,1986,100.0,GHCN temperate
RSM00027037,1987,100.0,GHCN temperate
RSM00027037,1988,100.0,GHCN temperate
RSM00027037,1989,100.0,GHCN temperate
RSM00027037,1990,100.0,GHCN temperate
RSM00027037,1991,100.0,GHCN temperate
RSM00027037,1992,100.0,GHCN temperate
RSM00027037,1993,100.0,GHCN temperate
RSM00027037,1994,100.0,GHCN temperate
RSM00027037,1995,100.0,GHCN temperate
RSM00027037,1996,100.0,GHCN temperate
RSM00027037,1997,100.0,GHCN temperate
RSM00027037,1998,100.0,GHCN temperate
RSM00027037,1999,100.0,GHCN temperate
RSM00027037,2000,100.0,GHCN temperate
RSM00027037,2001,100.0,GHCN temperate
RSM00027037,2002,100.0,GHCN temperate
RSM00027037,2003,100.0,GHCN temperate
RSM00027037,2004,100.0,GHCN temperate
RSM00027037,2005,100.0,GHCN temperate
RSM00027037,2006,100.0,GHCN temperate
RSM00027037,2007,100.0,GHCN temperate
RSM00027037,2008,100.0,GHCN temperate
RSM00027037,2009,100.0,GHCN temperate
RSM00027037,2010,100.0,GHCN temperate
RSM00027037,2011,100.0,GHCN temperate
RSM00027037,2012,100.0,GHCN temperate
RSM00027037,2013,100.0,GHCN temperate
RSM00027037,2014,100.0,GHCN temperate
RSM00027037,2015,100.0,GHCN temperate
RSM00027037,2016,100.0,GHCN temperate
RSM00027037,2017,100.0,GHCN temperate
RSM00027037,2018,100.0,GHCN temperate
RSM00027037,2019,92.9,GHCN temperate
RSM00027037,2020,83.1,GHCN temperate
RSM00027037,2021,84.4,GHCN temperate
RSM00027037,2022,81.9,GHCN temperate
RSM00027037,2023,83.0,GHCN temperate
RSM00027037,2024,85.5,GHCN temperate
RSM00027037,2025,82.2,GHCN temperate
